
Mischpult.elf:     file format elf32-avr

Sections:
Idx Name          Size      VMA       LMA       File off  Algn
  0 .text         00003b08  00000000  00000000  00000094  2**1
                  CONTENTS, ALLOC, LOAD, READONLY, CODE
  1 .data         00000690  00802000  00003b08  00003b9c  2**0
                  CONTENTS, ALLOC, LOAD, DATA
  2 .bss          000006d7  00802690  00802690  0000422c  2**0
                  ALLOC
  3 .comment      00000030  00000000  00000000  0000422c  2**0
                  CONTENTS, READONLY
  4 .note.gnu.avr.deviceinfo 00000040  00000000  00000000  0000425c  2**2
                  CONTENTS, READONLY
  5 .debug_aranges 000003a8  00000000  00000000  0000429c  2**0
                  CONTENTS, READONLY, DEBUGGING
  6 .debug_info   0000c8af  00000000  00000000  00004644  2**0
                  CONTENTS, READONLY, DEBUGGING
  7 .debug_abbrev 000043f5  00000000  00000000  00010ef3  2**0
                  CONTENTS, READONLY, DEBUGGING
  8 .debug_line   00003661  00000000  00000000  000152e8  2**0
                  CONTENTS, READONLY, DEBUGGING
  9 .debug_frame  00000da4  00000000  00000000  0001894c  2**2
                  CONTENTS, READONLY, DEBUGGING
 10 .debug_str    00004cdf  00000000  00000000  000196f0  2**0
                  CONTENTS, READONLY, DEBUGGING
 11 .debug_loc    000048ff  00000000  00000000  0001e3cf  2**0
                  CONTENTS, READONLY, DEBUGGING
 12 .debug_ranges 00000318  00000000  00000000  00022cce  2**0
                  CONTENTS, READONLY, DEBUGGING

Disassembly of section .text:

00000000 <__vectors>:
       0:	33 c1       	rjmp	.+614    	; 0x268 <__ctors_end>
       2:	00 00       	nop
       4:	52 c1       	rjmp	.+676    	; 0x2aa <__bad_interrupt>
       6:	00 00       	nop
       8:	50 c1       	rjmp	.+672    	; 0x2aa <__bad_interrupt>
       a:	00 00       	nop
       c:	4e c1       	rjmp	.+668    	; 0x2aa <__bad_interrupt>
       e:	00 00       	nop
      10:	4c c1       	rjmp	.+664    	; 0x2aa <__bad_interrupt>
      12:	00 00       	nop
      14:	4a c1       	rjmp	.+660    	; 0x2aa <__bad_interrupt>
      16:	00 00       	nop
      18:	0c 94 31 1a 	jmp	0x3462	; 0x3462 <__vector_6>
      1c:	0c 94 59 1a 	jmp	0x34b2	; 0x34b2 <__vector_7>
      20:	44 c1       	rjmp	.+648    	; 0x2aa <__bad_interrupt>
      22:	00 00       	nop
      24:	42 c1       	rjmp	.+644    	; 0x2aa <__bad_interrupt>
      26:	00 00       	nop
      28:	40 c1       	rjmp	.+640    	; 0x2aa <__bad_interrupt>
      2a:	00 00       	nop
      2c:	3e c1       	rjmp	.+636    	; 0x2aa <__bad_interrupt>
      2e:	00 00       	nop
      30:	3c c1       	rjmp	.+632    	; 0x2aa <__bad_interrupt>
      32:	00 00       	nop
      34:	0c 94 f7 19 	jmp	0x33ee	; 0x33ee <__vector_13>
      38:	0c 94 20 1a 	jmp	0x3440	; 0x3440 <__vector_14>
      3c:	36 c1       	rjmp	.+620    	; 0x2aa <__bad_interrupt>
      3e:	00 00       	nop
      40:	34 c1       	rjmp	.+616    	; 0x2aa <__bad_interrupt>
      42:	00 00       	nop
      44:	32 c1       	rjmp	.+612    	; 0x2aa <__bad_interrupt>
      46:	00 00       	nop
      48:	30 c1       	rjmp	.+608    	; 0x2aa <__bad_interrupt>
      4a:	00 00       	nop
      4c:	2e c1       	rjmp	.+604    	; 0x2aa <__bad_interrupt>
      4e:	00 00       	nop
      50:	2c c1       	rjmp	.+600    	; 0x2aa <__bad_interrupt>
      52:	00 00       	nop
      54:	2a c1       	rjmp	.+596    	; 0x2aa <__bad_interrupt>
      56:	00 00       	nop
      58:	28 c1       	rjmp	.+592    	; 0x2aa <__bad_interrupt>
      5a:	00 00       	nop
      5c:	26 c1       	rjmp	.+588    	; 0x2aa <__bad_interrupt>
      5e:	00 00       	nop
      60:	24 c1       	rjmp	.+584    	; 0x2aa <__bad_interrupt>
      62:	00 00       	nop
      64:	22 c1       	rjmp	.+580    	; 0x2aa <__bad_interrupt>
      66:	00 00       	nop
      68:	20 c1       	rjmp	.+576    	; 0x2aa <__bad_interrupt>
      6a:	00 00       	nop
      6c:	1e c1       	rjmp	.+572    	; 0x2aa <__bad_interrupt>
      6e:	00 00       	nop
      70:	0c 94 78 1a 	jmp	0x34f0	; 0x34f0 <__vector_28>
      74:	1a c1       	rjmp	.+564    	; 0x2aa <__bad_interrupt>
      76:	00 00       	nop
      78:	18 c1       	rjmp	.+560    	; 0x2aa <__bad_interrupt>
      7a:	00 00       	nop
      7c:	16 c1       	rjmp	.+556    	; 0x2aa <__bad_interrupt>
      7e:	00 00       	nop
      80:	14 c1       	rjmp	.+552    	; 0x2aa <__bad_interrupt>
      82:	00 00       	nop
      84:	12 c1       	rjmp	.+548    	; 0x2aa <__bad_interrupt>
      86:	00 00       	nop
      88:	10 c1       	rjmp	.+544    	; 0x2aa <__bad_interrupt>
      8a:	00 00       	nop
      8c:	0e c1       	rjmp	.+540    	; 0x2aa <__bad_interrupt>
      8e:	00 00       	nop
      90:	0c c1       	rjmp	.+536    	; 0x2aa <__bad_interrupt>
      92:	00 00       	nop
      94:	0a c1       	rjmp	.+532    	; 0x2aa <__bad_interrupt>
      96:	00 00       	nop
      98:	08 c1       	rjmp	.+528    	; 0x2aa <__bad_interrupt>
      9a:	00 00       	nop
      9c:	06 c1       	rjmp	.+524    	; 0x2aa <__bad_interrupt>
      9e:	00 00       	nop
      a0:	04 c1       	rjmp	.+520    	; 0x2aa <__bad_interrupt>
      a2:	00 00       	nop
      a4:	02 c1       	rjmp	.+516    	; 0x2aa <__bad_interrupt>
      a6:	00 00       	nop
      a8:	00 c1       	rjmp	.+512    	; 0x2aa <__bad_interrupt>
      aa:	00 00       	nop
      ac:	fe c0       	rjmp	.+508    	; 0x2aa <__bad_interrupt>
      ae:	00 00       	nop
      b0:	fc c0       	rjmp	.+504    	; 0x2aa <__bad_interrupt>
      b2:	00 00       	nop
      b4:	fa c0       	rjmp	.+500    	; 0x2aa <__bad_interrupt>
      b6:	00 00       	nop
      b8:	0c 94 ce 19 	jmp	0x339c	; 0x339c <__vector_46>
      bc:	f6 c0       	rjmp	.+492    	; 0x2aa <__bad_interrupt>
      be:	00 00       	nop
      c0:	f4 c0       	rjmp	.+488    	; 0x2aa <__bad_interrupt>
      c2:	00 00       	nop
      c4:	f2 c0       	rjmp	.+484    	; 0x2aa <__bad_interrupt>
      c6:	00 00       	nop
      c8:	f0 c0       	rjmp	.+480    	; 0x2aa <__bad_interrupt>
      ca:	00 00       	nop
      cc:	ee c0       	rjmp	.+476    	; 0x2aa <__bad_interrupt>
      ce:	00 00       	nop
      d0:	ec c0       	rjmp	.+472    	; 0x2aa <__bad_interrupt>
      d2:	00 00       	nop
      d4:	ea c0       	rjmp	.+468    	; 0x2aa <__bad_interrupt>
      d6:	00 00       	nop
      d8:	e8 c0       	rjmp	.+464    	; 0x2aa <__bad_interrupt>
      da:	00 00       	nop
      dc:	e6 c0       	rjmp	.+460    	; 0x2aa <__bad_interrupt>
      de:	00 00       	nop
      e0:	e4 c0       	rjmp	.+456    	; 0x2aa <__bad_interrupt>
      e2:	00 00       	nop
      e4:	e2 c0       	rjmp	.+452    	; 0x2aa <__bad_interrupt>
      e6:	00 00       	nop
      e8:	e0 c0       	rjmp	.+448    	; 0x2aa <__bad_interrupt>
      ea:	00 00       	nop
      ec:	de c0       	rjmp	.+444    	; 0x2aa <__bad_interrupt>
      ee:	00 00       	nop
      f0:	dc c0       	rjmp	.+440    	; 0x2aa <__bad_interrupt>
      f2:	00 00       	nop
      f4:	da c0       	rjmp	.+436    	; 0x2aa <__bad_interrupt>
      f6:	00 00       	nop
      f8:	d8 c0       	rjmp	.+432    	; 0x2aa <__bad_interrupt>
      fa:	00 00       	nop
      fc:	d6 c0       	rjmp	.+428    	; 0x2aa <__bad_interrupt>
      fe:	00 00       	nop
     100:	d4 c0       	rjmp	.+424    	; 0x2aa <__bad_interrupt>
     102:	00 00       	nop
     104:	d2 c0       	rjmp	.+420    	; 0x2aa <__bad_interrupt>
     106:	00 00       	nop
     108:	d0 c0       	rjmp	.+416    	; 0x2aa <__bad_interrupt>
     10a:	00 00       	nop
     10c:	ce c0       	rjmp	.+412    	; 0x2aa <__bad_interrupt>
     10e:	00 00       	nop
     110:	cc c0       	rjmp	.+408    	; 0x2aa <__bad_interrupt>
     112:	00 00       	nop
     114:	ca c0       	rjmp	.+404    	; 0x2aa <__bad_interrupt>
     116:	00 00       	nop
     118:	c8 c0       	rjmp	.+400    	; 0x2aa <__bad_interrupt>
     11a:	00 00       	nop
     11c:	c6 c0       	rjmp	.+396    	; 0x2aa <__bad_interrupt>
     11e:	00 00       	nop
     120:	c4 c0       	rjmp	.+392    	; 0x2aa <__bad_interrupt>
     122:	00 00       	nop
     124:	c2 c0       	rjmp	.+388    	; 0x2aa <__bad_interrupt>
     126:	00 00       	nop
     128:	c0 c0       	rjmp	.+384    	; 0x2aa <__bad_interrupt>
     12a:	00 00       	nop
     12c:	be c0       	rjmp	.+380    	; 0x2aa <__bad_interrupt>
     12e:	00 00       	nop
     130:	bc c0       	rjmp	.+376    	; 0x2aa <__bad_interrupt>
     132:	00 00       	nop
     134:	ba c0       	rjmp	.+372    	; 0x2aa <__bad_interrupt>
     136:	00 00       	nop
     138:	b8 c0       	rjmp	.+368    	; 0x2aa <__bad_interrupt>
     13a:	00 00       	nop
     13c:	b6 c0       	rjmp	.+364    	; 0x2aa <__bad_interrupt>
     13e:	00 00       	nop
     140:	b4 c0       	rjmp	.+360    	; 0x2aa <__bad_interrupt>
     142:	00 00       	nop
     144:	b2 c0       	rjmp	.+356    	; 0x2aa <__bad_interrupt>
     146:	00 00       	nop
     148:	b0 c0       	rjmp	.+352    	; 0x2aa <__bad_interrupt>
     14a:	00 00       	nop
     14c:	ae c0       	rjmp	.+348    	; 0x2aa <__bad_interrupt>
     14e:	00 00       	nop
     150:	ac c0       	rjmp	.+344    	; 0x2aa <__bad_interrupt>
     152:	00 00       	nop
     154:	aa c0       	rjmp	.+340    	; 0x2aa <__bad_interrupt>
     156:	00 00       	nop
     158:	a8 c0       	rjmp	.+336    	; 0x2aa <__bad_interrupt>
     15a:	00 00       	nop
     15c:	a6 c0       	rjmp	.+332    	; 0x2aa <__bad_interrupt>
     15e:	00 00       	nop
     160:	a4 c0       	rjmp	.+328    	; 0x2aa <__bad_interrupt>
     162:	00 00       	nop
     164:	a2 c0       	rjmp	.+324    	; 0x2aa <__bad_interrupt>
     166:	00 00       	nop
     168:	a0 c0       	rjmp	.+320    	; 0x2aa <__bad_interrupt>
     16a:	00 00       	nop
     16c:	9e c0       	rjmp	.+316    	; 0x2aa <__bad_interrupt>
     16e:	00 00       	nop
     170:	9c c0       	rjmp	.+312    	; 0x2aa <__bad_interrupt>
     172:	00 00       	nop
     174:	9a c0       	rjmp	.+308    	; 0x2aa <__bad_interrupt>
     176:	00 00       	nop
     178:	98 c0       	rjmp	.+304    	; 0x2aa <__bad_interrupt>
     17a:	00 00       	nop
     17c:	96 c0       	rjmp	.+300    	; 0x2aa <__bad_interrupt>
     17e:	00 00       	nop
     180:	94 c0       	rjmp	.+296    	; 0x2aa <__bad_interrupt>
     182:	00 00       	nop
     184:	92 c0       	rjmp	.+292    	; 0x2aa <__bad_interrupt>
     186:	00 00       	nop
     188:	90 c0       	rjmp	.+288    	; 0x2aa <__bad_interrupt>
     18a:	00 00       	nop
     18c:	8e c0       	rjmp	.+284    	; 0x2aa <__bad_interrupt>
     18e:	00 00       	nop
     190:	8c c0       	rjmp	.+280    	; 0x2aa <__bad_interrupt>
     192:	00 00       	nop
     194:	8a c0       	rjmp	.+276    	; 0x2aa <__bad_interrupt>
     196:	00 00       	nop
     198:	88 c0       	rjmp	.+272    	; 0x2aa <__bad_interrupt>
     19a:	00 00       	nop
     19c:	86 c0       	rjmp	.+268    	; 0x2aa <__bad_interrupt>
     19e:	00 00       	nop
     1a0:	84 c0       	rjmp	.+264    	; 0x2aa <__bad_interrupt>
     1a2:	00 00       	nop
     1a4:	82 c0       	rjmp	.+260    	; 0x2aa <__bad_interrupt>
     1a6:	00 00       	nop
     1a8:	80 c0       	rjmp	.+256    	; 0x2aa <__bad_interrupt>
     1aa:	00 00       	nop
     1ac:	7e c0       	rjmp	.+252    	; 0x2aa <__bad_interrupt>
     1ae:	00 00       	nop
     1b0:	7c c0       	rjmp	.+248    	; 0x2aa <__bad_interrupt>
     1b2:	00 00       	nop
     1b4:	7a c0       	rjmp	.+244    	; 0x2aa <__bad_interrupt>
     1b6:	00 00       	nop
     1b8:	78 c0       	rjmp	.+240    	; 0x2aa <__bad_interrupt>
     1ba:	00 00       	nop
     1bc:	76 c0       	rjmp	.+236    	; 0x2aa <__bad_interrupt>
     1be:	00 00       	nop
     1c0:	74 c0       	rjmp	.+232    	; 0x2aa <__bad_interrupt>
     1c2:	00 00       	nop
     1c4:	72 c0       	rjmp	.+228    	; 0x2aa <__bad_interrupt>
     1c6:	00 00       	nop
     1c8:	70 c0       	rjmp	.+224    	; 0x2aa <__bad_interrupt>
     1ca:	00 00       	nop
     1cc:	6e c0       	rjmp	.+220    	; 0x2aa <__bad_interrupt>
     1ce:	00 00       	nop
     1d0:	6c c0       	rjmp	.+216    	; 0x2aa <__bad_interrupt>
     1d2:	00 00       	nop
     1d4:	6a c0       	rjmp	.+212    	; 0x2aa <__bad_interrupt>
     1d6:	00 00       	nop
     1d8:	68 c0       	rjmp	.+208    	; 0x2aa <__bad_interrupt>
     1da:	00 00       	nop
     1dc:	66 c0       	rjmp	.+204    	; 0x2aa <__bad_interrupt>
     1de:	00 00       	nop
     1e0:	64 c0       	rjmp	.+200    	; 0x2aa <__bad_interrupt>
     1e2:	00 00       	nop
     1e4:	62 c0       	rjmp	.+196    	; 0x2aa <__bad_interrupt>
     1e6:	00 00       	nop
     1e8:	60 c0       	rjmp	.+192    	; 0x2aa <__bad_interrupt>
     1ea:	00 00       	nop
     1ec:	5e c0       	rjmp	.+188    	; 0x2aa <__bad_interrupt>
     1ee:	00 00       	nop
     1f0:	5c c0       	rjmp	.+184    	; 0x2aa <__bad_interrupt>
     1f2:	00 00       	nop
     1f4:	5a c0       	rjmp	.+180    	; 0x2aa <__bad_interrupt>
     1f6:	00 00       	nop
     1f8:	58 c0       	rjmp	.+176    	; 0x2aa <__bad_interrupt>
     1fa:	00 00       	nop
     1fc:	e9 02       	muls	r30, r25
     1fe:	f0 02       	muls	r31, r16
     200:	f3 02       	muls	r31, r19
     202:	8e 03       	fmulsu	r16, r22
     204:	8e 03       	fmulsu	r16, r22
     206:	f6 02       	muls	r31, r22
     208:	8e 03       	fmulsu	r16, r22
     20a:	8e 03       	fmulsu	r16, r22
     20c:	8e 03       	fmulsu	r16, r22
     20e:	8e 03       	fmulsu	r16, r22
     210:	fc 02       	muls	r31, r28
     212:	04 03       	mulsu	r16, r20
     214:	0c 03       	fmul	r16, r20
     216:	14 03       	mulsu	r17, r20
     218:	1c 03       	fmul	r17, r20
     21a:	8e 03       	fmulsu	r16, r22
     21c:	8e 03       	fmulsu	r16, r22
     21e:	8e 03       	fmulsu	r16, r22
     220:	8e 03       	fmulsu	r16, r22
     222:	8e 03       	fmulsu	r16, r22
     224:	24 03       	mulsu	r18, r20
     226:	27 03       	mulsu	r18, r23
     228:	2a 03       	fmul	r18, r18
     22a:	8e 03       	fmulsu	r16, r22
     22c:	8e 03       	fmulsu	r16, r22
     22e:	8e 03       	fmulsu	r16, r22
     230:	8e 03       	fmulsu	r16, r22
     232:	8e 03       	fmulsu	r16, r22
     234:	8e 03       	fmulsu	r16, r22
     236:	8e 03       	fmulsu	r16, r22
     238:	2d 03       	fmul	r18, r21
     23a:	36 03       	mulsu	r19, r22
     23c:	3f 03       	fmul	r19, r23
     23e:	8e 03       	fmulsu	r16, r22
     240:	49 03       	fmul	r20, r17
     242:	52 03       	mulsu	r21, r18
     244:	54 03       	mulsu	r21, r20
     246:	56 03       	mulsu	r21, r22
     248:	8e 03       	fmulsu	r16, r22
     24a:	8e 03       	fmulsu	r16, r22
     24c:	8e 03       	fmulsu	r16, r22
     24e:	8e 03       	fmulsu	r16, r22
     250:	8e 03       	fmulsu	r16, r22
     252:	58 03       	fmul	r21, r16
     254:	5f 03       	fmul	r21, r23
     256:	66 03       	mulsu	r22, r22
     258:	6d 03       	fmul	r22, r21
     25a:	74 03       	mulsu	r23, r20
     25c:	79 03       	fmul	r23, r17
     25e:	7e 03       	fmul	r23, r22
     260:	83 03       	fmuls	r16, r19
     262:	8e 03       	fmulsu	r16, r22
     264:	88 03       	fmulsu	r16, r16
     266:	8c 03       	fmulsu	r16, r20

00000268 <__ctors_end>:
     268:	11 24       	eor	r1, r1
     26a:	1f be       	out	0x3f, r1	; 63
     26c:	cf ef       	ldi	r28, 0xFF	; 255
     26e:	cd bf       	out	0x3d, r28	; 61
     270:	df e5       	ldi	r29, 0x5F	; 95
     272:	de bf       	out	0x3e, r29	; 62
     274:	00 e0       	ldi	r16, 0x00	; 0
     276:	0c bf       	out	0x3c, r16	; 60

00000278 <__do_copy_data>:
     278:	16 e2       	ldi	r17, 0x26	; 38
     27a:	a0 e0       	ldi	r26, 0x00	; 0
     27c:	b0 e2       	ldi	r27, 0x20	; 32
     27e:	e8 e0       	ldi	r30, 0x08	; 8
     280:	fb e3       	ldi	r31, 0x3B	; 59
     282:	00 e0       	ldi	r16, 0x00	; 0
     284:	0b bf       	out	0x3b, r16	; 59
     286:	02 c0       	rjmp	.+4      	; 0x28c <__do_copy_data+0x14>
     288:	07 90       	elpm	r0, Z+
     28a:	0d 92       	st	X+, r0
     28c:	a0 39       	cpi	r26, 0x90	; 144
     28e:	b1 07       	cpc	r27, r17
     290:	d9 f7       	brne	.-10     	; 0x288 <__do_copy_data+0x10>

00000292 <__do_clear_bss>:
     292:	2d e2       	ldi	r18, 0x2D	; 45
     294:	a0 e9       	ldi	r26, 0x90	; 144
     296:	b6 e2       	ldi	r27, 0x26	; 38
     298:	01 c0       	rjmp	.+2      	; 0x29c <.do_clear_bss_start>

0000029a <.do_clear_bss_loop>:
     29a:	1d 92       	st	X+, r1

0000029c <.do_clear_bss_start>:
     29c:	a7 36       	cpi	r26, 0x67	; 103
     29e:	b2 07       	cpc	r27, r18
     2a0:	e1 f7       	brne	.-8      	; 0x29a <.do_clear_bss_loop>
     2a2:	0e 94 f2 18 	call	0x31e4	; 0x31e4 <main>
     2a6:	0c 94 82 1d 	jmp	0x3b04	; 0x3b04 <_exit>

000002aa <__bad_interrupt>:
     2aa:	aa ce       	rjmp	.-684    	; 0x0 <__vectors>

000002ac <ADCA_init>:
unsigned char max_bits=BYTES;  // max. number

void ADCA_init()
{
	//Set ADC to 8 Bit Resolution
	ADCA.CTRLB = ADC_RESOLUTION_8BIT_gc;
     2ac:	e0 e0       	ldi	r30, 0x00	; 0
     2ae:	f2 e0       	ldi	r31, 0x02	; 2
     2b0:	84 e0       	ldi	r24, 0x04	; 4
     2b2:	81 83       	std	Z+1, r24	; 0x01
	//Use AREF of PORTA as Reference Voltage
	ADCA.REFCTRL = ADC_REFSEL_INT1V_gc | 0x02;
     2b4:	82 e0       	ldi	r24, 0x02	; 2
     2b6:	82 83       	std	Z+2, r24	; 0x02
	//Divide system clock by 256 = 125kHz ADC clock
	ADCA.PRESCALER = ADC_PRESCALER_DIV512_gc;
     2b8:	87 e0       	ldi	r24, 0x07	; 7
     2ba:	84 83       	std	Z+4, r24	; 0x04
	//Enable ADCA
	ADCA.CTRLA = ADC_ENABLE_bm;
     2bc:	81 e0       	ldi	r24, 0x01	; 1
     2be:	80 83       	st	Z, r24
     2c0:	08 95       	ret

000002c2 <ADCA_Conversion>:
}

unsigned int ADCA_Conversion(ADC_CH_t *Channel, char Pin)
{
     2c2:	fc 01       	movw	r30, r24
	//Configure channel to single ended mode
	Channel->CTRL = ADC_CH_INPUTMODE_SINGLEENDED_gc;
     2c4:	81 e0       	ldi	r24, 0x01	; 1
     2c6:	80 83       	st	Z, r24
	//Select the wanted input pin
	Channel->MUXCTRL = (Pin << 3);
     2c8:	66 0f       	add	r22, r22
     2ca:	66 0f       	add	r22, r22
     2cc:	66 0f       	add	r22, r22
     2ce:	61 83       	std	Z+1, r22	; 0x01
	//Start a conversion
	Channel->CTRL |= ADC_CH_START_bm;
     2d0:	80 81       	ld	r24, Z
     2d2:	80 68       	ori	r24, 0x80	; 128
     2d4:	80 83       	st	Z, r24
	//Wait until conversion has finished
	while(!Channel->INTFLAGS);
     2d6:	93 81       	ldd	r25, Z+3	; 0x03
     2d8:	99 23       	and	r25, r25
     2da:	e9 f3       	breq	.-6      	; 0x2d6 <ADCA_Conversion+0x14>
	//Clear interupt flag by hand
	Channel->INTFLAGS = ADC_CH_CHIF_bm;
     2dc:	81 e0       	ldi	r24, 0x01	; 1
     2de:	83 83       	std	Z+3, r24	; 0x03
	//Return result of conversion
	return Channel->RES;
     2e0:	84 81       	ldd	r24, Z+4	; 0x04
     2e2:	95 81       	ldd	r25, Z+5	; 0x05
}
     2e4:	08 95       	ret

000002e6 <eDIP_command6>:
		buf[3+i]=*string++;
	}
	buf[3+i]=0; //Close string
	
	return send_Command(buf, length+3);	//3 is aggredated, because 3 bytes added additionally
}
     2e6:	af 92       	push	r10
     2e8:	cf 92       	push	r12
     2ea:	ef 92       	push	r14
     2ec:	0f 93       	push	r16
     2ee:	cf 93       	push	r28
     2f0:	df 93       	push	r29
     2f2:	cd b7       	in	r28, 0x3d	; 61
     2f4:	de b7       	in	r29, 0x3e	; 62
     2f6:	29 97       	sbiw	r28, 0x09	; 9
     2f8:	cd bf       	out	0x3d, r28	; 61
     2fa:	de bf       	out	0x3e, r29	; 62
     2fc:	3b e1       	ldi	r19, 0x1B	; 27
     2fe:	39 83       	std	Y+1, r19	; 0x01
     300:	fc 01       	movw	r30, r24
     302:	30 81       	ld	r19, Z
     304:	3a 83       	std	Y+2, r19	; 0x02
     306:	81 81       	ldd	r24, Z+1	; 0x01
     308:	8b 83       	std	Y+3, r24	; 0x03
     30a:	6c 83       	std	Y+4, r22	; 0x04
     30c:	4d 83       	std	Y+5, r20	; 0x05
     30e:	2e 83       	std	Y+6, r18	; 0x06
     310:	0f 83       	std	Y+7, r16	; 0x07
     312:	e8 86       	std	Y+8, r14	; 0x08
     314:	c9 86       	std	Y+9, r12	; 0x09
     316:	63 e0       	ldi	r22, 0x03	; 3
     318:	6a 0d       	add	r22, r10
     31a:	ce 01       	movw	r24, r28
     31c:	01 96       	adiw	r24, 0x01	; 1
     31e:	0e 94 1f 1c 	call	0x383e	; 0x383e <send_Command>
     322:	29 96       	adiw	r28, 0x09	; 9
     324:	cd bf       	out	0x3d, r28	; 61
     326:	de bf       	out	0x3e, r29	; 62
     328:	df 91       	pop	r29
     32a:	cf 91       	pop	r28
     32c:	0f 91       	pop	r16
     32e:	ef 90       	pop	r14
     330:	cf 90       	pop	r12
     332:	af 90       	pop	r10
     334:	08 95       	ret

00000336 <eDIP_string>:
     336:	0f 93       	push	r16
     338:	cf 93       	push	r28
     33a:	df 93       	push	r29
     33c:	cd b7       	in	r28, 0x3d	; 61
     33e:	de b7       	in	r29, 0x3e	; 62
     340:	e8 97       	sbiw	r28, 0x38	; 56
     342:	cd bf       	out	0x3d, r28	; 61
     344:	de bf       	out	0x3e, r29	; 62
     346:	eb e1       	ldi	r30, 0x1B	; 27
     348:	e9 83       	std	Y+1, r30	; 0x01
     34a:	dc 01       	movw	r26, r24
     34c:	ec 91       	ld	r30, X
     34e:	ea 83       	std	Y+2, r30	; 0x02
     350:	11 96       	adiw	r26, 0x01	; 1
     352:	8c 91       	ld	r24, X
     354:	8b 83       	std	Y+3, r24	; 0x03
     356:	6c 83       	std	Y+4, r22	; 0x04
     358:	7d 83       	std	Y+5, r23	; 0x05
     35a:	4e 83       	std	Y+6, r20	; 0x06
     35c:	5f 83       	std	Y+7, r21	; 0x07
     35e:	60 2f       	mov	r22, r16
     360:	01 33       	cpi	r16, 0x31	; 49
     362:	08 f0       	brcs	.+2      	; 0x366 <eDIP_string+0x30>
     364:	60 e3       	ldi	r22, 0x30	; 48
     366:	66 23       	and	r22, r22
     368:	91 f0       	breq	.+36     	; 0x38e <eDIP_string+0x58>
     36a:	a2 2f       	mov	r26, r18
     36c:	b3 2f       	mov	r27, r19
     36e:	fe 01       	movw	r30, r28
     370:	38 96       	adiw	r30, 0x08	; 8
     372:	8f ef       	ldi	r24, 0xFF	; 255
     374:	86 0f       	add	r24, r22
     376:	9e 01       	movw	r18, r28
     378:	28 0f       	add	r18, r24
     37a:	31 1d       	adc	r19, r1
     37c:	27 5f       	subi	r18, 0xF7	; 247
     37e:	3f 4f       	sbci	r19, 0xFF	; 255
     380:	8d 91       	ld	r24, X+
     382:	81 93       	st	Z+, r24
     384:	e2 17       	cp	r30, r18
     386:	f3 07       	cpc	r31, r19
     388:	d9 f7       	brne	.-10     	; 0x380 <eDIP_string+0x4a>
     38a:	86 2f       	mov	r24, r22
     38c:	01 c0       	rjmp	.+2      	; 0x390 <eDIP_string+0x5a>
     38e:	86 2f       	mov	r24, r22
     390:	fe 01       	movw	r30, r28
     392:	e8 0f       	add	r30, r24
     394:	f1 1d       	adc	r31, r1
     396:	10 86       	std	Z+8, r1	; 0x08
     398:	68 5f       	subi	r22, 0xF8	; 248
     39a:	ce 01       	movw	r24, r28
     39c:	01 96       	adiw	r24, 0x01	; 1
     39e:	0e 94 1f 1c 	call	0x383e	; 0x383e <send_Command>
     3a2:	e8 96       	adiw	r28, 0x38	; 56
     3a4:	cd bf       	out	0x3d, r28	; 61
     3a6:	de bf       	out	0x3e, r29	; 62
     3a8:	df 91       	pop	r29
     3aa:	cf 91       	pop	r28
     3ac:	0f 91       	pop	r16
     3ae:	08 95       	ret

000003b0 <eDIP_draw>:
Output:		Bool (true if ACK received, false if transfer failed)
Discription:drawing something on display, this is an
			internal function, use definitions (macros)
============================================================================*/
_Bool eDIP_draw(const char * data, unsigned int x1, unsigned int y1, unsigned int x2, unsigned int y2, unsigned int x3, unsigned int y3, unsigned char parameters)
{
     3b0:	af 92       	push	r10
     3b2:	cf 92       	push	r12
     3b4:	df 92       	push	r13
     3b6:	ef 92       	push	r14
     3b8:	ff 92       	push	r15
     3ba:	0f 93       	push	r16
     3bc:	1f 93       	push	r17
     3be:	cf 93       	push	r28
     3c0:	df 93       	push	r29
     3c2:	cd b7       	in	r28, 0x3d	; 61
     3c4:	de b7       	in	r29, 0x3e	; 62
     3c6:	2f 97       	sbiw	r28, 0x0f	; 15
     3c8:	cd bf       	out	0x3d, r28	; 61
     3ca:	de bf       	out	0x3e, r29	; 62
	unsigned char buf[15];

	buf[0]=ESC;
     3cc:	eb e1       	ldi	r30, 0x1B	; 27
     3ce:	e9 83       	std	Y+1, r30	; 0x01
	buf[1]=*data++;
     3d0:	dc 01       	movw	r26, r24
     3d2:	ec 91       	ld	r30, X
     3d4:	ea 83       	std	Y+2, r30	; 0x02
	buf[2]=*data;
     3d6:	11 96       	adiw	r26, 0x01	; 1
     3d8:	8c 91       	ld	r24, X
     3da:	8b 83       	std	Y+3, r24	; 0x03
	buf[3]=x1&0x00FF;
     3dc:	6c 83       	std	Y+4, r22	; 0x04
	buf[4]=(x1>>8)&0x00FF;
     3de:	7d 83       	std	Y+5, r23	; 0x05
	buf[5]=y1&0x00FF;
     3e0:	4e 83       	std	Y+6, r20	; 0x06
	buf[6]=(y1>>8)&0x00FF;
     3e2:	5f 83       	std	Y+7, r21	; 0x07
	buf[7]=x2&0x00FF;
     3e4:	28 87       	std	Y+8, r18	; 0x08
	buf[8]=(x2>>8)&0x00FF;
     3e6:	39 87       	std	Y+9, r19	; 0x09
	buf[9]=y2&0x00FF;
     3e8:	0a 87       	std	Y+10, r16	; 0x0a
	buf[10]=(y2>>8)&0x00FF;
     3ea:	1b 87       	std	Y+11, r17	; 0x0b
	buf[11]=x3&0x00FF;
     3ec:	ec 86       	std	Y+12, r14	; 0x0c
	buf[12]=(x3>>8)&0x00FF;
     3ee:	fd 86       	std	Y+13, r15	; 0x0d
	buf[13]=y3&0x00FF;
     3f0:	ce 86       	std	Y+14, r12	; 0x0e
	buf[14]=(y3>>8)&0x00FF;
     3f2:	df 86       	std	Y+15, r13	; 0x0f
	
		
	return send_Command(buf, parameters+3);	//3 is aggredated, because 3 bytes added additionally
     3f4:	63 e0       	ldi	r22, 0x03	; 3
     3f6:	6a 0d       	add	r22, r10
     3f8:	ce 01       	movw	r24, r28
     3fa:	01 96       	adiw	r24, 0x01	; 1
     3fc:	0e 94 1f 1c 	call	0x383e	; 0x383e <send_Command>
}
     400:	2f 96       	adiw	r28, 0x0f	; 15
     402:	cd bf       	out	0x3d, r28	; 61
     404:	de bf       	out	0x3e, r29	; 62
     406:	df 91       	pop	r29
     408:	cf 91       	pop	r28
     40a:	1f 91       	pop	r17
     40c:	0f 91       	pop	r16
     40e:	ff 90       	pop	r15
     410:	ef 90       	pop	r14
     412:	df 90       	pop	r13
     414:	cf 90       	pop	r12
     416:	af 90       	pop	r10
     418:	08 95       	ret

0000041a <eDIP_bargraph>:
Input:		* uchar data, uint x1, y1, x2, y2, x3, y3, uchar nr, sv, ev, type
Output:		Bool (true if ACK received, false if transfer failed)
Discription:bargraph, this is an internal function, use definitions (macros)
============================================================================*/
_Bool eDIP_bargraph(const char * data, unsigned char nr, unsigned int x1, unsigned int y1, unsigned int x2, unsigned int y2, unsigned char sv, unsigned char ev, unsigned char type, unsigned char mst)
{
     41a:	8f 92       	push	r8
     41c:	af 92       	push	r10
     41e:	cf 92       	push	r12
     420:	ef 92       	push	r14
     422:	ff 92       	push	r15
     424:	0f 93       	push	r16
     426:	1f 93       	push	r17
     428:	cf 93       	push	r28
     42a:	df 93       	push	r29
     42c:	cd b7       	in	r28, 0x3d	; 61
     42e:	de b7       	in	r29, 0x3e	; 62
     430:	60 97       	sbiw	r28, 0x10	; 16
     432:	cd bf       	out	0x3d, r28	; 61
     434:	de bf       	out	0x3e, r29	; 62
	unsigned char buf[16];

	buf[0]=ESC;
     436:	7b e1       	ldi	r23, 0x1B	; 27
     438:	79 83       	std	Y+1, r23	; 0x01
	buf[1]=*data++;
     43a:	fc 01       	movw	r30, r24
     43c:	70 81       	ld	r23, Z
     43e:	7a 83       	std	Y+2, r23	; 0x02
	buf[2]=*data;
     440:	81 81       	ldd	r24, Z+1	; 0x01
     442:	8b 83       	std	Y+3, r24	; 0x03
	buf[3]=nr;	
     444:	6c 83       	std	Y+4, r22	; 0x04
	buf[4]=x1&0x00FF;		//xstart low-byte
     446:	4d 83       	std	Y+5, r20	; 0x05
	buf[5]=(x1>>8)&0x00FF;	//xstart high-byte
     448:	5e 83       	std	Y+6, r21	; 0x06
	buf[6]=y1&0x00FF;		//ystart low-byte
     44a:	2f 83       	std	Y+7, r18	; 0x07
	buf[7]=(y1>>8)&0x00FF;	//ystart high-byte
     44c:	38 87       	std	Y+8, r19	; 0x08
	buf[8]=x2&0x00FF;		//xend low-byte
     44e:	09 87       	std	Y+9, r16	; 0x09
	buf[9]=(x2>>8)&0x00FF;	//xend high-byte
     450:	1a 87       	std	Y+10, r17	; 0x0a
	buf[10]=y2&0x00FF;		//yend low-byte
     452:	eb 86       	std	Y+11, r14	; 0x0b
	buf[11]=(y2>>8)&0x00FF;	//yend high-byte
     454:	fc 86       	std	Y+12, r15	; 0x0c
	buf[12]=sv;
     456:	cd 86       	std	Y+13, r12	; 0x0d
	buf[13]=ev;
     458:	ae 86       	std	Y+14, r10	; 0x0e
	buf[14]=type;
     45a:	8f 86       	std	Y+15, r8	; 0x0f
	buf[15]=mst;
     45c:	8d 8d       	ldd	r24, Y+29	; 0x1d
     45e:	88 8b       	std	Y+16, r24	; 0x10
		
	return send_Command(buf, 16);	
     460:	60 e1       	ldi	r22, 0x10	; 16
     462:	ce 01       	movw	r24, r28
     464:	01 96       	adiw	r24, 0x01	; 1
     466:	0e 94 1f 1c 	call	0x383e	; 0x383e <send_Command>
}
     46a:	60 96       	adiw	r28, 0x10	; 16
     46c:	cd bf       	out	0x3d, r28	; 61
     46e:	de bf       	out	0x3e, r29	; 62
     470:	df 91       	pop	r29
     472:	cf 91       	pop	r28
     474:	1f 91       	pop	r17
     476:	0f 91       	pop	r16
     478:	ff 90       	pop	r15
     47a:	ef 90       	pop	r14
     47c:	cf 90       	pop	r12
     47e:	af 90       	pop	r10
     480:	8f 90       	pop	r8
     482:	08 95       	ret

00000484 <eDIP_touch1>:
Output:		Bool (true if ACK received, false if transfer failed)
Discription:define touch area, this is an internal function, 
			use definitions (macros)
============================================================================*/
_Bool eDIP_touch1(const char * data, unsigned int x1, unsigned int y1, unsigned int x2, unsigned int y2, unsigned char dc, unsigned char uc, const char * string, unsigned char length)
{
     484:	8f 92       	push	r8
     486:	af 92       	push	r10
     488:	bf 92       	push	r11
     48a:	cf 92       	push	r12
     48c:	ef 92       	push	r14
     48e:	0f 93       	push	r16
     490:	1f 93       	push	r17
     492:	cf 93       	push	r28
     494:	df 93       	push	r29
     496:	cd b7       	in	r28, 0x3d	; 61
     498:	de b7       	in	r29, 0x3e	; 62
     49a:	ee 97       	sbiw	r28, 0x3e	; 62
     49c:	cd bf       	out	0x3d, r28	; 61
     49e:	de bf       	out	0x3e, r29	; 62
	unsigned char buf[14+MAX_STRING];	//MAX_STring is definied in display.h
										//the 14 is aggregated, because of 14 bytes that are needed
										//additionally
	unsigned char i=0;
	buf[0]=ESC;
     4a0:	eb e1       	ldi	r30, 0x1B	; 27
     4a2:	e9 83       	std	Y+1, r30	; 0x01
	buf[1]=*data++;
     4a4:	dc 01       	movw	r26, r24
     4a6:	ec 91       	ld	r30, X
     4a8:	ea 83       	std	Y+2, r30	; 0x02
	buf[2]=*data;
     4aa:	11 96       	adiw	r26, 0x01	; 1
     4ac:	8c 91       	ld	r24, X
     4ae:	8b 83       	std	Y+3, r24	; 0x03
	buf[3]=x1&0x00FF;		//xstart low-byte
     4b0:	6c 83       	std	Y+4, r22	; 0x04
	buf[4]=(x1>>8)&0x00FF;	//xstart high-byte
     4b2:	7d 83       	std	Y+5, r23	; 0x05
	buf[5]=y1&0x00FF;		//ystart low-byte
     4b4:	4e 83       	std	Y+6, r20	; 0x06
	buf[6]=(y1>>8)&0x00FF;	//ystart high-byte
     4b6:	5f 83       	std	Y+7, r21	; 0x07
	buf[7]=x2&0x00FF;		//xend low-byte
     4b8:	28 87       	std	Y+8, r18	; 0x08
	buf[8]=(x2>>8)&0x00FF;	//xend high-byte
     4ba:	39 87       	std	Y+9, r19	; 0x09
	buf[9]=y2&0x00FF;		//yend low-byte
     4bc:	0a 87       	std	Y+10, r16	; 0x0a
	buf[10]=(y2>>8)&0x00FF;	//yend high-byte
     4be:	1b 87       	std	Y+11, r17	; 0x0b
	buf[11]=dc;				//downcode
     4c0:	ec 86       	std	Y+12, r14	; 0x0c
	buf[12]=uc;				//upcode
     4c2:	cd 86       	std	Y+13, r12	; 0x0d
     4c4:	68 2d       	mov	r22, r8
     4c6:	61 33       	cpi	r22, 0x31	; 49
     4c8:	08 f0       	brcs	.+2      	; 0x4cc <eDIP_touch1+0x48>
     4ca:	60 e3       	ldi	r22, 0x30	; 48
	
	if(length>MAX_STRING)
	 length=MAX_STRING;
	 
	for(i=0; i<length; i++)
     4cc:	66 23       	and	r22, r22
     4ce:	91 f0       	breq	.+36     	; 0x4f4 <eDIP_touch1+0x70>
     4d0:	aa 2d       	mov	r26, r10
     4d2:	bb 2d       	mov	r27, r11
     4d4:	fe 01       	movw	r30, r28
     4d6:	3e 96       	adiw	r30, 0x0e	; 14
     4d8:	8f ef       	ldi	r24, 0xFF	; 255
     4da:	86 0f       	add	r24, r22
     4dc:	9e 01       	movw	r18, r28
     4de:	28 0f       	add	r18, r24
     4e0:	31 1d       	adc	r19, r1
     4e2:	21 5f       	subi	r18, 0xF1	; 241
     4e4:	3f 4f       	sbci	r19, 0xFF	; 255
	{
		buf[13+i]=*string++;
     4e6:	8d 91       	ld	r24, X+
     4e8:	81 93       	st	Z+, r24
	buf[12]=uc;				//upcode
	
	if(length>MAX_STRING)
	 length=MAX_STRING;
	 
	for(i=0; i<length; i++)
     4ea:	e2 17       	cp	r30, r18
     4ec:	f3 07       	cpc	r31, r19
     4ee:	d9 f7       	brne	.-10     	; 0x4e6 <eDIP_touch1+0x62>
     4f0:	86 2f       	mov	r24, r22
     4f2:	01 c0       	rjmp	.+2      	; 0x4f6 <eDIP_touch1+0x72>
     4f4:	86 2f       	mov	r24, r22
	{
		buf[13+i]=*string++;
	}
	buf[13+i]=0; //Close string
     4f6:	fe 01       	movw	r30, r28
     4f8:	e8 0f       	add	r30, r24
     4fa:	f1 1d       	adc	r31, r1
     4fc:	16 86       	std	Z+14, r1	; 0x0e
	
	return send_Command(buf, length+14);	
     4fe:	62 5f       	subi	r22, 0xF2	; 242
     500:	ce 01       	movw	r24, r28
     502:	01 96       	adiw	r24, 0x01	; 1
     504:	0e 94 1f 1c 	call	0x383e	; 0x383e <send_Command>
}
     508:	ee 96       	adiw	r28, 0x3e	; 62
     50a:	cd bf       	out	0x3d, r28	; 61
     50c:	de bf       	out	0x3e, r29	; 62
     50e:	df 91       	pop	r29
     510:	cf 91       	pop	r28
     512:	1f 91       	pop	r17
     514:	0f 91       	pop	r16
     516:	ef 90       	pop	r14
     518:	cf 90       	pop	r12
     51a:	bf 90       	pop	r11
     51c:	af 90       	pop	r10
     51e:	8f 90       	pop	r8
     520:	08 95       	ret

00000522 <eDIP_touch2>:
Output:		Bool (true if ACK received, false if transfer failed)
Discription:define touch area, this is an internal function, 
			use definitions (macros)
============================================================================*/
_Bool eDIP_touch2(const char * data, unsigned int x1, unsigned int y1, unsigned char no, unsigned char dc, unsigned char uc, const char * string, unsigned char length)
{
     522:	af 92       	push	r10
     524:	cf 92       	push	r12
     526:	df 92       	push	r13
     528:	ef 92       	push	r14
     52a:	0f 93       	push	r16
     52c:	cf 93       	push	r28
     52e:	df 93       	push	r29
     530:	cd b7       	in	r28, 0x3d	; 61
     532:	de b7       	in	r29, 0x3e	; 62
     534:	ea 97       	sbiw	r28, 0x3a	; 58
     536:	cd bf       	out	0x3d, r28	; 61
     538:	de bf       	out	0x3e, r29	; 62
	unsigned char buf[10+MAX_STRING];	//MAX_STring is definied in display.h
										//the 10 is aggregated, because of 10 bytes that are needed
										//additionally
	unsigned char i=0;
	buf[0]=ESC;
     53a:	3b e1       	ldi	r19, 0x1B	; 27
     53c:	39 83       	std	Y+1, r19	; 0x01
	buf[1]=*data++;
     53e:	fc 01       	movw	r30, r24
     540:	30 81       	ld	r19, Z
     542:	3a 83       	std	Y+2, r19	; 0x02
	buf[2]=*data;
     544:	81 81       	ldd	r24, Z+1	; 0x01
     546:	8b 83       	std	Y+3, r24	; 0x03
	buf[3]=x1&0x00FF;
     548:	6c 83       	std	Y+4, r22	; 0x04
	buf[4]=(x1>>8)&0x00FF;
     54a:	7d 83       	std	Y+5, r23	; 0x05
	buf[5]=y1&0x00FF;
     54c:	4e 83       	std	Y+6, r20	; 0x06
	buf[6]=(y1>>8)&0x00FF;
     54e:	5f 83       	std	Y+7, r21	; 0x07
	buf[7]=no;
     550:	28 87       	std	Y+8, r18	; 0x08
	buf[8]=dc;
     552:	09 87       	std	Y+9, r16	; 0x09
	buf[9]=uc;
     554:	ea 86       	std	Y+10, r14	; 0x0a
     556:	6a 2d       	mov	r22, r10
     558:	61 33       	cpi	r22, 0x31	; 49
     55a:	08 f0       	brcs	.+2      	; 0x55e <eDIP_touch2+0x3c>
     55c:	60 e3       	ldi	r22, 0x30	; 48
	
	if(length>MAX_STRING)
	 length=MAX_STRING;
	 
	for(i=0; i<length; i++)
     55e:	66 23       	and	r22, r22
     560:	91 f0       	breq	.+36     	; 0x586 <eDIP_touch2+0x64>
     562:	ac 2d       	mov	r26, r12
     564:	bd 2d       	mov	r27, r13
     566:	fe 01       	movw	r30, r28
     568:	3b 96       	adiw	r30, 0x0b	; 11
     56a:	8f ef       	ldi	r24, 0xFF	; 255
     56c:	86 0f       	add	r24, r22
     56e:	9e 01       	movw	r18, r28
     570:	28 0f       	add	r18, r24
     572:	31 1d       	adc	r19, r1
     574:	24 5f       	subi	r18, 0xF4	; 244
     576:	3f 4f       	sbci	r19, 0xFF	; 255
	{
		buf[10+i]=*string++;
     578:	8d 91       	ld	r24, X+
     57a:	81 93       	st	Z+, r24
	buf[9]=uc;
	
	if(length>MAX_STRING)
	 length=MAX_STRING;
	 
	for(i=0; i<length; i++)
     57c:	e2 17       	cp	r30, r18
     57e:	f3 07       	cpc	r31, r19
     580:	d9 f7       	brne	.-10     	; 0x578 <eDIP_touch2+0x56>
     582:	86 2f       	mov	r24, r22
     584:	01 c0       	rjmp	.+2      	; 0x588 <eDIP_touch2+0x66>
     586:	86 2f       	mov	r24, r22
	{
		buf[10+i]=*string++;
	}
	buf[10+i]=0; //Close string
     588:	fe 01       	movw	r30, r28
     58a:	e8 0f       	add	r30, r24
     58c:	f1 1d       	adc	r31, r1
     58e:	13 86       	std	Z+11, r1	; 0x0b
	
	return send_Command(buf, length+11);	
     590:	65 5f       	subi	r22, 0xF5	; 245
     592:	ce 01       	movw	r24, r28
     594:	01 96       	adiw	r24, 0x01	; 1
     596:	0e 94 1f 1c 	call	0x383e	; 0x383e <send_Command>
}
     59a:	ea 96       	adiw	r28, 0x3a	; 58
     59c:	cd bf       	out	0x3d, r28	; 61
     59e:	de bf       	out	0x3e, r29	; 62
     5a0:	df 91       	pop	r29
     5a2:	cf 91       	pop	r28
     5a4:	0f 91       	pop	r16
     5a6:	ef 90       	pop	r14
     5a8:	df 90       	pop	r13
     5aa:	cf 90       	pop	r12
     5ac:	af 90       	pop	r10
     5ae:	08 95       	ret

000005b0 <react_A>:
Discription:reacts on touch answers from display, depends on your project,
			please change it for your purpose
============================================================================*/
_Bool react_A(void)
{
	switch(twiLCD.readData[6])
     5b0:	e0 91 e4 2c 	lds	r30, 0x2CE4	; 0x802ce4 <twiLCD+0x29>
     5b4:	8e 2f       	mov	r24, r30
     5b6:	90 e0       	ldi	r25, 0x00	; 0
     5b8:	fc 01       	movw	r30, r24
     5ba:	e4 5b       	subi	r30, 0xB4	; 180
     5bc:	f1 09       	sbc	r31, r1
     5be:	e6 33       	cpi	r30, 0x36	; 54
     5c0:	f1 05       	cpc	r31, r1
     5c2:	08 f0       	brcs	.+2      	; 0x5c6 <react_A+0x16>
     5c4:	ab c0       	rjmp	.+342    	; 0x71c <react_A+0x16c>
     5c6:	88 27       	eor	r24, r24
     5c8:	e2 50       	subi	r30, 0x02	; 2
     5ca:	ff 4f       	sbci	r31, 0xFF	; 255
     5cc:	8f 4f       	sbci	r24, 0xFF	; 255
     5ce:	0c 94 c8 1c 	jmp	0x3990	; 0x3990 <__tablejump2__>
			{
				case 180:
				mute(1);
     5d2:	81 e0       	ldi	r24, 0x01	; 1
     5d4:	0e 94 1e 16 	call	0x2c3c	; 0x2c3c <mute>
				mute_selected = 180;					
     5d8:	84 eb       	ldi	r24, 0xB4	; 180
     5da:	80 93 9c 2c 	sts	0x2C9C, r24	; 0x802c9c <mute_selected>
				break;
     5de:	9e c0       	rjmp	.+316    	; 0x71c <react_A+0x16c>
				
				case 181:
				volumeup();
     5e0:	0e 94 15 17 	call	0x2e2a	; 0x2e2a <volumeup>
				break;
     5e4:	9b c0       	rjmp	.+310    	; 0x71c <react_A+0x16c>
				
				case 182:
				volumedown();
     5e6:	0e 94 bb 17 	call	0x2f76	; 0x2f76 <volumedown>
				break;
     5ea:	98 c0       	rjmp	.+304    	; 0x71c <react_A+0x16c>
				
				case 185:
				mute(0);
     5ec:	80 e0       	ldi	r24, 0x00	; 0
     5ee:	0e 94 1e 16 	call	0x2c3c	; 0x2c3c <mute>
				mute_selected = 0;
     5f2:	10 92 9c 2c 	sts	0x2C9C, r1	; 0x802c9c <mute_selected>
				break;
     5f6:	92 c0       	rjmp	.+292    	; 0x71c <react_A+0x16c>
				
				case 190:	//Digital Input
				switchdspinput(1,1);
     5f8:	61 e0       	ldi	r22, 0x01	; 1
     5fa:	81 e0       	ldi	r24, 0x01	; 1
     5fc:	0e 94 19 13 	call	0x2632	; 0x2632 <switchdspinput>
				pushed_audio = 190;
     600:	8e eb       	ldi	r24, 0xBE	; 190
     602:	80 93 ee 20 	sts	0x20EE, r24	; 0x8020ee <pushed_audio>
				break;
     606:	8a c0       	rjmp	.+276    	; 0x71c <react_A+0x16c>
				
				case 191:	//USB
				switchdspinput(3,3);
     608:	63 e0       	ldi	r22, 0x03	; 3
     60a:	83 e0       	ldi	r24, 0x03	; 3
     60c:	0e 94 19 13 	call	0x2632	; 0x2632 <switchdspinput>
				pushed_audio = 191;
     610:	8f eb       	ldi	r24, 0xBF	; 191
     612:	80 93 ee 20 	sts	0x20EE, r24	; 0x8020ee <pushed_audio>
				break;
     616:	82 c0       	rjmp	.+260    	; 0x71c <react_A+0x16c>
				
				case 192:	//USB Input
				switchdspinput(2,2);
     618:	62 e0       	ldi	r22, 0x02	; 2
     61a:	82 e0       	ldi	r24, 0x02	; 2
     61c:	0e 94 19 13 	call	0x2632	; 0x2632 <switchdspinput>
				pushed_audio = 192;
     620:	80 ec       	ldi	r24, 0xC0	; 192
     622:	80 93 ee 20 	sts	0x20EE, r24	; 0x8020ee <pushed_audio>
				break;
     626:	7a c0       	rjmp	.+244    	; 0x71c <react_A+0x16c>
				
				case 193:	//XLR Input
				switchdspinput(4,4);
     628:	64 e0       	ldi	r22, 0x04	; 4
     62a:	84 e0       	ldi	r24, 0x04	; 4
     62c:	0e 94 19 13 	call	0x2632	; 0x2632 <switchdspinput>
				pushed_audio = 193;
     630:	81 ec       	ldi	r24, 0xC1	; 193
     632:	80 93 ee 20 	sts	0x20EE, r24	; 0x8020ee <pushed_audio>
				break;
     636:	72 c0       	rjmp	.+228    	; 0x71c <react_A+0x16c>
				
				case 194: //BT Audio Input
				switchdspinput(3,4);
     638:	64 e0       	ldi	r22, 0x04	; 4
     63a:	83 e0       	ldi	r24, 0x03	; 3
     63c:	0e 94 19 13 	call	0x2632	; 0x2632 <switchdspinput>
				pushed_audio = 194;
     640:	82 ec       	ldi	r24, 0xC2	; 194
     642:	80 93 ee 20 	sts	0x20EE, r24	; 0x8020ee <pushed_audio>
				break;
     646:	6a c0       	rjmp	.+212    	; 0x71c <react_A+0x16c>
				
				case 200:
				draw_audio_menu();
     648:	0e 94 11 11 	call	0x2222	; 0x2222 <draw_audio_menu>
				break;
     64c:	67 c0       	rjmp	.+206    	; 0x71c <react_A+0x16c>
				
				case 201:
				draw_dmx_menu();
     64e:	0e 94 1a 0d 	call	0x1a34	; 0x1a34 <draw_dmx_menu>
				break;
     652:	64 c0       	rjmp	.+200    	; 0x71c <react_A+0x16c>
				
				case 202:
				draw_setup_menu();
     654:	0e 94 af 0f 	call	0x1f5e	; 0x1f5e <draw_setup_menu>
				break;
     658:	61 c0       	rjmp	.+194    	; 0x71c <react_A+0x16c>
				
				case 210:
				dmx_internal();
     65a:	4a d1       	rcall	.+660    	; 0x8f0 <dmx_internal>
				//Since the release code for the work light button will never be executed we need to disable work light here
				//Also need to disable Sound 2 Light function
				toogle_worklight = 0;
     65c:	10 92 94 2c 	sts	0x2C94, r1	; 0x802c94 <toogle_worklight>
				toogle_s2l = 0;
     660:	10 92 93 2c 	sts	0x2C93, r1	; 0x802c93 <toogle_s2l>
				pushed_dmx = 210;
     664:	82 ed       	ldi	r24, 0xD2	; 210
     666:	80 93 ed 20 	sts	0x20ED, r24	; 0x8020ed <pushed_dmx>
				break;
				
				case 211:
				dmx_external();
     66a:	58 c0       	rjmp	.+176    	; 0x71c <react_A+0x16c>
     66c:	46 d1       	rcall	.+652    	; 0x8fa <dmx_external>
				//Since the release code for the work light button will never be executed we need to disable work light here
				//Also need to disable Sound 2 Light function
				toogle_worklight = 0;
     66e:	10 92 94 2c 	sts	0x2C94, r1	; 0x802c94 <toogle_worklight>
				toogle_s2l = 0;
     672:	10 92 93 2c 	sts	0x2C93, r1	; 0x802c93 <toogle_s2l>
				pushed_dmx = 211;
     676:	83 ed       	ldi	r24, 0xD3	; 211
     678:	80 93 ed 20 	sts	0x20ED, r24	; 0x8020ed <pushed_dmx>
				break;
				
				case 212:
				dmx_s2l();
     67c:	4f c0       	rjmp	.+158    	; 0x71c <react_A+0x16c>
     67e:	42 d1       	rcall	.+644    	; 0x904 <dmx_s2l>
				//Enable sound 2 light execution
				//Since the release code for the work light button will never be executed we need to disable work light here
				toogle_worklight = 0;
     680:	10 92 94 2c 	sts	0x2C94, r1	; 0x802c94 <toogle_worklight>
				toogle_s2l = 1;
     684:	81 e0       	ldi	r24, 0x01	; 1
     686:	80 93 93 2c 	sts	0x2C93, r24	; 0x802c93 <toogle_s2l>
				pushed_dmx = 212;
     68a:	84 ed       	ldi	r24, 0xD4	; 212
     68c:	80 93 ed 20 	sts	0x20ED, r24	; 0x8020ed <pushed_dmx>
				break;
     690:	45 c0       	rjmp	.+138    	; 0x71c <react_A+0x16c>
				
				case 214:
				//Enable work light DMX output
				//Also need to disable Sound 2 Light function
				toogle_worklight = 1;
     692:	81 e0       	ldi	r24, 0x01	; 1
     694:	80 93 94 2c 	sts	0x2C94, r24	; 0x802c94 <toogle_worklight>
				toogle_s2l = 0;
     698:	10 92 93 2c 	sts	0x2C93, r1	; 0x802c93 <toogle_s2l>
				//Mark button as active
				pushed_dmx = 214;
     69c:	86 ed       	ldi	r24, 0xD6	; 214
     69e:	80 93 ed 20 	sts	0x20ED, r24	; 0x8020ed <pushed_dmx>
				break;
				
				case 215:
				flash_white();
				break;
     6a2:	3c c0       	rjmp	.+120    	; 0x71c <react_A+0x16c>
				
				case 216:
				flash_puke();
     6a4:	77 d2       	rcall	.+1262   	; 0xb94 <flash_white>
     6a6:	3a c0       	rjmp	.+116    	; 0x71c <react_A+0x16c>
				break;
     6a8:	db d4       	rcall	.+2486   	; 0x1060 <flash_puke>
				
				case 217:
				flash_color();
     6aa:	38 c0       	rjmp	.+112    	; 0x71c <react_A+0x16c>
     6ac:	6c d6       	rcall	.+3288   	; 0x1386 <flash_color>
				break;
     6ae:	36 c0       	rjmp	.+108    	; 0x71c <react_A+0x16c>
				
				
				case 223:
				//Set flag for red color output in solid_color function
				toogle_red = 1;
     6b0:	81 e0       	ldi	r24, 0x01	; 1
     6b2:	80 93 98 2c 	sts	0x2C98, r24	; 0x802c98 <toogle_red>
				selected_red = 223;
     6b6:	8f ed       	ldi	r24, 0xDF	; 223
     6b8:	80 93 65 2d 	sts	0x2D65, r24	; 0x802d65 <selected_red>
				break;
     6bc:	2f c0       	rjmp	.+94     	; 0x71c <react_A+0x16c>
								
				case 224:
				//Set flag for green color output in solid_color function
				toogle_green = 1;
     6be:	81 e0       	ldi	r24, 0x01	; 1
     6c0:	80 93 97 2c 	sts	0x2C97, r24	; 0x802c97 <toogle_green>
				selected_green = 224;
     6c4:	80 ee       	ldi	r24, 0xE0	; 224
     6c6:	80 93 66 2d 	sts	0x2D66, r24	; 0x802d66 <selected_green>
				break;
     6ca:	28 c0       	rjmp	.+80     	; 0x71c <react_A+0x16c>
								
				case 225:
				//Set flag for blue color output in solid_color function
				toogle_blue = 1;
     6cc:	81 e0       	ldi	r24, 0x01	; 1
     6ce:	80 93 96 2c 	sts	0x2C96, r24	; 0x802c96 <toogle_blue>
				selected_blue = 225;
     6d2:	81 ee       	ldi	r24, 0xE1	; 225
     6d4:	80 93 63 2d 	sts	0x2D63, r24	; 0x802d63 <selected_blue>
				break;
     6d8:	21 c0       	rjmp	.+66     	; 0x71c <react_A+0x16c>
								
				case 226:
				//Set flag for solid color output in solid_color function
				toogle_solid = 1;
     6da:	81 e0       	ldi	r24, 0x01	; 1
     6dc:	80 93 95 2c 	sts	0x2C95, r24	; 0x802c95 <toogle_solid>
				selected_solid_color = 226;
     6e0:	82 ee       	ldi	r24, 0xE2	; 226
     6e2:	80 93 62 2d 	sts	0x2D62, r24	; 0x802d62 <selected_solid_color>
				break;
     6e6:	1a c0       	rjmp	.+52     	; 0x71c <react_A+0x16c>
				
				case 227:
				//Clear flag for solid color output in solid_color function
				toogle_red = 0;
     6e8:	10 92 98 2c 	sts	0x2C98, r1	; 0x802c98 <toogle_red>
				selected_red = 0;
     6ec:	10 92 65 2d 	sts	0x2D65, r1	; 0x802d65 <selected_red>
				break;
     6f0:	15 c0       	rjmp	.+42     	; 0x71c <react_A+0x16c>
								
				case 228:
				//Clear flag for solid color output in solid_color function
				toogle_green = 0;
     6f2:	10 92 97 2c 	sts	0x2C97, r1	; 0x802c97 <toogle_green>
				selected_green = 0;
     6f6:	10 92 66 2d 	sts	0x2D66, r1	; 0x802d66 <selected_green>
				break;
     6fa:	10 c0       	rjmp	.+32     	; 0x71c <react_A+0x16c>
												
				case 229:
				//Clear flag for solid color output in solid_color function
				toogle_blue = 0;
     6fc:	10 92 96 2c 	sts	0x2C96, r1	; 0x802c96 <toogle_blue>
				selected_blue = 0;
     700:	10 92 63 2d 	sts	0x2D63, r1	; 0x802d63 <selected_blue>
				break;
     704:	0b c0       	rjmp	.+22     	; 0x71c <react_A+0x16c>
																
				case 230:
				//Clear flag for solid color output in solid_color function
				toogle_solid =0;
     706:	10 92 95 2c 	sts	0x2C95, r1	; 0x802c95 <toogle_solid>
				selected_solid_color = 0;
     70a:	10 92 62 2d 	sts	0x2D62, r1	; 0x802d62 <selected_solid_color>
				break;
     70e:	06 c0       	rjmp	.+12     	; 0x71c <react_A+0x16c>
				
				case 232:
				selected_linked = 1;
     710:	81 e0       	ldi	r24, 0x01	; 1
     712:	80 93 64 2d 	sts	0x2D64, r24	; 0x802d64 <selected_linked>
				break;
     716:	02 c0       	rjmp	.+4      	; 0x71c <react_A+0x16c>
				
				case 233:
				selected_linked = 0;
     718:	10 92 64 2d 	sts	0x2D64, r1	; 0x802d64 <selected_linked>
				//At unknown button code do nothing
				break;
			}

	return TRUE;
}
     71c:	81 e0       	ldi	r24, 0x01	; 1
     71e:	08 95       	ret

00000720 <react_B>:
Output:		Bool (true if answer is handled, false if not)
Discription:reacts on bar graph answers from display, depends on your project,
			please change it for your purpose
============================================================================*/
_Bool react_B(void)
{
     720:	cf 93       	push	r28
     722:	df 93       	push	r29
	switch(twiLCD.readData[6])
     724:	80 91 e4 2c 	lds	r24, 0x2CE4	; 0x802ce4 <twiLCD+0x29>
     728:	8f 31       	cpi	r24, 0x1F	; 31
     72a:	d1 f0       	breq	.+52     	; 0x760 <react_B+0x40>
     72c:	28 f4       	brcc	.+10     	; 0x738 <react_B+0x18>
     72e:	84 31       	cpi	r24, 0x14	; 20
     730:	51 f0       	breq	.+20     	; 0x746 <react_B+0x26>
     732:	8e 31       	cpi	r24, 0x1E	; 30
     734:	89 f0       	breq	.+34     	; 0x758 <react_B+0x38>
     736:	23 c0       	rjmp	.+70     	; 0x77e <react_B+0x5e>
     738:	89 32       	cpi	r24, 0x29	; 41
     73a:	d1 f0       	breq	.+52     	; 0x770 <react_B+0x50>
     73c:	8a 32       	cpi	r24, 0x2A	; 42
     73e:	e1 f0       	breq	.+56     	; 0x778 <react_B+0x58>
     740:	88 32       	cpi	r24, 0x28	; 40
     742:	e9 f4       	brne	.+58     	; 0x77e <react_B+0x5e>
     744:	11 c0       	rjmp	.+34     	; 0x768 <react_B+0x48>
			{
				case 20:
				setmastervolume(twiLCD.readData[7]);
     746:	cb eb       	ldi	r28, 0xBB	; 187
     748:	dc e2       	ldi	r29, 0x2C	; 44
     74a:	8a a5       	ldd	r24, Y+42	; 0x2a
     74c:	0e 94 bd 14 	call	0x297a	; 0x297a <setmastervolume>
				showlevel(twiLCD.readData[7]);
     750:	8a a5       	ldd	r24, Y+42	; 0x2a
     752:	0e 94 57 10 	call	0x20ae	; 0x20ae <showlevel>
				break;
     756:	13 c0       	rjmp	.+38     	; 0x77e <react_B+0x5e>
				
				
				case 30: //DMX Brightness Setting
				level_brightness(twiLCD.readData[7]);
     758:	80 91 e5 2c 	lds	r24, 0x2CE5	; 0x802ce5 <twiLCD+0x2a>
     75c:	81 d0       	rcall	.+258    	; 0x860 <level_brightness>
				break;
     75e:	0f c0       	rjmp	.+30     	; 0x77e <react_B+0x5e>
				
				case 31: //DMX Frequency Setting
				frequency(twiLCD.readData[7]);
     760:	80 91 e5 2c 	lds	r24, 0x2CE5	; 0x802ce5 <twiLCD+0x2a>
     764:	89 d0       	rcall	.+274    	; 0x878 <frequency>
				break;
     766:	0b c0       	rjmp	.+22     	; 0x77e <react_B+0x5e>
				
				case 40: //DMX Red color Setting
				level_red(twiLCD.readData[7]);
     768:	80 91 e5 2c 	lds	r24, 0x2CE5	; 0x802ce5 <twiLCD+0x2a>
     76c:	7c d0       	rcall	.+248    	; 0x866 <level_red>
				break;
								
				case 41: //DMX Green color Setting
				level_green(twiLCD.readData[7]);
     76e:	07 c0       	rjmp	.+14     	; 0x77e <react_B+0x5e>
     770:	80 91 e5 2c 	lds	r24, 0x2CE5	; 0x802ce5 <twiLCD+0x2a>
				break;
     774:	7e d0       	rcall	.+252    	; 0x872 <level_green>
								
				case 42: //DMX Blue color Setting
				level_blue(twiLCD.readData[7]);
     776:	03 c0       	rjmp	.+6      	; 0x77e <react_B+0x5e>
     778:	80 91 e5 2c 	lds	r24, 0x2CE5	; 0x802ce5 <twiLCD+0x2a>
     77c:	77 d0       	rcall	.+238    	; 0x86c <level_blue>
				//At unknwon button code do nothing
				break;
			}

	return TRUE;
}
     77e:	81 e0       	ldi	r24, 0x01	; 1
     780:	df 91       	pop	r29
     782:	cf 91       	pop	r28
     784:	08 95       	ret

00000786 <answerdecode>:
Output:		Bool (true if answer is handled, false if not)
Discription:chooses the right reaction on answers of display
============================================================================*/
_Bool answerdecode(void)
{
	switch(twiLCD.readData[4])
     786:	80 91 e2 2c 	lds	r24, 0x2CE2	; 0x802ce2 <twiLCD+0x27>
     78a:	81 34       	cpi	r24, 0x41	; 65
     78c:	19 f0       	breq	.+6      	; 0x794 <answerdecode+0xe>
     78e:	82 34       	cpi	r24, 0x42	; 66
     790:	19 f0       	breq	.+6      	; 0x798 <answerdecode+0x12>
     792:	04 c0       	rjmp	.+8      	; 0x79c <answerdecode+0x16>
	{
		//Response from the analog touch panel when a key/switch is pressed. code = down or up code of the
		//key/switch. It is only transmitted if no touch macro with the number code is defined !
		case 'A':
				return react_A();
     794:	0d cf       	rjmp	.-486    	; 0x5b0 <react_A>
     796:	08 95       	ret
				break;
		//When a bargraph is set by touch, the current value of the bar no is transmitted. Transmission of the bar value
		//must be activated (see the 'ESC A Q n1' command).
		case 'B':
				return react_B();
     798:	c3 cf       	rjmp	.-122    	; 0x720 <react_B>
     79a:	08 95       	ret
     79c:	80 e0       	ldi	r24, 0x00	; 0
		//After the 'ESC F S n1' command, the current value of the instrument with the number n1 is transmitted.
		case 'F':
		break;
		//default
		default:
			return FALSE;
     79e:	08 95       	ret

000007a0 <dma_set>:
			break;
	}
	return FALSE;
}
     7a0:	e0 e0       	ldi	r30, 0x00	; 0

//Configure DMA to transfer data from DMX buffer into USART buffer
void dma_set(unsigned char *dmxdata, unsigned int length){
	
	// activate single buffer, burst size 1Byte
	DMA.CTRL = DMA_CH_ENABLE_bm; 
     7a2:	f1 e0       	ldi	r31, 0x01	; 1
     7a4:	20 e8       	ldi	r18, 0x80	; 128
     7a6:	20 83       	st	Z, r18
	
	//Modus transaction, increase and decrease, Burst
	DMA.CH0.ADDRCTRL = DMA_CH_SRCRELOAD_TRANSACTION_gc | DMA_CH_SRCDIR_INC_gc| DMA_CH_DESTRELOAD_NONE_gc | DMA_CH_DESTDIR_FIXED_gc;
     7a8:	20 ed       	ldi	r18, 0xD0	; 208
     7aa:	22 8b       	std	Z+18, r18	; 0x12

	// Trigger Source is USARTC0 trigger if data buffer is empty
	DMA.CH0.TRIGSRC = DMA_CH_TRIGSRC_USARTC0_DRE_gc;
     7ac:	2c e4       	ldi	r18, 0x4C	; 76
     7ae:	23 8b       	std	Z+19, r18	; 0x13

	//Set number of dmx channels to transfer
	DMA.CH0.TRFCNT = length;
     7b0:	64 8b       	std	Z+20, r22	; 0x14
     7b2:	75 8b       	std	Z+21, r23	; 0x15

	//8Bit source register
	DMA.CH0.SRCADDR0  =(((uint16_t)(dmxdata))>>0*8)&0xFF;
     7b4:	80 8f       	std	Z+24, r24	; 0x18
	DMA.CH0.SRCADDR1  =(((uint16_t)(dmxdata))>>1*8)&0xFF;
     7b6:	91 8f       	std	Z+25, r25	; 0x19
	DMA.CH0.SRCADDR2  = 0;
     7b8:	12 8e       	std	Z+26, r1	; 0x1a

	//8Bit target register at USARTC1
	DMA.CH0.DESTADDR0 = ((uint16_t) &USARTC0.DATA >>0*8)&0xFF;
     7ba:	80 ea       	ldi	r24, 0xA0	; 160
     7bc:	84 8f       	std	Z+28, r24	; 0x1c
	DMA.CH0.DESTADDR1 = ((uint16_t) &USARTC0.DATA >>1*8)&0xFF;
     7be:	88 e0       	ldi	r24, 0x08	; 8
     7c0:	85 8f       	std	Z+29, r24	; 0x1d
	DMA.CH0.DESTADDR2 = 0;
     7c2:	16 8e       	std	Z+30, r1	; 0x1e
	
	//Set CH0 transmission completed interrupt level to low
	DMA.CH0.CTRLB |= DMA_CH_TRNINTLVL_LO_gc;
     7c4:	81 89       	ldd	r24, Z+17	; 0x11
     7c6:	81 60       	ori	r24, 0x01	; 1
     7c8:	81 8b       	std	Z+17, r24	; 0x11
     7ca:	08 95       	ret

000007cc <dma_bytecopy>:

//Configure DMA to transfer data from DMX buffer into USART buffer
void dma_bytecopy(unsigned char *dmxsource, unsigned char *dmxtarget, unsigned int length){
	
	// Enable DMA controller
	DMA.CTRL = DMA_CH_ENABLE_bm;
     7cc:	e0 e0       	ldi	r30, 0x00	; 0
     7ce:	f1 e0       	ldi	r31, 0x01	; 1
     7d0:	20 e8       	ldi	r18, 0x80	; 128
     7d2:	20 83       	st	Z, r18
	
	//Modus reload after block, increase addresses
	DMA.CH1.ADDRCTRL = DMA_CH_SRCRELOAD_BLOCK_gc | DMA_CH_SRCDIR_INC_gc| DMA_CH_DESTRELOAD_BLOCK_gc | DMA_CH_DESTDIR_INC_gc;
     7d4:	35 e5       	ldi	r19, 0x55	; 85
     7d6:	32 a3       	std	Z+34, r19	; 0x22

	// Softwaretrigger only
	DMA.CH1.TRIGSRC = DMA_CH_TRIGSRC_OFF_gc;
     7d8:	13 a2       	std	Z+35, r1	; 0x23

	//How many bytes we want to copy
	DMA.CH1.TRFCNT = length;
     7da:	44 a3       	std	Z+36, r20	; 0x24
     7dc:	55 a3       	std	Z+37, r21	; 0x25

	//8Bit source register
	DMA.CH1.SRCADDR0  =(((uint16_t)(dmxsource))>>0*8)&0xFF;
     7de:	80 a7       	std	Z+40, r24	; 0x28
	DMA.CH1.SRCADDR1  =(((uint16_t)(dmxsource))>>1*8)&0xFF;
     7e0:	91 a7       	std	Z+41, r25	; 0x29
	DMA.CH1.SRCADDR2  =0;
     7e2:	12 a6       	std	Z+42, r1	; 0x2a

	//8Bit target register at USARTC1
	DMA.CH1.DESTADDR0 = (((uint16_t)(dmxtarget))>>0*8)&0xFF;
     7e4:	64 a7       	std	Z+44, r22	; 0x2c
	DMA.CH1.DESTADDR1 = (((uint16_t)(dmxtarget))>>1*8)&0xFF;
     7e6:	75 a7       	std	Z+45, r23	; 0x2d
	DMA.CH1.DESTADDR2 = 0;
     7e8:	16 a6       	std	Z+46, r1	; 0x2e
	
	//Set CH0 transmission completed interrupt level to low
	DMA.CH1.CTRLB |= DMA_CH_TRNINTLVL_LO_gc;
     7ea:	81 a1       	ldd	r24, Z+33	; 0x21
     7ec:	81 60       	ori	r24, 0x01	; 1
     7ee:	81 a3       	std	Z+33, r24	; 0x21
	
	//Enable DMA Channel 0, Repeat Mode off, No Single Shot transfer
	DMA.CH1.CTRLA = DMA_CH_ENABLE_bm; 
     7f0:	20 a3       	std	Z+32, r18	; 0x20
     7f2:	08 95       	ret

000007f4 <start_dmx>:
}


//DMX Start transmission single frame
void start_dmx(unsigned char *dmxdata, unsigned int length)
{
     7f4:	9c 01       	movw	r18, r24
	//Calculated register settings for 250 kBaud are BSCALE = 0 & BSEL = 007
	//Than always transfer a Null package to determine data type for channel transmission
	//After this send out DMX payload data
	
	
	if(!(USARTC0.STATUS & USART_TXCIF_bm))
     7f6:	90 91 a1 08 	lds	r25, 0x08A1	; 0x8008a1 <__TEXT_REGION_LENGTH__+0x7be8a1>
     7fa:	96 fd       	sbrc	r25, 6
     7fc:	30 c0       	rjmp	.+96     	; 0x85e <start_dmx+0x6a>
	{
		//Generate break condition
		if(DMXStatus==BREAK)
     7fe:	90 91 04 2d 	lds	r25, 0x2D04	; 0x802d04 <DMXStatus>
     802:	91 11       	cpse	r25, r1
     804:	0f c0       	rjmp	.+30     	; 0x824 <start_dmx+0x30>
		{
			//Reconfigure baud rate to 100 kBaud
			USARTC0.BAUDCTRLA = 19;
     806:	e0 ea       	ldi	r30, 0xA0	; 160
     808:	f8 e0       	ldi	r31, 0x08	; 8
     80a:	83 e1       	ldi	r24, 0x13	; 19
     80c:	86 83       	std	Z+6, r24	; 0x06
			USARTC0.BAUDCTRLB =(0 << USART_BSCALE0_bp)|(19 >> 8);
     80e:	17 82       	std	Z+7, r1	; 0x07
			//Send a Zero to generate Break and Mark
			USARTC0.DATA = 0x00;
     810:	10 82       	st	Z, r1
			//Check for finished physical transmission and clear flag
			while (!(USARTC0.STATUS & USART_TXCIF_bm));
     812:	91 81       	ldd	r25, Z+1	; 0x01
     814:	96 ff       	sbrs	r25, 6
     816:	fd cf       	rjmp	.-6      	; 0x812 <start_dmx+0x1e>
			USARTC0.STATUS |= USART_TXCIF_bm;
     818:	e0 ea       	ldi	r30, 0xA0	; 160
     81a:	f8 e0       	ldi	r31, 0x08	; 8
     81c:	81 81       	ldd	r24, Z+1	; 0x01
     81e:	80 64       	ori	r24, 0x40	; 64
     820:	81 83       	std	Z+1, r24	; 0x01
     822:	02 c0       	rjmp	.+4      	; 0x828 <start_dmx+0x34>
		}
	


		//Send information about type of DMX transmission
		if(DMXStatus == STARTBYTE)
     824:	91 30       	cpi	r25, 0x01	; 1
     826:	91 f4       	brne	.+36     	; 0x84c <start_dmx+0x58>
		{
			//Reconfigure baud rate to 250 kBaud
			USARTC0.BAUDCTRLA = 07;
     828:	e0 ea       	ldi	r30, 0xA0	; 160
     82a:	f8 e0       	ldi	r31, 0x08	; 8
     82c:	87 e0       	ldi	r24, 0x07	; 7
     82e:	86 83       	std	Z+6, r24	; 0x06
			USARTC0.BAUDCTRLB =(0 << USART_BSCALE0_bp)|(07 >> 8);
     830:	17 82       	std	Z+7, r1	; 0x07
			//Send a Zero to let DMX receivers know that now channels values will be send
			USARTC0.DATA = 0x00;
     832:	10 82       	st	Z, r1
			//Check for finished physical transmission and clear flag
			while (!(USARTC0.STATUS & USART_TXCIF_bm));
     834:	91 81       	ldd	r25, Z+1	; 0x01
     836:	96 ff       	sbrs	r25, 6
     838:	fd cf       	rjmp	.-6      	; 0x834 <start_dmx+0x40>
			USARTC0.STATUS |= USART_TXCIF_bm;
     83a:	e0 ea       	ldi	r30, 0xA0	; 160
     83c:	f8 e0       	ldi	r31, 0x08	; 8
     83e:	81 81       	ldd	r24, Z+1	; 0x01
     840:	80 64       	ori	r24, 0x40	; 64
     842:	81 83       	std	Z+1, r24	; 0x01
			//Switch to next step in DMX protocol and send channel informations
			DMXStatus = DMXDATA;
     844:	82 e0       	ldi	r24, 0x02	; 2
     846:	80 93 04 2d 	sts	0x2D04, r24	; 0x802d04 <DMXStatus>
     84a:	02 c0       	rjmp	.+4      	; 0x850 <start_dmx+0x5c>

		}


		//Send DMX channel data
		if(DMXStatus == DMXDATA)
     84c:	92 30       	cpi	r25, 0x02	; 2
     84e:	39 f4       	brne	.+14     	; 0x85e <start_dmx+0x6a>
     850:	c9 01       	movw	r24, r18
		{
			//Configure DMA to transmission data register and length
			dma_set(dmxdata, length);
     852:	a6 df       	rcall	.-180    	; 0x7a0 <dma_set>
			//Activate DMA CH0 and send rest of DMX stream via DMA access
			DMA.CH0.REPCNT = 0;
     854:	e0 e0       	ldi	r30, 0x00	; 0
     856:	f1 e0       	ldi	r31, 0x01	; 1
     858:	16 8a       	std	Z+22, r1	; 0x16
			DMA.CH0.CTRLA = DMA_CH_ENABLE_bm |DMA_CH_SINGLE_bm|DMA_CH_BURSTLEN_1BYTE_gc;
     85a:	84 e8       	ldi	r24, 0x84	; 132
     85c:	80 8b       	std	Z+16, r24	; 0x10
     85e:	08 95       	ret

00000860 <level_brightness>:
	switchdmxinput(global_pa_source);
}

void level_brightness(uint8_t slider)
{
	global_brightness = slider;
     860:	80 93 06 20 	sts	0x2006, r24	; 0x802006 <global_brightness>
     864:	08 95       	ret

00000866 <level_red>:
}


void level_red(uint8_t slider)
{
	global_red = slider;
     866:	80 93 9b 2c 	sts	0x2C9B, r24	; 0x802c9b <global_red>
     86a:	08 95       	ret

0000086c <level_blue>:
}


void level_blue(uint8_t slider)
{
	global_blue = slider;
     86c:	80 93 9a 2c 	sts	0x2C9A, r24	; 0x802c9a <global_blue>
     870:	08 95       	ret

00000872 <level_green>:
}


void level_green(uint8_t slider)
{
	global_green = slider;
     872:	80 93 99 2c 	sts	0x2C99, r24	; 0x802c99 <global_green>
     876:	08 95       	ret

00000878 <frequency>:
}


void frequency(uint8_t slider)
{
	global_frequency = slider;
     878:	80 93 05 20 	sts	0x2005, r24	; 0x802005 <global_frequency>
     87c:	08 95       	ret

0000087e <switchdmxinput>:
* Is activated along with corresponding function
* Sets I/O ports to control signal distribution of DMX via SP3T switches
*/
void switchdmxinput(uint8_t source)
{
	switch(source)
     87e:	82 30       	cpi	r24, 0x02	; 2
     880:	d9 f0       	breq	.+54     	; 0x8b8 <switchdmxinput+0x3a>
     882:	28 f4       	brcc	.+10     	; 0x88e <switchdmxinput+0x10>
     884:	88 23       	and	r24, r24
     886:	51 f0       	breq	.+20     	; 0x89c <switchdmxinput+0x1e>
     888:	81 30       	cpi	r24, 0x01	; 1
     88a:	79 f0       	breq	.+30     	; 0x8aa <switchdmxinput+0x2c>
     88c:	08 95       	ret
     88e:	85 30       	cpi	r24, 0x05	; 5
     890:	09 f1       	breq	.+66     	; 0x8d4 <switchdmxinput+0x56>
     892:	86 30       	cpi	r24, 0x06	; 6
     894:	31 f1       	breq	.+76     	; 0x8e2 <switchdmxinput+0x64>
     896:	84 30       	cpi	r24, 0x04	; 4
     898:	51 f5       	brne	.+84     	; 0x8ee <switchdmxinput+0x70>
     89a:	15 c0       	rjmp	.+42     	; 0x8c6 <switchdmxinput+0x48>
	{
		case PA_INTERNAL:
		PORTE.OUTSET = PIN6_bm;												//Pin E6 as High
     89c:	e0 e8       	ldi	r30, 0x80	; 128
     89e:	f6 e0       	ldi	r31, 0x06	; 6
     8a0:	80 e4       	ldi	r24, 0x40	; 64
     8a2:	85 83       	std	Z+5, r24	; 0x05
		PORTE.OUTCLR = PIN7_bm;												//Pin E7 as Low
     8a4:	80 e8       	ldi	r24, 0x80	; 128
     8a6:	86 83       	std	Z+6, r24	; 0x06
		break;
     8a8:	08 95       	ret
		
		case PA_EXTERNAL:
		PORTE.OUTCLR = PIN6_bm;												//Pin E6 as Low
     8aa:	e0 e8       	ldi	r30, 0x80	; 128
     8ac:	f6 e0       	ldi	r31, 0x06	; 6
     8ae:	80 e4       	ldi	r24, 0x40	; 64
     8b0:	86 83       	std	Z+6, r24	; 0x06
		PORTE.OUTSET = PIN7_bm;												//Pin E7 as High
     8b2:	80 e8       	ldi	r24, 0x80	; 128
     8b4:	85 83       	std	Z+5, r24	; 0x05
		break;
     8b6:	08 95       	ret
		
		case PA_USB:
		PORTE.OUTSET = PIN6_bm;												//Pin E6 as High
     8b8:	e0 e8       	ldi	r30, 0x80	; 128
     8ba:	f6 e0       	ldi	r31, 0x06	; 6
     8bc:	80 e4       	ldi	r24, 0x40	; 64
     8be:	85 83       	std	Z+5, r24	; 0x05
		PORTE.OUTSET = PIN7_bm;												//Pin E7 as High
     8c0:	80 e8       	ldi	r24, 0x80	; 128
     8c2:	85 83       	std	Z+5, r24	; 0x05
		break;
     8c4:	08 95       	ret
		
		case STRB_INTERNAL:
		PORTE.OUTSET = PIN4_bm;												//Pin E4 as High
     8c6:	e0 e8       	ldi	r30, 0x80	; 128
     8c8:	f6 e0       	ldi	r31, 0x06	; 6
     8ca:	80 e1       	ldi	r24, 0x10	; 16
     8cc:	85 83       	std	Z+5, r24	; 0x05
		PORTE.OUTSET = PIN5_bm;												//Pin E5 as High
     8ce:	80 e2       	ldi	r24, 0x20	; 32
     8d0:	85 83       	std	Z+5, r24	; 0x05
		break;
     8d2:	08 95       	ret
		
		case STRB_EXTERNAL:
		PORTE.OUTSET = PIN4_bm;												//Pin E4 as High
     8d4:	e0 e8       	ldi	r30, 0x80	; 128
     8d6:	f6 e0       	ldi	r31, 0x06	; 6
     8d8:	80 e1       	ldi	r24, 0x10	; 16
     8da:	85 83       	std	Z+5, r24	; 0x05
		PORTE.OUTSET = PIN5_bm;												//Pin E5 as High
     8dc:	80 e2       	ldi	r24, 0x20	; 32
     8de:	85 83       	std	Z+5, r24	; 0x05
		break;
     8e0:	08 95       	ret
		
		case STRB_USB:
		PORTE.OUTSET = PIN4_bm;												//Pin E4 as High
     8e2:	e0 e8       	ldi	r30, 0x80	; 128
     8e4:	f6 e0       	ldi	r31, 0x06	; 6
     8e6:	80 e1       	ldi	r24, 0x10	; 16
     8e8:	85 83       	std	Z+5, r24	; 0x05
		PORTE.OUTSET = PIN5_bm;												//Pin E5 as High
     8ea:	80 e2       	ldi	r24, 0x20	; 32
     8ec:	85 83       	std	Z+5, r24	; 0x05
     8ee:	08 95       	ret

000008f0 <dmx_internal>:
}


void dmx_internal()
{
	global_pa_source=PA_INTERNAL;
     8f0:	10 92 90 26 	sts	0x2690, r1	; 0x802690 <__data_end>
	switchdmxinput(global_pa_source);
     8f4:	80 e0       	ldi	r24, 0x00	; 0
     8f6:	c3 cf       	rjmp	.-122    	; 0x87e <switchdmxinput>
     8f8:	08 95       	ret

000008fa <dmx_external>:
}


void dmx_external()
{
	global_pa_source=PA_EXTERNAL;
     8fa:	81 e0       	ldi	r24, 0x01	; 1
     8fc:	80 93 90 26 	sts	0x2690, r24	; 0x802690 <__data_end>
	switchdmxinput(global_pa_source);
     900:	be cf       	rjmp	.-132    	; 0x87e <switchdmxinput>
     902:	08 95       	ret

00000904 <dmx_s2l>:
}


void dmx_s2l()
{
	global_pa_source=PA_INTERNAL;
     904:	10 92 90 26 	sts	0x2690, r1	; 0x802690 <__data_end>
	switchdmxinput(global_pa_source);
     908:	80 e0       	ldi	r24, 0x00	; 0
     90a:	b9 cf       	rjmp	.-142    	; 0x87e <switchdmxinput>
     90c:	08 95       	ret

0000090e <dmx_worklight>:
* Work light function
* Enables constant white color light as long as function is selected
* Follows global brightness settings
*/
void dmx_worklight()
{
     90e:	cf 93       	push	r28
     910:	df 93       	push	r29
     912:	cd b7       	in	r28, 0x3d	; 61
     914:	de b7       	in	r29, 0x3e	; 62
     916:	d2 50       	subi	r29, 0x02	; 2
     918:	cd bf       	out	0x3d, r28	; 61
     91a:	de bf       	out	0x3e, r29	; 62
		unsigned char white[512] = {0xFF, 0xFF, 0xFF, 0xFF, 0xFF,0xFF, 0xFF, 0xFF, 0xFF, 0xFF,0xFF, 0xFF, 0xFF, 0xFF, 0xFF,0xFF, 0xFF, 0xFF, 0xFF, 0xFF,0xFF, 0xFF, 0xFF, 0xFF, 0xFF,0xFF, 0xFF, 0xFF, 0xFF, 0xFF,0xFF, 0xFF, 0xFF, 0xFF, 0xFF,0xFF, 0xFF, 0xFF, 0xFF, 0xFF,0xFF, 0xFF, 0xFF, 0xFF, 0xFF,0xFF, 0xFF, 0xFF, 0xFF, 0xFF,0xFF, 0xFF, 0xFF, 0xFF, 0xFF,0xFF, 0xFF, 0xFF, 0xFF, 0xFF,0xFF, 0xFF, 0xFF, 0xFF, 0xFF,0xFF, 0xFF, 0xFF, 0xFF, 0xFF,0xFF, 0xFF, 0xFF, 0xFF, 0xFF,0xFF, 0xFF, 0xFF, 0xFF, 0xFF,0xFF, 0xFF, 0xFF, 0xFF, 0xFF,0xFF, 0xFF, 0xFF, 0xFF, 0xFF,0xFF, 0xFF, 0xFF, 0xFF, 0xFF,0xFF, 0xFF, 0xFF, 0xFF, 0xFF,
     91c:	80 e0       	ldi	r24, 0x00	; 0
     91e:	92 e0       	ldi	r25, 0x02	; 2
     920:	ef ee       	ldi	r30, 0xEF	; 239
     922:	f0 e2       	ldi	r31, 0x20	; 32
     924:	de 01       	movw	r26, r28
     926:	11 96       	adiw	r26, 0x01	; 1
     928:	01 90       	ld	r0, Z+
     92a:	0d 92       	st	X+, r0
     92c:	01 97       	sbiw	r24, 0x01	; 1
     92e:	e1 f7       	brne	.-8      	; 0x928 <dmx_worklight+0x1a>
			0xFF, 0xFF, 0xFF, 0xFF, 0xFF,0xFF, 0xFF, 0xFF, 0xFF, 0xFF,0xFF, 0xFF, 0xFF, 0xFF, 0xFF,0xFF, 0xFF, 0xFF, 0xFF, 0xFF,0xFF, 0xFF, 0xFF, 0xFF, 0xFF,0xFF, 0xFF, 0xFF, 0xFF, 0xFF,0xFF, 0xFF, 0xFF, 0xFF, 0xFF,0xFF, 0xFF, 0xFF, 0xFF, 0xFF,0xFF, 0xFF, 0xFF, 0xFF, 0xFF,0xFF, 0xFF, 0xFF, 0xFF, 0xFF,0xFF, 0xFF, 0xFF, 0xFF, 0xFF,0xFF, 0xFF, 0xFF, 0xFF, 0xFF,0xFF, 0xFF, 0xFF, 0xFF, 0xFF,0xFF, 0xFF, 0xFF, 0xFF, 0xFF,0xFF, 0xFF, 0xFF, 0xFF, 0xFF,0xFF, 0xFF, 0xFF, 0xFF, 0xFF,0xFF, 0xFF, 0xFF, 0xFF, 0xFF,0xFF, 0xFF, 0xFF, 0xFF, 0xFF,0xFF, 0xFF, 0xFF, 0xFF, 0xFF,0xFF, 0xFF, 0xFF, 0xFF, 0xFF,
			0xFF, 0xFF, 0xFF, 0xFF, 0xFF,0xFF, 0xFF, 0xFF, 0xFF, 0xFF,0xFF,0xFF};

		uint16_t i = 0;
		
		switchdmxinput(PA_INTERNAL);
     930:	80 e0       	ldi	r24, 0x00	; 0
     932:	a5 df       	rcall	.-182    	; 0x87e <switchdmxinput>
		//Together switch DMX output to USB as Default
		
		for (i=0;i<512;i++)
		{
			white[i] = (0xff-(127-global_brightness))*2;
     934:	80 91 06 20 	lds	r24, 0x2006	; 0x802006 <global_brightness>
     938:	88 0f       	add	r24, r24
     93a:	fe 01       	movw	r30, r28
     93c:	31 96       	adiw	r30, 0x01	; 1
     93e:	9e 01       	movw	r18, r28
     940:	2f 5f       	subi	r18, 0xFF	; 255
     942:	3d 4f       	sbci	r19, 0xFD	; 253
     944:	81 93       	st	Z+, r24
		uint16_t i = 0;
		
		switchdmxinput(PA_INTERNAL);
		//Together switch DMX output to USB as Default
		
		for (i=0;i<512;i++)
     946:	e2 17       	cp	r30, r18
     948:	f3 07       	cpc	r31, r19
     94a:	e1 f7       	brne	.-8      	; 0x944 <dmx_worklight+0x36>
		{
			white[i] = (0xff-(127-global_brightness))*2;
		}
		
		start_dmx(&white[0],512);
     94c:	60 e0       	ldi	r22, 0x00	; 0
     94e:	72 e0       	ldi	r23, 0x02	; 2
     950:	ce 01       	movw	r24, r28
     952:	01 96       	adiw	r24, 0x01	; 1
     954:	4f df       	rcall	.-354    	; 0x7f4 <start_dmx>
	#else
		//round up by default
		__ticks_dc = (uint32_t)(ceil(fabs(__tmp)));
	#endif

	__builtin_avr_delay_cycles(__ticks_dc);
     956:	2f ef       	ldi	r18, 0xFF	; 255
     958:	80 e7       	ldi	r24, 0x70	; 112
     95a:	92 e0       	ldi	r25, 0x02	; 2
     95c:	21 50       	subi	r18, 0x01	; 1
     95e:	80 40       	sbci	r24, 0x00	; 0
     960:	90 40       	sbci	r25, 0x00	; 0
     962:	e1 f7       	brne	.-8      	; 0x95c <dmx_worklight+0x4e>
     964:	00 c0       	rjmp	.+0      	; 0x966 <dmx_worklight+0x58>
     966:	00 00       	nop
		_delay_ms(25);

}
     968:	de 5f       	subi	r29, 0xFE	; 254
     96a:	cd bf       	out	0x3d, r28	; 61
     96c:	de bf       	out	0x3e, r29	; 62
     96e:	df 91       	pop	r29
     970:	cf 91       	pop	r28
     972:	08 95       	ret

00000974 <flash_white_linked>:
* Is activated as long as corresponding button is pressed
* Output pure white as strobe effect on flasher only
* Follows global frequency settings
*/
void flash_white_linked()
{
     974:	8f 92       	push	r8
     976:	9f 92       	push	r9
     978:	af 92       	push	r10
     97a:	bf 92       	push	r11
     97c:	cf 92       	push	r12
     97e:	df 92       	push	r13
     980:	ef 92       	push	r14
     982:	ff 92       	push	r15
     984:	0f 93       	push	r16
     986:	1f 93       	push	r17
     988:	cf 93       	push	r28
     98a:	df 93       	push	r29
	uint8_t j = 0;
	_Bool toogle = 1;
	
	switchdmxinput(PA_INTERNAL);
     98c:	80 e0       	ldi	r24, 0x00	; 0
     98e:	77 df       	rcall	.-274    	; 0x87e <switchdmxinput>
* Follows global frequency settings
*/
void flash_white_linked()
{
	uint8_t j = 0;
	_Bool toogle = 1;
     990:	99 24       	eor	r9, r9
     992:	93 94       	inc	r9

	while(1)
	{
		if(DMX_data_valid){
			dma_bytecopy(&dmx_buffer[0],&dmx_output[0],512);
			while (DMA.CH1.CTRLA & DMA_CH_TRFREQ_bm);
     994:	00 e0       	ldi	r16, 0x00	; 0
     996:	11 e0       	ldi	r17, 0x01	; 1
			dmx_output[flash_blue_ch]=0xFF;
			dmx_output[flash_green_ch]=0xFF;
			toogle = 0;
		}
		else{
			dmx_output[flash_red_ch]=0x00;
     998:	0f 2e       	mov	r0, r31
     99a:	fd eb       	ldi	r31, 0xBD	; 189
     99c:	af 2e       	mov	r10, r31
     99e:	f9 e2       	ldi	r31, 0x29	; 41
     9a0:	bf 2e       	mov	r11, r31
     9a2:	f0 2d       	mov	r31, r0
			dmx_output[flash_blue_ch]=0x00;
			dmx_output[flash_green_ch]=0x00;
     9a4:	0f 2e       	mov	r0, r31
     9a6:	fe eb       	ldi	r31, 0xBE	; 190
     9a8:	cf 2e       	mov	r12, r31
     9aa:	f9 e2       	ldi	r31, 0x29	; 41
     9ac:	df 2e       	mov	r13, r31
     9ae:	f0 2d       	mov	r31, r0
			DMX_data_valid = 0;
			DMA_complete = 0;	
		}
		
		if(toogle){
			dmx_output[flash_red_ch]=0xFF;
     9b0:	88 24       	eor	r8, r8
     9b2:	8a 94       	dec	r8
		}

		start_dmx(&dmx_output[0],512);
		
		_delay_ms(23);
		for (j=0;j<(127-global_frequency);j++)
     9b4:	cf e7       	ldi	r28, 0x7F	; 127
     9b6:	d0 e0       	ldi	r29, 0x00	; 0
			{
				_delay_ms(1);
			}

		if (!(PORTD.IN & (1<<6)))										//wait for SBUF signal from display to get low
     9b8:	0f 2e       	mov	r0, r31
     9ba:	f0 e6       	ldi	r31, 0x60	; 96
     9bc:	ef 2e       	mov	r14, r31
     9be:	f6 e0       	ldi	r31, 0x06	; 6
     9c0:	ff 2e       	mov	r15, r31
     9c2:	f0 2d       	mov	r31, r0
	switchdmxinput(PA_INTERNAL);
	//Together switch DMX output to USB as Default

	while(1)
	{
		if(DMX_data_valid){
     9c4:	80 91 92 2c 	lds	r24, 0x2C92	; 0x802c92 <DMX_data_valid>
     9c8:	88 23       	and	r24, r24
     9ca:	b1 f0       	breq	.+44     	; 0x9f8 <flash_white_linked+0x84>
			dma_bytecopy(&dmx_buffer[0],&dmx_output[0],512);
     9cc:	40 e0       	ldi	r20, 0x00	; 0
     9ce:	52 e0       	ldi	r21, 0x02	; 2
     9d0:	61 e9       	ldi	r22, 0x91	; 145
     9d2:	78 e2       	ldi	r23, 0x28	; 40
     9d4:	81 e9       	ldi	r24, 0x91	; 145
     9d6:	9a e2       	ldi	r25, 0x2A	; 42
     9d8:	f9 de       	rcall	.-526    	; 0x7cc <dma_bytecopy>
			while (DMA.CH1.CTRLA & DMA_CH_TRFREQ_bm);
     9da:	f8 01       	movw	r30, r16
     9dc:	80 a1       	ldd	r24, Z+32	; 0x20
     9de:	84 fd       	sbrc	r24, 4
     9e0:	fc cf       	rjmp	.-8      	; 0x9da <flash_white_linked+0x66>
			DMA.CH1.CTRLA |= DMA_CH_TRFREQ_bm;	
     9e2:	80 a1       	ldd	r24, Z+32	; 0x20
     9e4:	80 61       	ori	r24, 0x10	; 16
     9e6:	80 a3       	std	Z+32, r24	; 0x20
			while(!DMA_complete);
     9e8:	80 91 91 2c 	lds	r24, 0x2C91	; 0x802c91 <DMA_complete>
     9ec:	88 23       	and	r24, r24
     9ee:	e1 f3       	breq	.-8      	; 0x9e8 <flash_white_linked+0x74>
			DMX_data_valid = 0;
     9f0:	10 92 92 2c 	sts	0x2C92, r1	; 0x802c92 <DMX_data_valid>
			DMA_complete = 0;	
     9f4:	10 92 91 2c 	sts	0x2C91, r1	; 0x802c91 <DMA_complete>
		}
		
		if(toogle){
     9f8:	99 20       	and	r9, r9
     9fa:	41 f0       	breq	.+16     	; 0xa0c <flash_white_linked+0x98>
			dmx_output[flash_red_ch]=0xFF;
     9fc:	f5 01       	movw	r30, r10
     9fe:	80 82       	st	Z, r8
			dmx_output[flash_blue_ch]=0xFF;
     a00:	80 92 93 28 	sts	0x2893, r8	; 0x802893 <dmx_output+0x2>
			dmx_output[flash_green_ch]=0xFF;
     a04:	f6 01       	movw	r30, r12
     a06:	80 82       	st	Z, r8
			toogle = 0;
     a08:	91 2c       	mov	r9, r1
     a0a:	08 c0       	rjmp	.+16     	; 0xa1c <flash_white_linked+0xa8>
		}
		else{
			dmx_output[flash_red_ch]=0x00;
     a0c:	f5 01       	movw	r30, r10
     a0e:	10 82       	st	Z, r1
			dmx_output[flash_blue_ch]=0x00;
     a10:	10 92 93 28 	sts	0x2893, r1	; 0x802893 <dmx_output+0x2>
			dmx_output[flash_green_ch]=0x00;
     a14:	f6 01       	movw	r30, r12
     a16:	10 82       	st	Z, r1
			toogle = 1;
     a18:	99 24       	eor	r9, r9
     a1a:	93 94       	inc	r9
		}

		start_dmx(&dmx_output[0],512);
     a1c:	60 e0       	ldi	r22, 0x00	; 0
     a1e:	72 e0       	ldi	r23, 0x02	; 2
     a20:	81 e9       	ldi	r24, 0x91	; 145
     a22:	98 e2       	ldi	r25, 0x28	; 40
     a24:	e7 de       	rcall	.-562    	; 0x7f4 <start_dmx>
     a26:	ff ef       	ldi	r31, 0xFF	; 255
     a28:	2e e3       	ldi	r18, 0x3E	; 62
     a2a:	32 e0       	ldi	r19, 0x02	; 2
     a2c:	f1 50       	subi	r31, 0x01	; 1
     a2e:	20 40       	sbci	r18, 0x00	; 0
     a30:	30 40       	sbci	r19, 0x00	; 0
     a32:	e1 f7       	brne	.-8      	; 0xa2c <flash_white_linked+0xb8>
     a34:	00 c0       	rjmp	.+0      	; 0xa36 <flash_white_linked+0xc2>
     a36:	00 00       	nop
		
		_delay_ms(23);
		for (j=0;j<(127-global_frequency);j++)
     a38:	80 91 05 20 	lds	r24, 0x2005	; 0x802005 <global_frequency>
     a3c:	fe 01       	movw	r30, r28
     a3e:	e8 1b       	sub	r30, r24
     a40:	f1 09       	sbc	r31, r1
     a42:	1e 16       	cp	r1, r30
     a44:	1f 06       	cpc	r1, r31
     a46:	94 f4       	brge	.+36     	; 0xa6c <flash_white_linked+0xf8>
     a48:	80 e0       	ldi	r24, 0x00	; 0
     a4a:	ef e3       	ldi	r30, 0x3F	; 63
     a4c:	ff e1       	ldi	r31, 0x1F	; 31
     a4e:	31 97       	sbiw	r30, 0x01	; 1
     a50:	f1 f7       	brne	.-4      	; 0xa4e <flash_white_linked+0xda>
     a52:	00 c0       	rjmp	.+0      	; 0xa54 <flash_white_linked+0xe0>
     a54:	00 00       	nop
     a56:	8f 5f       	subi	r24, 0xFF	; 255
     a58:	48 2f       	mov	r20, r24
     a5a:	50 e0       	ldi	r21, 0x00	; 0
     a5c:	90 91 05 20 	lds	r25, 0x2005	; 0x802005 <global_frequency>
     a60:	9e 01       	movw	r18, r28
     a62:	29 1b       	sub	r18, r25
     a64:	31 09       	sbc	r19, r1
     a66:	42 17       	cp	r20, r18
     a68:	53 07       	cpc	r21, r19
     a6a:	7c f3       	brlt	.-34     	; 0xa4a <flash_white_linked+0xd6>
			{
				_delay_ms(1);
			}

		if (!(PORTD.IN & (1<<6)))										//wait for SBUF signal from display to get low
     a6c:	f7 01       	movw	r30, r14
     a6e:	80 85       	ldd	r24, Z+8	; 0x08
     a70:	86 fd       	sbrc	r24, 6
			{
			switchdmxinput(global_pa_source);
     a72:	a8 cf       	rjmp	.-176    	; 0x9c4 <flash_white_linked+0x50>
     a74:	80 91 90 26 	lds	r24, 0x2690	; 0x802690 <__data_end>
     a78:	02 df       	rcall	.-508    	; 0x87e <switchdmxinput>
			//Together switch DMX output to USB as Default
			break;
			}
	}
}
     a7a:	df 91       	pop	r29
     a7c:	cf 91       	pop	r28
     a7e:	1f 91       	pop	r17
     a80:	0f 91       	pop	r16
     a82:	ff 90       	pop	r15
     a84:	ef 90       	pop	r14
     a86:	df 90       	pop	r13
     a88:	cf 90       	pop	r12
     a8a:	bf 90       	pop	r11
     a8c:	af 90       	pop	r10
     a8e:	9f 90       	pop	r9
     a90:	8f 90       	pop	r8
     a92:	08 95       	ret

00000a94 <flash_white_overall>:
* Is activated as long as corresponding button is pressed
* Output pure white as strobe effect
* Follows global frequency settings
*/
void flash_white_overall()
{
     a94:	ef 92       	push	r14
     a96:	ff 92       	push	r15
     a98:	0f 93       	push	r16
     a9a:	1f 93       	push	r17
     a9c:	cf 93       	push	r28
     a9e:	df 93       	push	r29
     aa0:	cd b7       	in	r28, 0x3d	; 61
     aa2:	de b7       	in	r29, 0x3e	; 62
     aa4:	d2 50       	subi	r29, 0x02	; 2
     aa6:	cd bf       	out	0x3d, r28	; 61
     aa8:	de bf       	out	0x3e, r29	; 62
	unsigned char white[512] = {0xFF, 0xFF, 0xFF, 0xFF, 0xFF,0xFF, 0xFF, 0xFF, 0xFF, 0xFF,0xFF, 0xFF, 0xFF, 0xFF, 0xFF,0xFF, 0xFF, 0xFF, 0xFF, 0xFF,0xFF, 0xFF, 0xFF, 0xFF, 0xFF,0xFF, 0xFF, 0xFF, 0xFF, 0xFF,0xFF, 0xFF, 0xFF, 0xFF, 0xFF,0xFF, 0xFF, 0xFF, 0xFF, 0xFF,0xFF, 0xFF, 0xFF, 0xFF, 0xFF,0xFF, 0xFF, 0xFF, 0xFF, 0xFF,0xFF, 0xFF, 0xFF, 0xFF, 0xFF,0xFF, 0xFF, 0xFF, 0xFF, 0xFF,0xFF, 0xFF, 0xFF, 0xFF, 0xFF,0xFF, 0xFF, 0xFF, 0xFF, 0xFF,0xFF, 0xFF, 0xFF, 0xFF, 0xFF,0xFF, 0xFF, 0xFF, 0xFF, 0xFF,0xFF, 0xFF, 0xFF, 0xFF, 0xFF,0xFF, 0xFF, 0xFF, 0xFF, 0xFF,0xFF, 0xFF, 0xFF, 0xFF, 0xFF,0xFF, 0xFF, 0xFF, 0xFF, 0xFF,
     aaa:	80 e0       	ldi	r24, 0x00	; 0
     aac:	92 e0       	ldi	r25, 0x02	; 2
     aae:	ef ee       	ldi	r30, 0xEF	; 239
     ab0:	f0 e2       	ldi	r31, 0x20	; 32
     ab2:	de 01       	movw	r26, r28
     ab4:	11 96       	adiw	r26, 0x01	; 1
     ab6:	01 90       	ld	r0, Z+
     ab8:	0d 92       	st	X+, r0
     aba:	01 97       	sbiw	r24, 0x01	; 1
     abc:	e1 f7       	brne	.-8      	; 0xab6 <flash_white_overall+0x22>
		0xFF, 0xFF, 0xFF, 0xFF, 0xFF,0xFF, 0xFF, 0xFF, 0xFF, 0xFF,0xFF, 0xFF, 0xFF, 0xFF, 0xFF,0xFF, 0xFF, 0xFF, 0xFF, 0xFF,0xFF, 0xFF, 0xFF, 0xFF, 0xFF,0xFF, 0xFF, 0xFF, 0xFF, 0xFF,0xFF, 0xFF, 0xFF, 0xFF, 0xFF,0xFF, 0xFF, 0xFF, 0xFF, 0xFF,0xFF, 0xFF, 0xFF, 0xFF, 0xFF,0xFF, 0xFF, 0xFF, 0xFF, 0xFF,0xFF, 0xFF, 0xFF, 0xFF, 0xFF,0xFF, 0xFF, 0xFF, 0xFF, 0xFF,0xFF, 0xFF, 0xFF, 0xFF, 0xFF,0xFF, 0xFF, 0xFF, 0xFF, 0xFF,0xFF, 0xFF, 0xFF, 0xFF, 0xFF,0xFF, 0xFF, 0xFF, 0xFF, 0xFF,0xFF, 0xFF, 0xFF, 0xFF, 0xFF,0xFF, 0xFF, 0xFF, 0xFF, 0xFF,0xFF, 0xFF, 0xFF, 0xFF, 0xFF,0xFF, 0xFF, 0xFF, 0xFF, 0xFF,
		0xFF, 0xFF, 0xFF, 0xFF, 0xFF,0xFF, 0xFF, 0xFF, 0xFF, 0xFF, 0xFF, 0xFF};

	uint8_t j = 0;
	
	switchdmxinput(PA_INTERNAL);
     abe:	80 e0       	ldi	r24, 0x00	; 0
     ac0:	de de       	rcall	.-580    	; 0x87e <switchdmxinput>
	
	while(1)
	{
		start_dmx(&white[0],512);
		_delay_ms(23);
		for (j=0;j<(127-global_frequency);j++)
     ac2:	0f e7       	ldi	r16, 0x7F	; 127
     ac4:	10 e0       	ldi	r17, 0x00	; 0
		_delay_ms(23);
		for (j=0;j<(127-global_frequency);j++)
		{
			_delay_ms(1);
		}
		if (!(PORTD.IN & (1<<6)))										//wait for SBUF signal from display to get low
     ac6:	0f 2e       	mov	r0, r31
     ac8:	f0 e6       	ldi	r31, 0x60	; 96
     aca:	ef 2e       	mov	r14, r31
     acc:	f6 e0       	ldi	r31, 0x06	; 6
     ace:	ff 2e       	mov	r15, r31
     ad0:	f0 2d       	mov	r31, r0
	switchdmxinput(PA_INTERNAL);
	//Together switch DMX output to USB as Default
	
	while(1)
	{
		start_dmx(&white[0],512);
     ad2:	60 e0       	ldi	r22, 0x00	; 0
     ad4:	72 e0       	ldi	r23, 0x02	; 2
     ad6:	ce 01       	movw	r24, r28
     ad8:	01 96       	adiw	r24, 0x01	; 1
     ada:	8c de       	rcall	.-744    	; 0x7f4 <start_dmx>
     adc:	2f ef       	ldi	r18, 0xFF	; 255
     ade:	3e e3       	ldi	r19, 0x3E	; 62
     ae0:	82 e0       	ldi	r24, 0x02	; 2
     ae2:	21 50       	subi	r18, 0x01	; 1
     ae4:	30 40       	sbci	r19, 0x00	; 0
     ae6:	80 40       	sbci	r24, 0x00	; 0
     ae8:	e1 f7       	brne	.-8      	; 0xae2 <flash_white_overall+0x4e>
     aea:	00 c0       	rjmp	.+0      	; 0xaec <flash_white_overall+0x58>
     aec:	00 00       	nop
		_delay_ms(23);
		for (j=0;j<(127-global_frequency);j++)
     aee:	80 91 05 20 	lds	r24, 0x2005	; 0x802005 <global_frequency>
     af2:	f8 01       	movw	r30, r16
     af4:	e8 1b       	sub	r30, r24
     af6:	f1 09       	sbc	r31, r1
     af8:	1e 16       	cp	r1, r30
     afa:	1f 06       	cpc	r1, r31
     afc:	94 f4       	brge	.+36     	; 0xb22 <flash_white_overall+0x8e>
     afe:	80 e0       	ldi	r24, 0x00	; 0
     b00:	ef e3       	ldi	r30, 0x3F	; 63
     b02:	ff e1       	ldi	r31, 0x1F	; 31
     b04:	31 97       	sbiw	r30, 0x01	; 1
     b06:	f1 f7       	brne	.-4      	; 0xb04 <flash_white_overall+0x70>
     b08:	00 c0       	rjmp	.+0      	; 0xb0a <flash_white_overall+0x76>
     b0a:	00 00       	nop
     b0c:	8f 5f       	subi	r24, 0xFF	; 255
     b0e:	48 2f       	mov	r20, r24
     b10:	50 e0       	ldi	r21, 0x00	; 0
     b12:	90 91 05 20 	lds	r25, 0x2005	; 0x802005 <global_frequency>
     b16:	98 01       	movw	r18, r16
     b18:	29 1b       	sub	r18, r25
     b1a:	31 09       	sbc	r19, r1
     b1c:	42 17       	cp	r20, r18
     b1e:	53 07       	cpc	r21, r19
     b20:	7c f3       	brlt	.-34     	; 0xb00 <flash_white_overall+0x6c>
		{
			_delay_ms(1);
		}
		start_dmx(&black[0],512);
     b22:	60 e0       	ldi	r22, 0x00	; 0
     b24:	72 e0       	ldi	r23, 0x02	; 2
     b26:	81 e9       	ldi	r24, 0x91	; 145
     b28:	96 e2       	ldi	r25, 0x26	; 38
     b2a:	64 de       	rcall	.-824    	; 0x7f4 <start_dmx>
     b2c:	ff ef       	ldi	r31, 0xFF	; 255
     b2e:	2e e3       	ldi	r18, 0x3E	; 62
     b30:	32 e0       	ldi	r19, 0x02	; 2
     b32:	f1 50       	subi	r31, 0x01	; 1
     b34:	20 40       	sbci	r18, 0x00	; 0
     b36:	30 40       	sbci	r19, 0x00	; 0
     b38:	e1 f7       	brne	.-8      	; 0xb32 <flash_white_overall+0x9e>
     b3a:	00 c0       	rjmp	.+0      	; 0xb3c <flash_white_overall+0xa8>
     b3c:	00 00       	nop
		_delay_ms(23);
		for (j=0;j<(127-global_frequency);j++)
     b3e:	80 91 05 20 	lds	r24, 0x2005	; 0x802005 <global_frequency>
     b42:	f8 01       	movw	r30, r16
     b44:	e8 1b       	sub	r30, r24
     b46:	f1 09       	sbc	r31, r1
     b48:	1e 16       	cp	r1, r30
     b4a:	1f 06       	cpc	r1, r31
     b4c:	94 f4       	brge	.+36     	; 0xb72 <flash_white_overall+0xde>
     b4e:	80 e0       	ldi	r24, 0x00	; 0
     b50:	ef e3       	ldi	r30, 0x3F	; 63
     b52:	ff e1       	ldi	r31, 0x1F	; 31
     b54:	31 97       	sbiw	r30, 0x01	; 1
     b56:	f1 f7       	brne	.-4      	; 0xb54 <flash_white_overall+0xc0>
     b58:	00 c0       	rjmp	.+0      	; 0xb5a <flash_white_overall+0xc6>
     b5a:	00 00       	nop
     b5c:	8f 5f       	subi	r24, 0xFF	; 255
     b5e:	48 2f       	mov	r20, r24
     b60:	50 e0       	ldi	r21, 0x00	; 0
     b62:	90 91 05 20 	lds	r25, 0x2005	; 0x802005 <global_frequency>
     b66:	98 01       	movw	r18, r16
     b68:	29 1b       	sub	r18, r25
     b6a:	31 09       	sbc	r19, r1
     b6c:	42 17       	cp	r20, r18
     b6e:	53 07       	cpc	r21, r19
     b70:	7c f3       	brlt	.-34     	; 0xb50 <flash_white_overall+0xbc>
		{
			_delay_ms(1);
		}
		if (!(PORTD.IN & (1<<6)))										//wait for SBUF signal from display to get low
     b72:	f7 01       	movw	r30, r14
     b74:	80 85       	ldd	r24, Z+8	; 0x08
     b76:	86 fd       	sbrc	r24, 6
		{
			switchdmxinput(global_pa_source);
     b78:	ac cf       	rjmp	.-168    	; 0xad2 <flash_white_overall+0x3e>
     b7a:	80 91 90 26 	lds	r24, 0x2690	; 0x802690 <__data_end>
     b7e:	7f de       	rcall	.-770    	; 0x87e <switchdmxinput>
			//Together switch DMX output to USB as Default
			break;	
		}
	}
}
     b80:	de 5f       	subi	r29, 0xFE	; 254
     b82:	cd bf       	out	0x3d, r28	; 61
     b84:	de bf       	out	0x3e, r29	; 62
     b86:	df 91       	pop	r29
     b88:	cf 91       	pop	r28
     b8a:	1f 91       	pop	r17
     b8c:	0f 91       	pop	r16
     b8e:	ff 90       	pop	r15
     b90:	ef 90       	pop	r14
     b92:	08 95       	ret

00000b94 <flash_white>:
/*
* Determines whether internal DMX signal is only applied to flasher or all of PA system
*/
void flash_white()
{
	if(!selected_linked)
     b94:	80 91 64 2d 	lds	r24, 0x2D64	; 0x802d64 <selected_linked>
     b98:	81 11       	cpse	r24, r1
     b9a:	02 c0       	rjmp	.+4      	; 0xba0 <flash_white+0xc>
	{
		flash_white_linked();
     b9c:	eb ce       	rjmp	.-554    	; 0x974 <flash_white_linked>
     b9e:	08 95       	ret
	}
	else
	{
		flash_white_overall();
     ba0:	79 cf       	rjmp	.-270    	; 0xa94 <flash_white_overall>
     ba2:	08 95       	ret

00000ba4 <flash_puke_linked>:
     ba4:	4f 92       	push	r4
* Output color as randomized effect on flasher only
* Random number generated via thermal noise off ADC port
* Follows global brightness and frequency settings
*/
void flash_puke_linked()
{
     ba6:	5f 92       	push	r5
     ba8:	6f 92       	push	r6
     baa:	7f 92       	push	r7
     bac:	8f 92       	push	r8
     bae:	9f 92       	push	r9
     bb0:	af 92       	push	r10
     bb2:	bf 92       	push	r11
     bb4:	cf 92       	push	r12
     bb6:	df 92       	push	r13
     bb8:	ef 92       	push	r14
     bba:	ff 92       	push	r15
     bbc:	0f 93       	push	r16
     bbe:	1f 93       	push	r17
     bc0:	cf 93       	push	r28
     bc2:	df 93       	push	r29
     bc4:	1f 92       	push	r1
     bc6:	cd b7       	in	r28, 0x3d	; 61
     bc8:	de b7       	in	r29, 0x3e	; 62
	uint8_t test4;
	uint8_t test5;
	uint8_t test6;
	volatile uint8_t testrand;
	
	switchdmxinput(PA_INTERNAL);
     bca:	80 e0       	ldi	r24, 0x00	; 0
     bcc:	58 de       	rcall	.-848    	; 0x87e <switchdmxinput>
* Random number generated via thermal noise off ADC port
* Follows global brightness and frequency settings
*/
void flash_puke_linked()
{
	_Bool toogle = 1;
     bce:	dd 24       	eor	r13, r13
     bd0:	d3 94       	inc	r13
	
	while(1)
	{
		if(DMX_data_valid){
			dma_bytecopy(&dmx_buffer[0],&dmx_output[0],512);
			while (DMA.CH1.CTRLA & DMA_CH_TRFREQ_bm);
     bd2:	e1 2c       	mov	r14, r1
     bd4:	ff 24       	eor	r15, r15
     bd6:	f3 94       	inc	r15
		toogle = 0;
		}
		
		else
		{
			dmx_output[flash_red_ch] = 0x00;
     bd8:	0f 2e       	mov	r0, r31
     bda:	fd eb       	ldi	r31, 0xBD	; 189
     bdc:	8f 2e       	mov	r8, r31
     bde:	f9 e2       	ldi	r31, 0x29	; 41
     be0:	9f 2e       	mov	r9, r31
     be2:	f0 2d       	mov	r31, r0
			dmx_output[flash_blue_ch] = 0x00;
			dmx_output[flash_green_ch] = 0x00;
     be4:	0f 2e       	mov	r0, r31
     be6:	fe eb       	ldi	r31, 0xBE	; 190
     be8:	6f 2e       	mov	r6, r31
     bea:	f9 e2       	ldi	r31, 0x29	; 41
     bec:	7f 2e       	mov	r7, r31
     bee:	f0 2d       	mov	r31, r0
				dmx_output[flash_blue_ch] = 0x00;
				dmx_output[flash_green_ch] = 0xFF;
			}
			else if(testrand<=100)
			{
				dmx_output[flash_red_ch] = 0xFF;
     bf0:	55 24       	eor	r5, r5
     bf2:	5a 94       	dec	r5
		}


		start_dmx(&dmx_output[0],512);
		_delay_ms(23);
		for (i=0;i<(127-global_frequency);i++)
     bf4:	0f e7       	ldi	r16, 0x7F	; 127
     bf6:	10 e0       	ldi	r17, 0x00	; 0
			{
				_delay_ms(1);
			}
		
		if (!(PORTD.IN & (1<<6)))										//wait for SBUF signal from display to get low
     bf8:	0f 2e       	mov	r0, r31
     bfa:	f0 e6       	ldi	r31, 0x60	; 96
     bfc:	af 2e       	mov	r10, r31
     bfe:	f6 e0       	ldi	r31, 0x06	; 6
     c00:	bf 2e       	mov	r11, r31
     c02:	f0 2d       	mov	r31, r0
	
	switchdmxinput(PA_INTERNAL);
	
	while(1)
	{
		if(DMX_data_valid){
     c04:	80 91 92 2c 	lds	r24, 0x2C92	; 0x802c92 <DMX_data_valid>
     c08:	88 23       	and	r24, r24
     c0a:	b1 f0       	breq	.+44     	; 0xc38 <flash_puke_linked+0x94>
			dma_bytecopy(&dmx_buffer[0],&dmx_output[0],512);
     c0c:	40 e0       	ldi	r20, 0x00	; 0
     c0e:	52 e0       	ldi	r21, 0x02	; 2
     c10:	61 e9       	ldi	r22, 0x91	; 145
     c12:	78 e2       	ldi	r23, 0x28	; 40
     c14:	81 e9       	ldi	r24, 0x91	; 145
     c16:	9a e2       	ldi	r25, 0x2A	; 42
     c18:	d9 dd       	rcall	.-1102   	; 0x7cc <dma_bytecopy>
			while (DMA.CH1.CTRLA & DMA_CH_TRFREQ_bm);
     c1a:	f7 01       	movw	r30, r14
     c1c:	80 a1       	ldd	r24, Z+32	; 0x20
     c1e:	84 fd       	sbrc	r24, 4
     c20:	fc cf       	rjmp	.-8      	; 0xc1a <flash_puke_linked+0x76>
			DMA.CH1.CTRLA |= DMA_CH_TRFREQ_bm;
     c22:	80 a1       	ldd	r24, Z+32	; 0x20
     c24:	80 61       	ori	r24, 0x10	; 16
     c26:	80 a3       	std	Z+32, r24	; 0x20
			while(!DMA_complete);
     c28:	80 91 91 2c 	lds	r24, 0x2C91	; 0x802c91 <DMA_complete>
     c2c:	88 23       	and	r24, r24
     c2e:	e1 f3       	breq	.-8      	; 0xc28 <flash_puke_linked+0x84>
			DMX_data_valid = 0;
     c30:	10 92 92 2c 	sts	0x2C92, r1	; 0x802c92 <DMX_data_valid>
			DMA_complete = 0;
     c34:	10 92 91 2c 	sts	0x2C91, r1	; 0x802c91 <DMA_complete>
		}
		if(toogle)
     c38:	dd 20       	and	r13, r13
     c3a:	09 f4       	brne	.+2      	; 0xc3e <flash_puke_linked+0x9a>
     c3c:	74 c0       	rjmp	.+232    	; 0xd26 <flash_puke_linked+0x182>
		{		
			test4 = ADCA_Conversion(&ADCA.CH0, 0);
     c3e:	60 e0       	ldi	r22, 0x00	; 0
     c40:	80 e2       	ldi	r24, 0x20	; 32
     c42:	92 e0       	ldi	r25, 0x02	; 2
     c44:	3e db       	rcall	.-2436   	; 0x2c2 <ADCA_Conversion>
     c46:	48 2e       	mov	r4, r24
     c48:	8f e3       	ldi	r24, 0x3F	; 63
     c4a:	9f e1       	ldi	r25, 0x1F	; 31
     c4c:	01 97       	sbiw	r24, 0x01	; 1
     c4e:	f1 f7       	brne	.-4      	; 0xc4c <flash_puke_linked+0xa8>
     c50:	00 c0       	rjmp	.+0      	; 0xc52 <flash_puke_linked+0xae>
     c52:	00 00       	nop
			_delay_ms(1);
			test5 = ADCA_Conversion(&ADCA.CH0, 0);
     c54:	60 e0       	ldi	r22, 0x00	; 0
     c56:	80 e2       	ldi	r24, 0x20	; 32
     c58:	92 e0       	ldi	r25, 0x02	; 2
     c5a:	33 db       	rcall	.-2458   	; 0x2c2 <ADCA_Conversion>
     c5c:	6c 01       	movw	r12, r24
     c5e:	ef e3       	ldi	r30, 0x3F	; 63
     c60:	ff e1       	ldi	r31, 0x1F	; 31
     c62:	31 97       	sbiw	r30, 0x01	; 1
     c64:	f1 f7       	brne	.-4      	; 0xc62 <flash_puke_linked+0xbe>
     c66:	00 c0       	rjmp	.+0      	; 0xc68 <flash_puke_linked+0xc4>
			_delay_ms(1);
			test6 = ADCA_Conversion(&ADCA.CH0, 0);
     c68:	00 00       	nop
     c6a:	60 e0       	ldi	r22, 0x00	; 0
     c6c:	80 e2       	ldi	r24, 0x20	; 32
     c6e:	92 e0       	ldi	r25, 0x02	; 2
     c70:	28 db       	rcall	.-2480   	; 0x2c2 <ADCA_Conversion>

			srand(test4+test5+test6);
     c72:	dd 24       	eor	r13, r13
     c74:	c4 0c       	add	r12, r4
     c76:	d1 1c       	adc	r13, r1
     c78:	96 01       	movw	r18, r12
     c7a:	28 0f       	add	r18, r24
     c7c:	31 1d       	adc	r19, r1
     c7e:	c9 01       	movw	r24, r18
     c80:	0e 94 29 1d 	call	0x3a52	; 0x3a52 <srand>
			testrand = rand()&100;
     c84:	0e 94 26 1d 	call	0x3a4c	; 0x3a4c <rand>
     c88:	84 76       	andi	r24, 0x64	; 100
     c8a:	89 83       	std	Y+1, r24	; 0x01
			
			if (testrand<=15)
     c8c:	89 81       	ldd	r24, Y+1	; 0x01
     c8e:	80 31       	cpi	r24, 0x10	; 16
     c90:	40 f4       	brcc	.+16     	; 0xca2 <flash_puke_linked+0xfe>
			{
				dmx_output[flash_red_ch] = 0xFF;
     c92:	f4 01       	movw	r30, r8
     c94:	50 82       	st	Z, r5
				dmx_output[flash_blue_ch] = 0x00;
     c96:	10 92 93 28 	sts	0x2893, r1	; 0x802893 <dmx_output+0x2>
				dmx_output[flash_green_ch] = 0x00;
     c9a:	f3 01       	movw	r30, r6
     c9c:	10 82       	st	Z, r1
				dmx_output[flash_red_ch] = 0xFF;
				dmx_output[flash_blue_ch] = 0xFF;
				dmx_output[flash_green_ch] = 0xFF;
			}
		
		toogle = 0;
     c9e:	d1 2c       	mov	r13, r1
     ca0:	4c c0       	rjmp	.+152    	; 0xd3a <flash_puke_linked+0x196>
			{
				dmx_output[flash_red_ch] = 0xFF;
				dmx_output[flash_blue_ch] = 0x00;
				dmx_output[flash_green_ch] = 0x00;
			}
			else if(testrand<=30)
     ca2:	89 81       	ldd	r24, Y+1	; 0x01
     ca4:	8f 31       	cpi	r24, 0x1F	; 31
     ca6:	40 f4       	brcc	.+16     	; 0xcb8 <flash_puke_linked+0x114>
			{
				dmx_output[flash_red_ch] = 0x00;
     ca8:	f4 01       	movw	r30, r8
     caa:	10 82       	st	Z, r1
				dmx_output[flash_blue_ch] = 0xFF;
     cac:	50 92 93 28 	sts	0x2893, r5	; 0x802893 <dmx_output+0x2>
				dmx_output[flash_green_ch] = 0x00;
     cb0:	f3 01       	movw	r30, r6
     cb2:	10 82       	st	Z, r1
				dmx_output[flash_red_ch] = 0xFF;
				dmx_output[flash_blue_ch] = 0xFF;
				dmx_output[flash_green_ch] = 0xFF;
			}
		
		toogle = 0;
     cb4:	d1 2c       	mov	r13, r1
     cb6:	41 c0       	rjmp	.+130    	; 0xd3a <flash_puke_linked+0x196>
			{
				dmx_output[flash_red_ch] = 0x00;
				dmx_output[flash_blue_ch] = 0xFF;
				dmx_output[flash_green_ch] = 0x00;
			}
			else if(testrand<=45)
     cb8:	89 81       	ldd	r24, Y+1	; 0x01
     cba:	8e 32       	cpi	r24, 0x2E	; 46
     cbc:	40 f4       	brcc	.+16     	; 0xcce <flash_puke_linked+0x12a>
			{
				dmx_output[flash_red_ch] = 0x00;
     cbe:	f4 01       	movw	r30, r8
     cc0:	10 82       	st	Z, r1
				dmx_output[flash_blue_ch] = 0x00;
     cc2:	10 92 93 28 	sts	0x2893, r1	; 0x802893 <dmx_output+0x2>
				dmx_output[flash_green_ch] = 0xFF;
     cc6:	f3 01       	movw	r30, r6
     cc8:	50 82       	st	Z, r5
				dmx_output[flash_red_ch] = 0xFF;
				dmx_output[flash_blue_ch] = 0xFF;
				dmx_output[flash_green_ch] = 0xFF;
			}
		
		toogle = 0;
     cca:	d1 2c       	mov	r13, r1
     ccc:	36 c0       	rjmp	.+108    	; 0xd3a <flash_puke_linked+0x196>
			{
				dmx_output[flash_red_ch] = 0x00;
				dmx_output[flash_blue_ch] = 0x00;
				dmx_output[flash_green_ch] = 0xFF;
			}
			else if(testrand<=60)
     cce:	89 81       	ldd	r24, Y+1	; 0x01
     cd0:	8d 33       	cpi	r24, 0x3D	; 61
     cd2:	40 f4       	brcc	.+16     	; 0xce4 <flash_puke_linked+0x140>
			{
				dmx_output[flash_red_ch] = 0xFF;
     cd4:	f4 01       	movw	r30, r8
     cd6:	50 82       	st	Z, r5
				dmx_output[flash_blue_ch] = 0xFF;
     cd8:	50 92 93 28 	sts	0x2893, r5	; 0x802893 <dmx_output+0x2>
				dmx_output[flash_green_ch] = 0x00;
     cdc:	f3 01       	movw	r30, r6
     cde:	10 82       	st	Z, r1
				dmx_output[flash_red_ch] = 0xFF;
				dmx_output[flash_blue_ch] = 0xFF;
				dmx_output[flash_green_ch] = 0xFF;
			}
		
		toogle = 0;
     ce0:	d1 2c       	mov	r13, r1
     ce2:	2b c0       	rjmp	.+86     	; 0xd3a <flash_puke_linked+0x196>
			{
				dmx_output[flash_red_ch] = 0xFF;
				dmx_output[flash_blue_ch] = 0xFF;
				dmx_output[flash_green_ch] = 0x00;
			}
			else if(testrand<=75)
     ce4:	89 81       	ldd	r24, Y+1	; 0x01
     ce6:	8c 34       	cpi	r24, 0x4C	; 76
     ce8:	40 f4       	brcc	.+16     	; 0xcfa <flash_puke_linked+0x156>
			{
				dmx_output[flash_red_ch] = 0x00;
     cea:	f4 01       	movw	r30, r8
     cec:	10 82       	st	Z, r1
				dmx_output[flash_blue_ch] = 0xFF;
     cee:	50 92 93 28 	sts	0x2893, r5	; 0x802893 <dmx_output+0x2>
				dmx_output[flash_green_ch] = 0xFF;
     cf2:	f3 01       	movw	r30, r6
     cf4:	50 82       	st	Z, r5
				dmx_output[flash_red_ch] = 0xFF;
				dmx_output[flash_blue_ch] = 0xFF;
				dmx_output[flash_green_ch] = 0xFF;
			}
		
		toogle = 0;
     cf6:	d1 2c       	mov	r13, r1
     cf8:	20 c0       	rjmp	.+64     	; 0xd3a <flash_puke_linked+0x196>
			{
				dmx_output[flash_red_ch] = 0x00;
				dmx_output[flash_blue_ch] = 0xFF;
				dmx_output[flash_green_ch] = 0xFF;
			}
			else if(testrand<=90)
     cfa:	89 81       	ldd	r24, Y+1	; 0x01
     cfc:	8b 35       	cpi	r24, 0x5B	; 91
     cfe:	40 f4       	brcc	.+16     	; 0xd10 <flash_puke_linked+0x16c>
			{
				dmx_output[flash_red_ch] = 0xFF;
     d00:	f4 01       	movw	r30, r8
     d02:	50 82       	st	Z, r5
				dmx_output[flash_blue_ch] = 0x00;
     d04:	10 92 93 28 	sts	0x2893, r1	; 0x802893 <dmx_output+0x2>
				dmx_output[flash_green_ch] = 0xFF;
     d08:	f3 01       	movw	r30, r6
     d0a:	50 82       	st	Z, r5
				dmx_output[flash_red_ch] = 0xFF;
				dmx_output[flash_blue_ch] = 0xFF;
				dmx_output[flash_green_ch] = 0xFF;
			}
		
		toogle = 0;
     d0c:	d1 2c       	mov	r13, r1
     d0e:	15 c0       	rjmp	.+42     	; 0xd3a <flash_puke_linked+0x196>
			{
				dmx_output[flash_red_ch] = 0xFF;
				dmx_output[flash_blue_ch] = 0x00;
				dmx_output[flash_green_ch] = 0xFF;
			}
			else if(testrand<=100)
     d10:	89 81       	ldd	r24, Y+1	; 0x01
     d12:	85 36       	cpi	r24, 0x65	; 101
     d14:	88 f4       	brcc	.+34     	; 0xd38 <flash_puke_linked+0x194>
			{
				dmx_output[flash_red_ch] = 0xFF;
     d16:	f4 01       	movw	r30, r8
     d18:	50 82       	st	Z, r5
				dmx_output[flash_blue_ch] = 0xFF;
     d1a:	50 92 93 28 	sts	0x2893, r5	; 0x802893 <dmx_output+0x2>
				dmx_output[flash_green_ch] = 0xFF;
     d1e:	f3 01       	movw	r30, r6
     d20:	50 82       	st	Z, r5
			}
		
		toogle = 0;
     d22:	d1 2c       	mov	r13, r1
     d24:	0a c0       	rjmp	.+20     	; 0xd3a <flash_puke_linked+0x196>
		}
		
		else
		{
			dmx_output[flash_red_ch] = 0x00;
     d26:	f4 01       	movw	r30, r8
     d28:	10 82       	st	Z, r1
			dmx_output[flash_blue_ch] = 0x00;
     d2a:	10 92 93 28 	sts	0x2893, r1	; 0x802893 <dmx_output+0x2>
			dmx_output[flash_green_ch] = 0x00;
     d2e:	f3 01       	movw	r30, r6
     d30:	10 82       	st	Z, r1
			toogle = 1;
     d32:	dd 24       	eor	r13, r13
     d34:	d3 94       	inc	r13
     d36:	01 c0       	rjmp	.+2      	; 0xd3a <flash_puke_linked+0x196>
		}


		start_dmx(&dmx_output[0],512);
     d38:	d1 2c       	mov	r13, r1
     d3a:	60 e0       	ldi	r22, 0x00	; 0
     d3c:	72 e0       	ldi	r23, 0x02	; 2
     d3e:	81 e9       	ldi	r24, 0x91	; 145
     d40:	98 e2       	ldi	r25, 0x28	; 40
     d42:	58 dd       	rcall	.-1360   	; 0x7f4 <start_dmx>
     d44:	ff ef       	ldi	r31, 0xFF	; 255
     d46:	2e e3       	ldi	r18, 0x3E	; 62
     d48:	32 e0       	ldi	r19, 0x02	; 2
     d4a:	f1 50       	subi	r31, 0x01	; 1
     d4c:	20 40       	sbci	r18, 0x00	; 0
     d4e:	30 40       	sbci	r19, 0x00	; 0
     d50:	e1 f7       	brne	.-8      	; 0xd4a <flash_puke_linked+0x1a6>
     d52:	00 c0       	rjmp	.+0      	; 0xd54 <flash_puke_linked+0x1b0>
     d54:	00 00       	nop
		_delay_ms(23);
		for (i=0;i<(127-global_frequency);i++)
     d56:	80 91 05 20 	lds	r24, 0x2005	; 0x802005 <global_frequency>
     d5a:	f8 01       	movw	r30, r16
     d5c:	e8 1b       	sub	r30, r24
     d5e:	f1 09       	sbc	r31, r1
     d60:	1e 16       	cp	r1, r30
     d62:	1f 06       	cpc	r1, r31
     d64:	94 f4       	brge	.+36     	; 0xd8a <flash_puke_linked+0x1e6>
     d66:	80 e0       	ldi	r24, 0x00	; 0
     d68:	ef e3       	ldi	r30, 0x3F	; 63
     d6a:	ff e1       	ldi	r31, 0x1F	; 31
     d6c:	31 97       	sbiw	r30, 0x01	; 1
     d6e:	f1 f7       	brne	.-4      	; 0xd6c <flash_puke_linked+0x1c8>
     d70:	00 c0       	rjmp	.+0      	; 0xd72 <flash_puke_linked+0x1ce>
     d72:	00 00       	nop
     d74:	8f 5f       	subi	r24, 0xFF	; 255
     d76:	48 2f       	mov	r20, r24
     d78:	50 e0       	ldi	r21, 0x00	; 0
     d7a:	90 91 05 20 	lds	r25, 0x2005	; 0x802005 <global_frequency>
     d7e:	98 01       	movw	r18, r16
     d80:	29 1b       	sub	r18, r25
     d82:	31 09       	sbc	r19, r1
     d84:	42 17       	cp	r20, r18
     d86:	53 07       	cpc	r21, r19
     d88:	7c f3       	brlt	.-34     	; 0xd68 <flash_puke_linked+0x1c4>
			{
				_delay_ms(1);
			}
		
		if (!(PORTD.IN & (1<<6)))										//wait for SBUF signal from display to get low
     d8a:	f5 01       	movw	r30, r10
     d8c:	80 85       	ldd	r24, Z+8	; 0x08
     d8e:	86 fd       	sbrc	r24, 6
			{
				switchdmxinput(global_pa_source);
     d90:	39 cf       	rjmp	.-398    	; 0xc04 <flash_puke_linked+0x60>
     d92:	80 91 90 26 	lds	r24, 0x2690	; 0x802690 <__data_end>
     d96:	73 dd       	rcall	.-1306   	; 0x87e <switchdmxinput>
				break;
			}
		
	}
}
     d98:	0f 90       	pop	r0
     d9a:	df 91       	pop	r29
     d9c:	cf 91       	pop	r28
     d9e:	1f 91       	pop	r17
     da0:	0f 91       	pop	r16
     da2:	ff 90       	pop	r15
     da4:	ef 90       	pop	r14
     da6:	df 90       	pop	r13
     da8:	cf 90       	pop	r12
     daa:	bf 90       	pop	r11
     dac:	af 90       	pop	r10
     dae:	9f 90       	pop	r9
     db0:	8f 90       	pop	r8
     db2:	7f 90       	pop	r7
     db4:	6f 90       	pop	r6
     db6:	5f 90       	pop	r5
     db8:	4f 90       	pop	r4
     dba:	08 95       	ret

00000dbc <flash_puke_overall>:
* Output color as randomized effect
* Random number generated via thermal noise off ADC port
* Follows global brightness and frequency settings
*/
void flash_puke_overall()
{
     dbc:	5f 92       	push	r5
     dbe:	6f 92       	push	r6
     dc0:	7f 92       	push	r7
     dc2:	8f 92       	push	r8
     dc4:	9f 92       	push	r9
     dc6:	af 92       	push	r10
     dc8:	bf 92       	push	r11
     dca:	cf 92       	push	r12
     dcc:	df 92       	push	r13
     dce:	ef 92       	push	r14
     dd0:	ff 92       	push	r15
     dd2:	0f 93       	push	r16
     dd4:	1f 93       	push	r17
     dd6:	cf 93       	push	r28
     dd8:	df 93       	push	r29
     dda:	cd b7       	in	r28, 0x3d	; 61
     ddc:	de b7       	in	r29, 0x3e	; 62
     dde:	c1 50       	subi	r28, 0x01	; 1
     de0:	d2 40       	sbci	r29, 0x02	; 2
     de2:	cd bf       	out	0x3d, r28	; 61
     de4:	de bf       	out	0x3e, r29	; 62
	unsigned char color[512] = {0x00, 0x00, 0x00, 0x00, 0x00, 0x00, 0x00, 0x00, 0x00, 0x00, 0x00, 0x00, 0x00, 0x00, 0x00, 0x00, 0x00, 0x00, 0x00, 0x00, 0x00, 0x00, 0x00, 0x00, 0x00, 0x00, 0x00, 0x00, 0x00, 0x00, 0x00, 0x00, 0x00, 0x00, 0x00, 0x00, 0x00, 0x00, 0x00, 0x00, 0x00, 0x00, 0x00, 0x00, 0x00, 0x00, 0x00, 0x00, 0x00, 0x00, 0x00, 0x00, 0x00, 0x00, 0x00, 0x00, 0x00, 0x00, 0x00, 0x00, 0x00, 0x00, 0x00, 0x00, 0x00, 0x00, 0x00, 0x00, 0x00, 0x00, 0x00, 0x00, 0x00, 0x00, 0x00, 0x00, 0x00, 0x00, 0x00, 0x00, 0x00, 0x00, 0x00, 0x00, 0x00, 0x00, 0x00, 0x00, 0x00, 0x00, 0x00, 0x00, 0x00, 0x00, 0x00, 0x00, 0x00, 0x00, 0x00, 0x00,
     de6:	fe 01       	movw	r30, r28
     de8:	31 96       	adiw	r30, 0x01	; 1
     dea:	80 e0       	ldi	r24, 0x00	; 0
     dec:	92 e0       	ldi	r25, 0x02	; 2
     dee:	df 01       	movw	r26, r30
     df0:	9c 01       	movw	r18, r24
     df2:	1d 92       	st	X+, r1
     df4:	21 50       	subi	r18, 0x01	; 1
     df6:	30 40       	sbci	r19, 0x00	; 0
     df8:	e1 f7       	brne	.-8      	; 0xdf2 <flash_puke_overall+0x36>
	uint8_t test4;
	uint8_t test5;
	uint8_t test6;
	volatile uint8_t testrand;
	
	switchdmxinput(PA_INTERNAL);
     dfa:	80 e0       	ldi	r24, 0x00	; 0
     dfc:	40 dd       	rcall	.-1408   	; 0x87e <switchdmxinput>
		test5 = ADCA_Conversion(&ADCA.CH0, 0);
		_delay_ms(1);
		test6 = ADCA_Conversion(&ADCA.CH0, 0);

		srand(test4+test5+test6);
		testrand = rand()&100;
     dfe:	6e 01       	movw	r12, r28
     e00:	3f ef       	ldi	r19, 0xFF	; 255
     e02:	c3 1a       	sub	r12, r19
     e04:	3d ef       	ldi	r19, 0xFD	; 253
     e06:	d3 0a       	sbc	r13, r19
		}
		else if(testrand<=100)
		{
				for (i=0;i<512;i++)
				{
					color[i]=0xFF;
     e08:	77 24       	eor	r7, r7
     e0a:	7a 94       	dec	r7
     e0c:	67 2c       	mov	r6, r7
     e0e:	8e 01       	movw	r16, r28
     e10:	01 50       	subi	r16, 0x01	; 1
     e12:	1e 4f       	sbci	r17, 0xFE	; 254
		
					
		
		start_dmx(&color[0],512);
		_delay_ms(23);
		for (j=0;j<(127-global_frequency);j++)
     e14:	0f 2e       	mov	r0, r31
     e16:	ff e7       	ldi	r31, 0x7F	; 127
     e18:	ef 2e       	mov	r14, r31
     e1a:	f1 2c       	mov	r15, r1
     e1c:	f0 2d       	mov	r31, r0
		for (j=0;j<(127-global_frequency);j++)
		{
			_delay_ms(1);
		}
		
		if (!(PORTD.IN & (1<<6)))										//wait for SBUF signal from display to get low
     e1e:	0f 2e       	mov	r0, r31
     e20:	f0 e6       	ldi	r31, 0x60	; 96
     e22:	af 2e       	mov	r10, r31
     e24:	f6 e0       	ldi	r31, 0x06	; 6
     e26:	bf 2e       	mov	r11, r31
     e28:	f0 2d       	mov	r31, r0
	switchdmxinput(PA_INTERNAL);
	
	while(1)
	{
		
		test4 = ADCA_Conversion(&ADCA.CH0, 0);
     e2a:	60 e0       	ldi	r22, 0x00	; 0
     e2c:	80 e2       	ldi	r24, 0x20	; 32
     e2e:	92 e0       	ldi	r25, 0x02	; 2
     e30:	48 da       	rcall	.-2928   	; 0x2c2 <ADCA_Conversion>
     e32:	58 2e       	mov	r5, r24
     e34:	8f e3       	ldi	r24, 0x3F	; 63
     e36:	9f e1       	ldi	r25, 0x1F	; 31
     e38:	01 97       	sbiw	r24, 0x01	; 1
     e3a:	f1 f7       	brne	.-4      	; 0xe38 <flash_puke_overall+0x7c>
     e3c:	00 c0       	rjmp	.+0      	; 0xe3e <flash_puke_overall+0x82>
     e3e:	00 00       	nop
		_delay_ms(1);
		test5 = ADCA_Conversion(&ADCA.CH0, 0);
     e40:	60 e0       	ldi	r22, 0x00	; 0
     e42:	80 e2       	ldi	r24, 0x20	; 32
     e44:	92 e0       	ldi	r25, 0x02	; 2
     e46:	3d da       	rcall	.-2950   	; 0x2c2 <ADCA_Conversion>
     e48:	4c 01       	movw	r8, r24
     e4a:	af e3       	ldi	r26, 0x3F	; 63
     e4c:	bf e1       	ldi	r27, 0x1F	; 31
     e4e:	11 97       	sbiw	r26, 0x01	; 1
     e50:	f1 f7       	brne	.-4      	; 0xe4e <flash_puke_overall+0x92>
     e52:	00 c0       	rjmp	.+0      	; 0xe54 <flash_puke_overall+0x98>
     e54:	00 00       	nop
		_delay_ms(1);
		test6 = ADCA_Conversion(&ADCA.CH0, 0);
     e56:	60 e0       	ldi	r22, 0x00	; 0
     e58:	80 e2       	ldi	r24, 0x20	; 32
     e5a:	92 e0       	ldi	r25, 0x02	; 2
     e5c:	32 da       	rcall	.-2972   	; 0x2c2 <ADCA_Conversion>

		srand(test4+test5+test6);
     e5e:	99 24       	eor	r9, r9
     e60:	85 0c       	add	r8, r5
     e62:	91 1c       	adc	r9, r1
     e64:	f4 01       	movw	r30, r8
     e66:	e8 0f       	add	r30, r24
     e68:	f1 1d       	adc	r31, r1
     e6a:	cf 01       	movw	r24, r30
     e6c:	0e 94 29 1d 	call	0x3a52	; 0x3a52 <srand>
		testrand = rand()&100;
     e70:	0e 94 26 1d 	call	0x3a4c	; 0x3a4c <rand>
     e74:	84 76       	andi	r24, 0x64	; 100
     e76:	d6 01       	movw	r26, r12
     e78:	8c 93       	st	X, r24
		
		if (testrand<=15)
     e7a:	8c 91       	ld	r24, X
     e7c:	80 31       	cpi	r24, 0x10	; 16
     e7e:	88 f4       	brcc	.+34     	; 0xea2 <flash_puke_overall+0xe6>
     e80:	fe 01       	movw	r30, r28
     e82:	31 96       	adiw	r30, 0x01	; 1
		{
				for (i=0;i<170;i++)
				{
					color[i*3]=0xFF;
     e84:	70 82       	st	Z, r7
					color[510]=0xFF;
     e86:	d8 01       	movw	r26, r16
     e88:	6c 92       	st	X, r6
					color[i*3+1]=0x00;
     e8a:	11 82       	std	Z+1, r1	; 0x01
					color[511]=0x00;
     e8c:	c0 50       	subi	r28, 0x00	; 0
     e8e:	de 4f       	sbci	r29, 0xFE	; 254
     e90:	18 82       	st	Y, r1
     e92:	c0 50       	subi	r28, 0x00	; 0
     e94:	d2 40       	sbci	r29, 0x02	; 2
					color[i*3+2]=0x00;
     e96:	12 82       	std	Z+2, r1	; 0x02
     e98:	33 96       	adiw	r30, 0x03	; 3
		srand(test4+test5+test6);
		testrand = rand()&100;
		
		if (testrand<=15)
		{
				for (i=0;i<170;i++)
     e9a:	e0 17       	cp	r30, r16
     e9c:	f1 07       	cpc	r31, r17
     e9e:	91 f7       	brne	.-28     	; 0xe84 <flash_puke_overall+0xc8>
     ea0:	73 c0       	rjmp	.+230    	; 0xf88 <flash_puke_overall+0x1cc>
					color[i*3+1]=0x00;
					color[511]=0x00;
					color[i*3+2]=0x00;
				}
		} 
		else if(testrand<=30)
     ea2:	f6 01       	movw	r30, r12
     ea4:	80 81       	ld	r24, Z
     ea6:	8f 31       	cpi	r24, 0x1F	; 31
     ea8:	88 f4       	brcc	.+34     	; 0xecc <flash_puke_overall+0x110>
     eaa:	fe 01       	movw	r30, r28
     eac:	31 96       	adiw	r30, 0x01	; 1
		{
				for (i=0;i<170;i++)
				{
					color[i*3]=0x00;
     eae:	10 82       	st	Z, r1
					color[510]=0x00;
     eb0:	d8 01       	movw	r26, r16
     eb2:	1c 92       	st	X, r1
					color[i*3+1]=0xFF;
     eb4:	71 82       	std	Z+1, r7	; 0x01
					color[511]=0xFF;
     eb6:	c0 50       	subi	r28, 0x00	; 0
     eb8:	de 4f       	sbci	r29, 0xFE	; 254
     eba:	68 82       	st	Y, r6
     ebc:	c0 50       	subi	r28, 0x00	; 0
     ebe:	d2 40       	sbci	r29, 0x02	; 2
					color[i*3+2]=0x00;
     ec0:	12 82       	std	Z+2, r1	; 0x02
     ec2:	33 96       	adiw	r30, 0x03	; 3
					color[i*3+2]=0x00;
				}
		} 
		else if(testrand<=30)
		{
				for (i=0;i<170;i++)
     ec4:	0e 17       	cp	r16, r30
     ec6:	1f 07       	cpc	r17, r31
     ec8:	91 f7       	brne	.-28     	; 0xeae <flash_puke_overall+0xf2>
     eca:	5e c0       	rjmp	.+188    	; 0xf88 <flash_puke_overall+0x1cc>
					color[i*3+1]=0xFF;
					color[511]=0xFF;
					color[i*3+2]=0x00;
				}
		}
		else if(testrand<=45)
     ecc:	f6 01       	movw	r30, r12
     ece:	80 81       	ld	r24, Z
     ed0:	8e 32       	cpi	r24, 0x2E	; 46
     ed2:	88 f4       	brcc	.+34     	; 0xef6 <flash_puke_overall+0x13a>
     ed4:	fe 01       	movw	r30, r28
     ed6:	31 96       	adiw	r30, 0x01	; 1
		{
				for (i=0;i<170;i++)
				{
					color[i*3]=0x00;
     ed8:	10 82       	st	Z, r1
					color[510]=0x00;
     eda:	d8 01       	movw	r26, r16
     edc:	1c 92       	st	X, r1
					color[i*3+1]=0x00;
     ede:	11 82       	std	Z+1, r1	; 0x01
					color[511]=0x00;
     ee0:	c0 50       	subi	r28, 0x00	; 0
     ee2:	de 4f       	sbci	r29, 0xFE	; 254
     ee4:	18 82       	st	Y, r1
     ee6:	c0 50       	subi	r28, 0x00	; 0
     ee8:	d2 40       	sbci	r29, 0x02	; 2
					color[i*3+2]=0xFF;
     eea:	72 82       	std	Z+2, r7	; 0x02
     eec:	33 96       	adiw	r30, 0x03	; 3
					color[i*3+2]=0x00;
				}
		}
		else if(testrand<=45)
		{
				for (i=0;i<170;i++)
     eee:	0e 17       	cp	r16, r30
     ef0:	1f 07       	cpc	r17, r31
     ef2:	91 f7       	brne	.-28     	; 0xed8 <flash_puke_overall+0x11c>
     ef4:	49 c0       	rjmp	.+146    	; 0xf88 <flash_puke_overall+0x1cc>
					color[i*3+1]=0x00;
					color[511]=0x00;
					color[i*3+2]=0xFF;
				}
		}
		else if(testrand<=60)
     ef6:	f6 01       	movw	r30, r12
     ef8:	80 81       	ld	r24, Z
     efa:	8d 33       	cpi	r24, 0x3D	; 61
     efc:	88 f4       	brcc	.+34     	; 0xf20 <flash_puke_overall+0x164>
     efe:	fe 01       	movw	r30, r28
     f00:	31 96       	adiw	r30, 0x01	; 1
		{
				for (i=0;i<170;i++)
				{
					color[i*3]=0xFF;
     f02:	70 82       	st	Z, r7
					color[510]=0xFF;
     f04:	d8 01       	movw	r26, r16
     f06:	6c 92       	st	X, r6
					color[i*3+1]=0xFF;
     f08:	71 82       	std	Z+1, r7	; 0x01
					color[511]=0xFF;
     f0a:	c0 50       	subi	r28, 0x00	; 0
     f0c:	de 4f       	sbci	r29, 0xFE	; 254
     f0e:	68 82       	st	Y, r6
     f10:	c0 50       	subi	r28, 0x00	; 0
     f12:	d2 40       	sbci	r29, 0x02	; 2
					color[i*3+2]=0x00;
     f14:	12 82       	std	Z+2, r1	; 0x02
     f16:	33 96       	adiw	r30, 0x03	; 3
					color[i*3+2]=0xFF;
				}
		}
		else if(testrand<=60)
		{
				for (i=0;i<170;i++)
     f18:	e0 17       	cp	r30, r16
     f1a:	f1 07       	cpc	r31, r17
     f1c:	91 f7       	brne	.-28     	; 0xf02 <flash_puke_overall+0x146>
     f1e:	34 c0       	rjmp	.+104    	; 0xf88 <flash_puke_overall+0x1cc>
					color[i*3+1]=0xFF;
					color[511]=0xFF;
					color[i*3+2]=0x00;
				}
		}
		else if(testrand<=75)
     f20:	f6 01       	movw	r30, r12
     f22:	80 81       	ld	r24, Z
     f24:	8c 34       	cpi	r24, 0x4C	; 76
     f26:	88 f4       	brcc	.+34     	; 0xf4a <flash_puke_overall+0x18e>
     f28:	fe 01       	movw	r30, r28
     f2a:	31 96       	adiw	r30, 0x01	; 1
		{
				for (i=0;i<170;i++)
				{
					color[i*3]=0xFF;
     f2c:	70 82       	st	Z, r7
					color[510]=0xFF;
     f2e:	d8 01       	movw	r26, r16
     f30:	6c 92       	st	X, r6
					color[i*3+1]=0x00;
     f32:	11 82       	std	Z+1, r1	; 0x01
					color[511]=0x00;
     f34:	c0 50       	subi	r28, 0x00	; 0
     f36:	de 4f       	sbci	r29, 0xFE	; 254
     f38:	18 82       	st	Y, r1
     f3a:	c0 50       	subi	r28, 0x00	; 0
     f3c:	d2 40       	sbci	r29, 0x02	; 2
					color[i*3+2]=0xFF;
     f3e:	72 82       	std	Z+2, r7	; 0x02
     f40:	33 96       	adiw	r30, 0x03	; 3
					color[i*3+2]=0x00;
				}
		}
		else if(testrand<=75)
		{
				for (i=0;i<170;i++)
     f42:	e0 17       	cp	r30, r16
     f44:	f1 07       	cpc	r31, r17
     f46:	91 f7       	brne	.-28     	; 0xf2c <flash_puke_overall+0x170>
     f48:	1f c0       	rjmp	.+62     	; 0xf88 <flash_puke_overall+0x1cc>
					color[i*3+1]=0x00;
					color[511]=0x00;
					color[i*3+2]=0xFF;
				}
		}
		else if(testrand<=90)
     f4a:	f6 01       	movw	r30, r12
     f4c:	80 81       	ld	r24, Z
     f4e:	8b 35       	cpi	r24, 0x5B	; 91
     f50:	88 f4       	brcc	.+34     	; 0xf74 <flash_puke_overall+0x1b8>
     f52:	fe 01       	movw	r30, r28
     f54:	31 96       	adiw	r30, 0x01	; 1
		{
				for (i=0;i<170;i++)
				{
					color[i*3]=0x00;
     f56:	10 82       	st	Z, r1
					color[510]=0x00;
     f58:	d8 01       	movw	r26, r16
     f5a:	1c 92       	st	X, r1
					color[i*3+1]=0xFF;
     f5c:	71 82       	std	Z+1, r7	; 0x01
					color[511]=0xFF;
     f5e:	c0 50       	subi	r28, 0x00	; 0
     f60:	de 4f       	sbci	r29, 0xFE	; 254
     f62:	68 82       	st	Y, r6
     f64:	c0 50       	subi	r28, 0x00	; 0
     f66:	d2 40       	sbci	r29, 0x02	; 2
					color[i*3+2]=0xFF;
     f68:	72 82       	std	Z+2, r7	; 0x02
     f6a:	33 96       	adiw	r30, 0x03	; 3
					color[i*3+2]=0xFF;
				}
		}
		else if(testrand<=90)
		{
				for (i=0;i<170;i++)
     f6c:	0e 17       	cp	r16, r30
     f6e:	1f 07       	cpc	r17, r31
     f70:	91 f7       	brne	.-28     	; 0xf56 <flash_puke_overall+0x19a>
     f72:	0a c0       	rjmp	.+20     	; 0xf88 <flash_puke_overall+0x1cc>
					color[i*3+1]=0xFF;
					color[511]=0xFF;
					color[i*3+2]=0xFF;
				}
		}
		else if(testrand<=100)
     f74:	f6 01       	movw	r30, r12
     f76:	80 81       	ld	r24, Z
     f78:	85 36       	cpi	r24, 0x65	; 101
     f7a:	30 f4       	brcc	.+12     	; 0xf88 <flash_puke_overall+0x1cc>
     f7c:	fe 01       	movw	r30, r28
     f7e:	31 96       	adiw	r30, 0x01	; 1
		{
				for (i=0;i<512;i++)
				{
					color[i]=0xFF;
     f80:	71 92       	st	Z+, r7
					color[i*3+2]=0xFF;
				}
		}
		else if(testrand<=100)
		{
				for (i=0;i<512;i++)
     f82:	ce 16       	cp	r12, r30
     f84:	df 06       	cpc	r13, r31
     f86:	e1 f7       	brne	.-8      	; 0xf80 <flash_puke_overall+0x1c4>
				}
		}	
		
					
		
		start_dmx(&color[0],512);
     f88:	60 e0       	ldi	r22, 0x00	; 0
     f8a:	72 e0       	ldi	r23, 0x02	; 2
     f8c:	ce 01       	movw	r24, r28
     f8e:	01 96       	adiw	r24, 0x01	; 1
     f90:	31 dc       	rcall	.-1950   	; 0x7f4 <start_dmx>
     f92:	ff ef       	ldi	r31, 0xFF	; 255
     f94:	2e e3       	ldi	r18, 0x3E	; 62
     f96:	32 e0       	ldi	r19, 0x02	; 2
     f98:	f1 50       	subi	r31, 0x01	; 1
     f9a:	20 40       	sbci	r18, 0x00	; 0
     f9c:	30 40       	sbci	r19, 0x00	; 0
     f9e:	e1 f7       	brne	.-8      	; 0xf98 <flash_puke_overall+0x1dc>
     fa0:	00 c0       	rjmp	.+0      	; 0xfa2 <flash_puke_overall+0x1e6>
     fa2:	00 00       	nop
		_delay_ms(23);
		for (j=0;j<(127-global_frequency);j++)
     fa4:	80 91 05 20 	lds	r24, 0x2005	; 0x802005 <global_frequency>
     fa8:	d7 01       	movw	r26, r14
     faa:	a8 1b       	sub	r26, r24
     fac:	b1 09       	sbc	r27, r1
     fae:	1a 16       	cp	r1, r26
     fb0:	1b 06       	cpc	r1, r27
     fb2:	94 f4       	brge	.+36     	; 0xfd8 <flash_puke_overall+0x21c>
     fb4:	80 e0       	ldi	r24, 0x00	; 0
     fb6:	ef e3       	ldi	r30, 0x3F	; 63
     fb8:	ff e1       	ldi	r31, 0x1F	; 31
     fba:	31 97       	sbiw	r30, 0x01	; 1
     fbc:	f1 f7       	brne	.-4      	; 0xfba <flash_puke_overall+0x1fe>
     fbe:	00 c0       	rjmp	.+0      	; 0xfc0 <flash_puke_overall+0x204>
     fc0:	00 00       	nop
     fc2:	8f 5f       	subi	r24, 0xFF	; 255
     fc4:	48 2f       	mov	r20, r24
     fc6:	50 e0       	ldi	r21, 0x00	; 0
     fc8:	90 91 05 20 	lds	r25, 0x2005	; 0x802005 <global_frequency>
     fcc:	97 01       	movw	r18, r14
     fce:	29 1b       	sub	r18, r25
     fd0:	31 09       	sbc	r19, r1
     fd2:	42 17       	cp	r20, r18
     fd4:	53 07       	cpc	r21, r19
		{
			_delay_ms(1);
		}
		start_dmx(&black[0],512);
     fd6:	7c f3       	brlt	.-34     	; 0xfb6 <flash_puke_overall+0x1fa>
     fd8:	60 e0       	ldi	r22, 0x00	; 0
     fda:	72 e0       	ldi	r23, 0x02	; 2
     fdc:	81 e9       	ldi	r24, 0x91	; 145
     fde:	96 e2       	ldi	r25, 0x26	; 38
     fe0:	09 dc       	rcall	.-2030   	; 0x7f4 <start_dmx>
     fe2:	ff ef       	ldi	r31, 0xFF	; 255
     fe4:	2e e3       	ldi	r18, 0x3E	; 62
     fe6:	32 e0       	ldi	r19, 0x02	; 2
     fe8:	f1 50       	subi	r31, 0x01	; 1
     fea:	20 40       	sbci	r18, 0x00	; 0
     fec:	30 40       	sbci	r19, 0x00	; 0
     fee:	e1 f7       	brne	.-8      	; 0xfe8 <flash_puke_overall+0x22c>
     ff0:	00 c0       	rjmp	.+0      	; 0xff2 <flash_puke_overall+0x236>
     ff2:	00 00       	nop
		_delay_ms(23);
		for (j=0;j<(127-global_frequency);j++)
     ff4:	80 91 05 20 	lds	r24, 0x2005	; 0x802005 <global_frequency>
     ff8:	d7 01       	movw	r26, r14
     ffa:	a8 1b       	sub	r26, r24
     ffc:	b1 09       	sbc	r27, r1
     ffe:	1a 16       	cp	r1, r26
    1000:	1b 06       	cpc	r1, r27
    1002:	94 f4       	brge	.+36     	; 0x1028 <__EEPROM_REGION_LENGTH__+0x28>
    1004:	80 e0       	ldi	r24, 0x00	; 0
    1006:	ef e3       	ldi	r30, 0x3F	; 63
    1008:	ff e1       	ldi	r31, 0x1F	; 31
    100a:	31 97       	sbiw	r30, 0x01	; 1
    100c:	f1 f7       	brne	.-4      	; 0x100a <__EEPROM_REGION_LENGTH__+0xa>
    100e:	00 c0       	rjmp	.+0      	; 0x1010 <__EEPROM_REGION_LENGTH__+0x10>
    1010:	00 00       	nop
    1012:	8f 5f       	subi	r24, 0xFF	; 255
    1014:	48 2f       	mov	r20, r24
    1016:	50 e0       	ldi	r21, 0x00	; 0
    1018:	90 91 05 20 	lds	r25, 0x2005	; 0x802005 <global_frequency>
    101c:	97 01       	movw	r18, r14
    101e:	29 1b       	sub	r18, r25
    1020:	31 09       	sbc	r19, r1
    1022:	42 17       	cp	r20, r18
    1024:	53 07       	cpc	r21, r19
    1026:	7c f3       	brlt	.-34     	; 0x1006 <__EEPROM_REGION_LENGTH__+0x6>
		{
			_delay_ms(1);
		}
		
		if (!(PORTD.IN & (1<<6)))										//wait for SBUF signal from display to get low
    1028:	d5 01       	movw	r26, r10
    102a:	18 96       	adiw	r26, 0x08	; 8
    102c:	8c 91       	ld	r24, X
    102e:	86 fd       	sbrc	r24, 6
		{
			switchdmxinput(global_pa_source);
    1030:	fc ce       	rjmp	.-520    	; 0xe2a <flash_puke_overall+0x6e>
    1032:	80 91 90 26 	lds	r24, 0x2690	; 0x802690 <__data_end>
    1036:	23 dc       	rcall	.-1978   	; 0x87e <switchdmxinput>
			break;
		}
	
	}
}
    1038:	cf 5f       	subi	r28, 0xFF	; 255
    103a:	dd 4f       	sbci	r29, 0xFD	; 253
    103c:	cd bf       	out	0x3d, r28	; 61
    103e:	de bf       	out	0x3e, r29	; 62
    1040:	df 91       	pop	r29
    1042:	cf 91       	pop	r28
    1044:	1f 91       	pop	r17
    1046:	0f 91       	pop	r16
    1048:	ff 90       	pop	r15
    104a:	ef 90       	pop	r14
    104c:	df 90       	pop	r13
    104e:	cf 90       	pop	r12
    1050:	bf 90       	pop	r11
    1052:	af 90       	pop	r10
    1054:	9f 90       	pop	r9
    1056:	8f 90       	pop	r8
    1058:	7f 90       	pop	r7
    105a:	6f 90       	pop	r6
    105c:	5f 90       	pop	r5
    105e:	08 95       	ret

00001060 <flash_puke>:
/*
* Determines whether internal DMX signal is only applied to flasher or all of PA system
*/
void flash_puke()
{
	if(!selected_linked)
    1060:	80 91 64 2d 	lds	r24, 0x2D64	; 0x802d64 <selected_linked>
    1064:	81 11       	cpse	r24, r1
    1066:	02 c0       	rjmp	.+4      	; 0x106c <flash_puke+0xc>
	{
		flash_puke_linked();
    1068:	9d cd       	rjmp	.-1222   	; 0xba4 <flash_puke_linked>
    106a:	08 95       	ret
	}
	else
	{
		flash_puke_overall();
    106c:	a7 ce       	rjmp	.-690    	; 0xdbc <flash_puke_overall>
    106e:	08 95       	ret

00001070 <flash_color_linked>:
    1070:	9f 92       	push	r9
* Is activated as long as corresponding button is pressed
* Output color as strobe effect corresponding to RGB sliders on strobe only
* Follows global brightness and frequency settings
*/
void flash_color_linked()
{
    1072:	af 92       	push	r10
    1074:	bf 92       	push	r11
    1076:	cf 92       	push	r12
    1078:	df 92       	push	r13
    107a:	ef 92       	push	r14
    107c:	ff 92       	push	r15
    107e:	0f 93       	push	r16
    1080:	1f 93       	push	r17
    1082:	cf 93       	push	r28
    1084:	df 93       	push	r29
	
	int16_t output_red = 0;
	int16_t output_green = 0;
	int16_t output_blue = 0;
	
	switchdmxinput(PA_INTERNAL);
    1086:	80 e0       	ldi	r24, 0x00	; 0
    1088:	fa db       	rcall	.-2060   	; 0x87e <switchdmxinput>
* Follows global brightness and frequency settings
*/
void flash_color_linked()
{

	_Bool toogle = 1;
    108a:	99 24       	eor	r9, r9
    108c:	93 94       	inc	r9

	while(1)
	{
		if(DMX_data_valid){
			dma_bytecopy(&dmx_buffer[0],&dmx_output[0],512);
			while (DMA.CH1.CTRLA & DMA_CH_TRFREQ_bm);
    108e:	00 e0       	ldi	r16, 0x00	; 0
    1090:	11 e0       	ldi	r17, 0x01	; 1
			}
		toogle = 0;
		}
		
		else{
			dmx_output[flash_red_ch] = 0x00;
    1092:	0f 2e       	mov	r0, r31
    1094:	fd eb       	ldi	r31, 0xBD	; 189
    1096:	af 2e       	mov	r10, r31
    1098:	f9 e2       	ldi	r31, 0x29	; 41
    109a:	bf 2e       	mov	r11, r31
    109c:	f0 2d       	mov	r31, r0
			dmx_output[flash_blue_ch] = 0x00;
			dmx_output[flash_green_ch] = 0x00;
    109e:	0f 2e       	mov	r0, r31
    10a0:	fe eb       	ldi	r31, 0xBE	; 190
    10a2:	cf 2e       	mov	r12, r31
    10a4:	f9 e2       	ldi	r31, 0x29	; 41
    10a6:	df 2e       	mov	r13, r31
    10a8:	f0 2d       	mov	r31, r0
			DMX_data_valid = 0;
			DMA_complete = 0;
		}
		if(toogle)
		{
		output_red = (global_red-(127-global_brightness))*2;
    10aa:	cf e7       	ldi	r28, 0x7F	; 127
    10ac:	d0 e0       	ldi	r29, 0x00	; 0
		{
			_delay_ms(1);
		}

		
		if (!(PORTD.IN & (1<<6)))						//Disable function as soon as button is released by checking for SBUF signal from display
    10ae:	0f 2e       	mov	r0, r31
    10b0:	f0 e6       	ldi	r31, 0x60	; 96
    10b2:	ef 2e       	mov	r14, r31
    10b4:	f6 e0       	ldi	r31, 0x06	; 6
    10b6:	ff 2e       	mov	r15, r31
    10b8:	f0 2d       	mov	r31, r0
	
	switchdmxinput(PA_INTERNAL);

	while(1)
	{
		if(DMX_data_valid){
    10ba:	80 91 92 2c 	lds	r24, 0x2C92	; 0x802c92 <DMX_data_valid>
    10be:	88 23       	and	r24, r24
    10c0:	b1 f0       	breq	.+44     	; 0x10ee <flash_color_linked+0x7e>
			dma_bytecopy(&dmx_buffer[0],&dmx_output[0],512);
    10c2:	40 e0       	ldi	r20, 0x00	; 0
    10c4:	52 e0       	ldi	r21, 0x02	; 2
    10c6:	61 e9       	ldi	r22, 0x91	; 145
    10c8:	78 e2       	ldi	r23, 0x28	; 40
    10ca:	81 e9       	ldi	r24, 0x91	; 145
    10cc:	9a e2       	ldi	r25, 0x2A	; 42
    10ce:	7e db       	rcall	.-2308   	; 0x7cc <dma_bytecopy>
			while (DMA.CH1.CTRLA & DMA_CH_TRFREQ_bm);
    10d0:	f8 01       	movw	r30, r16
    10d2:	80 a1       	ldd	r24, Z+32	; 0x20
    10d4:	84 fd       	sbrc	r24, 4
    10d6:	fc cf       	rjmp	.-8      	; 0x10d0 <flash_color_linked+0x60>
			DMA.CH1.CTRLA |= DMA_CH_TRFREQ_bm;
    10d8:	80 a1       	ldd	r24, Z+32	; 0x20
    10da:	80 61       	ori	r24, 0x10	; 16
    10dc:	80 a3       	std	Z+32, r24	; 0x20
			while(!DMA_complete);
    10de:	80 91 91 2c 	lds	r24, 0x2C91	; 0x802c91 <DMA_complete>
    10e2:	88 23       	and	r24, r24
    10e4:	e1 f3       	breq	.-8      	; 0x10de <flash_color_linked+0x6e>
			DMX_data_valid = 0;
    10e6:	10 92 92 2c 	sts	0x2C92, r1	; 0x802c92 <DMX_data_valid>
			DMA_complete = 0;
    10ea:	10 92 91 2c 	sts	0x2C91, r1	; 0x802c91 <DMA_complete>
		}
		if(toogle)
    10ee:	99 20       	and	r9, r9
    10f0:	a9 f1       	breq	.+106    	; 0x115c <flash_color_linked+0xec>
		{
		output_red = (global_red-(127-global_brightness))*2;
    10f2:	80 91 06 20 	lds	r24, 0x2006	; 0x802006 <global_brightness>
    10f6:	be 01       	movw	r22, r28
    10f8:	68 1b       	sub	r22, r24
    10fa:	71 09       	sbc	r23, r1
    10fc:	40 91 9b 2c 	lds	r20, 0x2C9B	; 0x802c9b <global_red>
    1100:	50 e0       	ldi	r21, 0x00	; 0
    1102:	46 1b       	sub	r20, r22
    1104:	57 0b       	sbc	r21, r23
    1106:	44 0f       	add	r20, r20
    1108:	55 1f       	adc	r21, r21
		output_green = (global_green-(127-global_brightness))*2;
    110a:	20 91 99 2c 	lds	r18, 0x2C99	; 0x802c99 <global_green>
    110e:	30 e0       	ldi	r19, 0x00	; 0
    1110:	26 1b       	sub	r18, r22
    1112:	37 0b       	sbc	r19, r23
    1114:	22 0f       	add	r18, r18
    1116:	33 1f       	adc	r19, r19
		output_blue = (global_blue-(127-global_brightness))*2;
    1118:	80 91 9a 2c 	lds	r24, 0x2C9A	; 0x802c9a <global_blue>
    111c:	90 e0       	ldi	r25, 0x00	; 0
    111e:	86 1b       	sub	r24, r22
    1120:	97 0b       	sbc	r25, r23
    1122:	88 0f       	add	r24, r24
    1124:	99 1f       	adc	r25, r25
		
			if (output_red>0)
    1126:	14 16       	cp	r1, r20
    1128:	15 06       	cpc	r1, r21
    112a:	1c f4       	brge	.+6      	; 0x1132 <flash_color_linked+0xc2>
			{
				dmx_output[flash_red_ch]=output_red;
    112c:	f5 01       	movw	r30, r10
    112e:	40 83       	st	Z, r20
    1130:	02 c0       	rjmp	.+4      	; 0x1136 <flash_color_linked+0xc6>
			}
			else
			{
				dmx_output[flash_red_ch]=0;
    1132:	f5 01       	movw	r30, r10
    1134:	10 82       	st	Z, r1
			}
			
			if (output_green>0)
    1136:	12 16       	cp	r1, r18
    1138:	13 06       	cpc	r1, r19
    113a:	1c f4       	brge	.+6      	; 0x1142 <flash_color_linked+0xd2>
			{
				dmx_output[flash_green_ch]=output_green;
    113c:	f6 01       	movw	r30, r12
    113e:	20 83       	st	Z, r18
    1140:	02 c0       	rjmp	.+4      	; 0x1146 <flash_color_linked+0xd6>
			}
			else
			{
				dmx_output[flash_green_ch]=0;
    1142:	f6 01       	movw	r30, r12
    1144:	10 82       	st	Z, r1
			}
			
			if (output_blue>0)
    1146:	18 16       	cp	r1, r24
    1148:	19 06       	cpc	r1, r25
    114a:	24 f4       	brge	.+8      	; 0x1154 <flash_color_linked+0xe4>
			{
				dmx_output[flash_blue_ch]=output_blue;
    114c:	80 93 93 28 	sts	0x2893, r24	; 0x802893 <dmx_output+0x2>
			}
			else
			{
				dmx_output[flash_blue_ch]=0;
			}
		toogle = 0;
    1150:	91 2c       	mov	r9, r1
    1152:	0c c0       	rjmp	.+24     	; 0x116c <flash_color_linked+0xfc>
			{
				dmx_output[flash_blue_ch]=output_blue;
			}
			else
			{
				dmx_output[flash_blue_ch]=0;
    1154:	10 92 93 28 	sts	0x2893, r1	; 0x802893 <dmx_output+0x2>
			}
		toogle = 0;
    1158:	91 2c       	mov	r9, r1
    115a:	08 c0       	rjmp	.+16     	; 0x116c <flash_color_linked+0xfc>
		}
		
		else{
			dmx_output[flash_red_ch] = 0x00;
    115c:	f5 01       	movw	r30, r10
    115e:	10 82       	st	Z, r1
			dmx_output[flash_blue_ch] = 0x00;
    1160:	10 92 93 28 	sts	0x2893, r1	; 0x802893 <dmx_output+0x2>
			dmx_output[flash_green_ch] = 0x00;
    1164:	f6 01       	movw	r30, r12
    1166:	10 82       	st	Z, r1
			toogle = 1;
    1168:	99 24       	eor	r9, r9
    116a:	93 94       	inc	r9
		}
		
		start_dmx(&dmx_output[0],512);
    116c:	60 e0       	ldi	r22, 0x00	; 0
    116e:	72 e0       	ldi	r23, 0x02	; 2
    1170:	81 e9       	ldi	r24, 0x91	; 145
    1172:	98 e2       	ldi	r25, 0x28	; 40
    1174:	3f db       	rcall	.-2434   	; 0x7f4 <start_dmx>
    1176:	ff ef       	ldi	r31, 0xFF	; 255
    1178:	2e e3       	ldi	r18, 0x3E	; 62
    117a:	32 e0       	ldi	r19, 0x02	; 2
    117c:	f1 50       	subi	r31, 0x01	; 1
    117e:	20 40       	sbci	r18, 0x00	; 0
    1180:	30 40       	sbci	r19, 0x00	; 0
    1182:	e1 f7       	brne	.-8      	; 0x117c <flash_color_linked+0x10c>
    1184:	00 c0       	rjmp	.+0      	; 0x1186 <flash_color_linked+0x116>
    1186:	00 00       	nop
		_delay_ms(23);
		for (i=0;i<(127-global_frequency);i++)
    1188:	80 91 05 20 	lds	r24, 0x2005	; 0x802005 <global_frequency>
    118c:	fe 01       	movw	r30, r28
    118e:	e8 1b       	sub	r30, r24
    1190:	f1 09       	sbc	r31, r1
    1192:	1e 16       	cp	r1, r30
    1194:	1f 06       	cpc	r1, r31
    1196:	94 f4       	brge	.+36     	; 0x11bc <flash_color_linked+0x14c>
    1198:	80 e0       	ldi	r24, 0x00	; 0
    119a:	ef e3       	ldi	r30, 0x3F	; 63
    119c:	ff e1       	ldi	r31, 0x1F	; 31
    119e:	31 97       	sbiw	r30, 0x01	; 1
    11a0:	f1 f7       	brne	.-4      	; 0x119e <flash_color_linked+0x12e>
    11a2:	00 c0       	rjmp	.+0      	; 0x11a4 <flash_color_linked+0x134>
    11a4:	00 00       	nop
    11a6:	8f 5f       	subi	r24, 0xFF	; 255
    11a8:	48 2f       	mov	r20, r24
    11aa:	50 e0       	ldi	r21, 0x00	; 0
    11ac:	90 91 05 20 	lds	r25, 0x2005	; 0x802005 <global_frequency>
    11b0:	9e 01       	movw	r18, r28
    11b2:	29 1b       	sub	r18, r25
    11b4:	31 09       	sbc	r19, r1
    11b6:	42 17       	cp	r20, r18
    11b8:	53 07       	cpc	r21, r19
    11ba:	7c f3       	brlt	.-34     	; 0x119a <flash_color_linked+0x12a>
		{
			_delay_ms(1);
		}

		
		if (!(PORTD.IN & (1<<6)))						//Disable function as soon as button is released by checking for SBUF signal from display
    11bc:	f7 01       	movw	r30, r14
    11be:	80 85       	ldd	r24, Z+8	; 0x08
    11c0:	86 fd       	sbrc	r24, 6
		{
			switchdmxinput(global_pa_source);
    11c2:	7b cf       	rjmp	.-266    	; 0x10ba <flash_color_linked+0x4a>
    11c4:	80 91 90 26 	lds	r24, 0x2690	; 0x802690 <__data_end>
			break;
		}
	}
	switchdmxinput(global_pa_source);	
    11c8:	5a db       	rcall	.-2380   	; 0x87e <switchdmxinput>
    11ca:	80 91 90 26 	lds	r24, 0x2690	; 0x802690 <__data_end>
    11ce:	57 db       	rcall	.-2386   	; 0x87e <switchdmxinput>
}
    11d0:	df 91       	pop	r29
    11d2:	cf 91       	pop	r28
    11d4:	1f 91       	pop	r17
    11d6:	0f 91       	pop	r16
    11d8:	ff 90       	pop	r15
    11da:	ef 90       	pop	r14
    11dc:	df 90       	pop	r13
    11de:	cf 90       	pop	r12
    11e0:	bf 90       	pop	r11
    11e2:	af 90       	pop	r10
    11e4:	9f 90       	pop	r9
    11e6:	08 95       	ret

000011e8 <flash_color_overall>:
* Is activated as long as corresponding button is pressed
* Output color as strobe effect corresponding to RGB sliders
* Follows global brightness and frequency settings
*/
void flash_color_overall()
{
    11e8:	cf 92       	push	r12
    11ea:	df 92       	push	r13
    11ec:	ef 92       	push	r14
    11ee:	ff 92       	push	r15
    11f0:	0f 93       	push	r16
    11f2:	1f 93       	push	r17
    11f4:	cf 93       	push	r28
    11f6:	df 93       	push	r29
    11f8:	cd b7       	in	r28, 0x3d	; 61
    11fa:	de b7       	in	r29, 0x3e	; 62
    11fc:	d2 50       	subi	r29, 0x02	; 2
    11fe:	cd bf       	out	0x3d, r28	; 61
    1200:	de bf       	out	0x3e, r29	; 62
		unsigned char color[512] = {0x00, 0x00, 0x00, 0x00, 0x00, 0x00, 0x00, 0x00, 0x00, 0x00, 0x00, 0x00, 0x00, 0x00, 0x00, 0x00, 0x00, 0x00, 0x00, 0x00, 0x00, 0x00, 0x00, 0x00, 0x00, 0x00, 0x00, 0x00, 0x00, 0x00, 0x00, 0x00, 0x00, 0x00, 0x00, 0x00, 0x00, 0x00, 0x00, 0x00, 0x00, 0x00, 0x00, 0x00, 0x00, 0x00, 0x00, 0x00, 0x00, 0x00, 0x00, 0x00, 0x00, 0x00, 0x00, 0x00, 0x00, 0x00, 0x00, 0x00, 0x00, 0x00, 0x00, 0x00, 0x00, 0x00, 0x00, 0x00, 0x00, 0x00, 0x00, 0x00, 0x00, 0x00, 0x00, 0x00, 0x00, 0x00, 0x00, 0x00, 0x00, 0x00, 0x00, 0x00, 0x00, 0x00, 0x00, 0x00, 0x00, 0x00, 0x00, 0x00, 0x00, 0x00, 0x00, 0x00, 0x00, 0x00, 0x00, 0x00,
    1202:	fe 01       	movw	r30, r28
    1204:	31 96       	adiw	r30, 0x01	; 1
    1206:	80 e0       	ldi	r24, 0x00	; 0
    1208:	92 e0       	ldi	r25, 0x02	; 2
    120a:	df 01       	movw	r26, r30
    120c:	9c 01       	movw	r18, r24
    120e:	1d 92       	st	X+, r1
    1210:	21 50       	subi	r18, 0x01	; 1
    1212:	30 40       	sbci	r19, 0x00	; 0
    1214:	e1 f7       	brne	.-8      	; 0x120e <flash_color_overall+0x26>
			0x00, 0x00, 0x00, 0x00, 0x00, 0x00, 0x00, 0x00, 0x00, 0x00, 0x00, 0x00};
		
		uint8_t i = 0;
		uint8_t j = 0;
		
		switchdmxinput(PA_INTERNAL);
    1216:	80 e0       	ldi	r24, 0x00	; 0
    1218:	32 db       	rcall	.-2460   	; 0x87e <switchdmxinput>
		int16_t output_green = 0;
		int16_t output_blue = 0;

		while(1)
		{
			output_red = (global_red-(127-global_brightness))*2;
    121a:	0f 2e       	mov	r0, r31
    121c:	ff e7       	ldi	r31, 0x7F	; 127
    121e:	ef 2e       	mov	r14, r31
    1220:	f1 2c       	mov	r15, r1
    1222:	f0 2d       	mov	r31, r0
    1224:	8e 01       	movw	r16, r28
    1226:	01 50       	subi	r16, 0x01	; 1
    1228:	1e 4f       	sbci	r17, 0xFE	; 254
			for (j=0;j<(127-global_frequency);j++)
			{
				_delay_ms(1);
			}
			
			if (!(PORTD.IN & (1<<6)))						//Disable function as soon as button is released by checking for SBUF sigal from display
    122a:	0f 2e       	mov	r0, r31
    122c:	f0 e6       	ldi	r31, 0x60	; 96
    122e:	cf 2e       	mov	r12, r31
    1230:	f6 e0       	ldi	r31, 0x06	; 6
    1232:	df 2e       	mov	r13, r31
    1234:	f0 2d       	mov	r31, r0
		int16_t output_green = 0;
		int16_t output_blue = 0;

		while(1)
		{
			output_red = (global_red-(127-global_brightness))*2;
    1236:	80 91 06 20 	lds	r24, 0x2006	; 0x802006 <global_brightness>
    123a:	b7 01       	movw	r22, r14
    123c:	68 1b       	sub	r22, r24
    123e:	71 09       	sbc	r23, r1
    1240:	20 91 9b 2c 	lds	r18, 0x2C9B	; 0x802c9b <global_red>
    1244:	30 e0       	ldi	r19, 0x00	; 0
    1246:	26 1b       	sub	r18, r22
    1248:	37 0b       	sbc	r19, r23
    124a:	22 0f       	add	r18, r18
    124c:	33 1f       	adc	r19, r19
			output_green = (global_green-(127-global_brightness))*2;
    124e:	80 91 99 2c 	lds	r24, 0x2C99	; 0x802c99 <global_green>
    1252:	90 e0       	ldi	r25, 0x00	; 0
    1254:	86 1b       	sub	r24, r22
    1256:	97 0b       	sbc	r25, r23
    1258:	88 0f       	add	r24, r24
    125a:	99 1f       	adc	r25, r25
			output_blue = (global_blue-(127-global_brightness))*2;
    125c:	40 91 9a 2c 	lds	r20, 0x2C9A	; 0x802c9a <global_blue>
    1260:	50 e0       	ldi	r21, 0x00	; 0
    1262:	46 1b       	sub	r20, r22
    1264:	57 0b       	sbc	r21, r23
    1266:	44 0f       	add	r20, r20
    1268:	55 1f       	adc	r21, r21
    126a:	fe 01       	movw	r30, r28
    126c:	31 96       	adiw	r30, 0x01	; 1
			
			for (i=0;i<170;i++)
			{
				if (output_red>0)
    126e:	12 16       	cp	r1, r18
    1270:	13 06       	cpc	r1, r19
    1272:	24 f4       	brge	.+8      	; 0x127c <flash_color_overall+0x94>
					{
						color[i*3]=output_red;
    1274:	20 83       	st	Z, r18
						color[510]=output_red;				//3*170 = 510 therefore last 2 channels needed to be added separately
    1276:	d8 01       	movw	r26, r16
    1278:	2c 93       	st	X, r18
    127a:	03 c0       	rjmp	.+6      	; 0x1282 <flash_color_overall+0x9a>
					}
				else
					{
						color[i*3]=0;
    127c:	10 82       	st	Z, r1
						color[510]=0;
    127e:	d8 01       	movw	r26, r16
    1280:	1c 92       	st	X, r1
					}
				
				if (output_green>0)
    1282:	18 16       	cp	r1, r24
    1284:	19 06       	cpc	r1, r25
    1286:	3c f4       	brge	.+14     	; 0x1296 <flash_color_overall+0xae>
					{
						color[i*3+1]=output_green;
    1288:	81 83       	std	Z+1, r24	; 0x01
						color[511]=output_green;
    128a:	c0 50       	subi	r28, 0x00	; 0
    128c:	de 4f       	sbci	r29, 0xFE	; 254
    128e:	88 83       	st	Y, r24
    1290:	c0 50       	subi	r28, 0x00	; 0
    1292:	d2 40       	sbci	r29, 0x02	; 2
    1294:	06 c0       	rjmp	.+12     	; 0x12a2 <flash_color_overall+0xba>
					}
				else
					{
						color[i*3+1]=0;
    1296:	11 82       	std	Z+1, r1	; 0x01
						color[511]=0;
    1298:	c0 50       	subi	r28, 0x00	; 0
    129a:	de 4f       	sbci	r29, 0xFE	; 254
    129c:	18 82       	st	Y, r1
    129e:	c0 50       	subi	r28, 0x00	; 0
    12a0:	d2 40       	sbci	r29, 0x02	; 2
					}
				
				if (output_blue>0)
    12a2:	14 16       	cp	r1, r20
    12a4:	15 06       	cpc	r1, r21
    12a6:	14 f4       	brge	.+4      	; 0x12ac <flash_color_overall+0xc4>
					{
						color[i*3+2]=output_blue;
    12a8:	42 83       	std	Z+2, r20	; 0x02
    12aa:	01 c0       	rjmp	.+2      	; 0x12ae <flash_color_overall+0xc6>
					}
				else
					{
						color[i*3+2]=0;
    12ac:	12 82       	std	Z+2, r1	; 0x02
    12ae:	33 96       	adiw	r30, 0x03	; 3
		{
			output_red = (global_red-(127-global_brightness))*2;
			output_green = (global_green-(127-global_brightness))*2;
			output_blue = (global_blue-(127-global_brightness))*2;
			
			for (i=0;i<170;i++)
    12b0:	e0 17       	cp	r30, r16
    12b2:	f1 07       	cpc	r31, r17
    12b4:	e1 f6       	brne	.-72     	; 0x126e <flash_color_overall+0x86>
					{
						color[i*3+2]=0;
					}
			}		
	
			start_dmx(&color[0],512);
    12b6:	60 e0       	ldi	r22, 0x00	; 0
    12b8:	72 e0       	ldi	r23, 0x02	; 2
    12ba:	ce 01       	movw	r24, r28
    12bc:	01 96       	adiw	r24, 0x01	; 1
    12be:	9a da       	rcall	.-2764   	; 0x7f4 <start_dmx>
    12c0:	bf ef       	ldi	r27, 0xFF	; 255
    12c2:	ee e3       	ldi	r30, 0x3E	; 62
    12c4:	f2 e0       	ldi	r31, 0x02	; 2
    12c6:	b1 50       	subi	r27, 0x01	; 1
    12c8:	e0 40       	sbci	r30, 0x00	; 0
    12ca:	f0 40       	sbci	r31, 0x00	; 0
    12cc:	e1 f7       	brne	.-8      	; 0x12c6 <flash_color_overall+0xde>
    12ce:	00 c0       	rjmp	.+0      	; 0x12d0 <flash_color_overall+0xe8>
    12d0:	00 00       	nop
			_delay_ms(23);
			for (j=0;j<(127-global_frequency);j++)
    12d2:	80 91 05 20 	lds	r24, 0x2005	; 0x802005 <global_frequency>
    12d6:	97 01       	movw	r18, r14
    12d8:	28 1b       	sub	r18, r24
    12da:	31 09       	sbc	r19, r1
    12dc:	c9 01       	movw	r24, r18
    12de:	18 16       	cp	r1, r24
    12e0:	19 06       	cpc	r1, r25
    12e2:	94 f4       	brge	.+36     	; 0x1308 <flash_color_overall+0x120>
    12e4:	80 e0       	ldi	r24, 0x00	; 0
    12e6:	af e3       	ldi	r26, 0x3F	; 63
    12e8:	bf e1       	ldi	r27, 0x1F	; 31
    12ea:	11 97       	sbiw	r26, 0x01	; 1
    12ec:	f1 f7       	brne	.-4      	; 0x12ea <flash_color_overall+0x102>
    12ee:	00 c0       	rjmp	.+0      	; 0x12f0 <flash_color_overall+0x108>
    12f0:	00 00       	nop
    12f2:	8f 5f       	subi	r24, 0xFF	; 255
    12f4:	48 2f       	mov	r20, r24
    12f6:	50 e0       	ldi	r21, 0x00	; 0
    12f8:	90 91 05 20 	lds	r25, 0x2005	; 0x802005 <global_frequency>
    12fc:	97 01       	movw	r18, r14
    12fe:	29 1b       	sub	r18, r25
    1300:	31 09       	sbc	r19, r1
    1302:	42 17       	cp	r20, r18
    1304:	53 07       	cpc	r21, r19
    1306:	7c f3       	brlt	.-34     	; 0x12e6 <flash_color_overall+0xfe>
			{
				_delay_ms(1);
			}
			start_dmx(&black[0],512);
    1308:	60 e0       	ldi	r22, 0x00	; 0
    130a:	72 e0       	ldi	r23, 0x02	; 2
    130c:	81 e9       	ldi	r24, 0x91	; 145
    130e:	96 e2       	ldi	r25, 0x26	; 38
    1310:	71 da       	rcall	.-2846   	; 0x7f4 <start_dmx>
    1312:	bf ef       	ldi	r27, 0xFF	; 255
    1314:	ee e3       	ldi	r30, 0x3E	; 62
    1316:	f2 e0       	ldi	r31, 0x02	; 2
    1318:	b1 50       	subi	r27, 0x01	; 1
    131a:	e0 40       	sbci	r30, 0x00	; 0
    131c:	f0 40       	sbci	r31, 0x00	; 0
    131e:	e1 f7       	brne	.-8      	; 0x1318 <flash_color_overall+0x130>
    1320:	00 c0       	rjmp	.+0      	; 0x1322 <flash_color_overall+0x13a>
    1322:	00 00       	nop
			_delay_ms(23);
			for (j=0;j<(127-global_frequency);j++)
    1324:	80 91 05 20 	lds	r24, 0x2005	; 0x802005 <global_frequency>
    1328:	97 01       	movw	r18, r14
    132a:	28 1b       	sub	r18, r24
    132c:	31 09       	sbc	r19, r1
    132e:	c9 01       	movw	r24, r18
    1330:	18 16       	cp	r1, r24
    1332:	19 06       	cpc	r1, r25
    1334:	94 f4       	brge	.+36     	; 0x135a <flash_color_overall+0x172>
    1336:	80 e0       	ldi	r24, 0x00	; 0
    1338:	af e3       	ldi	r26, 0x3F	; 63
    133a:	bf e1       	ldi	r27, 0x1F	; 31
    133c:	11 97       	sbiw	r26, 0x01	; 1
    133e:	f1 f7       	brne	.-4      	; 0x133c <flash_color_overall+0x154>
    1340:	00 c0       	rjmp	.+0      	; 0x1342 <flash_color_overall+0x15a>
    1342:	00 00       	nop
    1344:	8f 5f       	subi	r24, 0xFF	; 255
    1346:	48 2f       	mov	r20, r24
    1348:	50 e0       	ldi	r21, 0x00	; 0
    134a:	90 91 05 20 	lds	r25, 0x2005	; 0x802005 <global_frequency>
    134e:	97 01       	movw	r18, r14
    1350:	29 1b       	sub	r18, r25
    1352:	31 09       	sbc	r19, r1
    1354:	42 17       	cp	r20, r18
    1356:	53 07       	cpc	r21, r19
    1358:	7c f3       	brlt	.-34     	; 0x1338 <flash_color_overall+0x150>
			{
				_delay_ms(1);
			}
			
			if (!(PORTD.IN & (1<<6)))						//Disable function as soon as button is released by checking for SBUF sigal from display
    135a:	f6 01       	movw	r30, r12
    135c:	80 85       	ldd	r24, Z+8	; 0x08
    135e:	86 fd       	sbrc	r24, 6
			{
				switchdmxinput(global_pa_source);
    1360:	6a cf       	rjmp	.-300    	; 0x1236 <flash_color_overall+0x4e>
    1362:	80 91 90 26 	lds	r24, 0x2690	; 0x802690 <__data_end>
				break;
			}
		}
		
		switchdmxinput(global_pa_source);
    1366:	8b da       	rcall	.-2794   	; 0x87e <switchdmxinput>
    1368:	80 91 90 26 	lds	r24, 0x2690	; 0x802690 <__data_end>
    136c:	88 da       	rcall	.-2800   	; 0x87e <switchdmxinput>
	
}
    136e:	de 5f       	subi	r29, 0xFE	; 254
    1370:	cd bf       	out	0x3d, r28	; 61
    1372:	de bf       	out	0x3e, r29	; 62
    1374:	df 91       	pop	r29
    1376:	cf 91       	pop	r28
    1378:	1f 91       	pop	r17
    137a:	0f 91       	pop	r16
    137c:	ff 90       	pop	r15
    137e:	ef 90       	pop	r14
    1380:	df 90       	pop	r13
    1382:	cf 90       	pop	r12
    1384:	08 95       	ret

00001386 <flash_color>:
/*
* Determines whether internal DMX signal is only applied to flasher or all of PA system
*/
void flash_color()
{
	if(!selected_linked)
    1386:	80 91 64 2d 	lds	r24, 0x2D64	; 0x802d64 <selected_linked>
    138a:	81 11       	cpse	r24, r1
    138c:	02 c0       	rjmp	.+4      	; 0x1392 <flash_color+0xc>
	{
		flash_color_linked();
    138e:	70 ce       	rjmp	.-800    	; 0x1070 <flash_color_linked>
    1390:	08 95       	ret
	}
	else
	{
		flash_color_overall();
    1392:	2a cf       	rjmp	.-428    	; 0x11e8 <flash_color_overall>
    1394:	08 95       	ret

00001396 <solid_color_linked>:
    1396:	ef 92       	push	r14
* Is activated in most cases of single color selection or solid color choice
* Can generate permanent light or strobe effects
* Variable in color, brightness and frequency
*/
void solid_color_linked()
{
    1398:	ff 92       	push	r15
    139a:	0f 93       	push	r16
    139c:	1f 93       	push	r17
    139e:	cf 93       	push	r28
    13a0:	df 93       	push	r29
	
	int16_t output_red = 0;
	int16_t output_green = 0;
	int16_t output_blue = 0;
	
	switchdmxinput(PA_INTERNAL);
    13a2:	80 e0       	ldi	r24, 0x00	; 0
    13a4:	6c da       	rcall	.-2856   	; 0x87e <switchdmxinput>
	
	output_red = (global_red-(127-global_brightness))*2;
    13a6:	20 91 06 20 	lds	r18, 0x2006	; 0x802006 <global_brightness>
    13aa:	8f e7       	ldi	r24, 0x7F	; 127
    13ac:	90 e0       	ldi	r25, 0x00	; 0
    13ae:	82 1b       	sub	r24, r18
    13b0:	91 09       	sbc	r25, r1
    13b2:	e0 90 9b 2c 	lds	r14, 0x2C9B	; 0x802c9b <global_red>
    13b6:	f1 2c       	mov	r15, r1
    13b8:	e8 1a       	sub	r14, r24
    13ba:	f9 0a       	sbc	r15, r25
    13bc:	ee 0c       	add	r14, r14
    13be:	ff 1c       	adc	r15, r15
	output_green = (global_green-(127-global_brightness))*2;
    13c0:	00 91 99 2c 	lds	r16, 0x2C99	; 0x802c99 <global_green>
    13c4:	10 e0       	ldi	r17, 0x00	; 0
    13c6:	08 1b       	sub	r16, r24
    13c8:	19 0b       	sbc	r17, r25
    13ca:	00 0f       	add	r16, r16
    13cc:	11 1f       	adc	r17, r17
	output_blue = (global_blue-(127-global_brightness))*2;
    13ce:	c0 91 9a 2c 	lds	r28, 0x2C9A	; 0x802c9a <global_blue>
    13d2:	d0 e0       	ldi	r29, 0x00	; 0
    13d4:	c8 1b       	sub	r28, r24
    13d6:	d9 0b       	sbc	r29, r25
    13d8:	cc 0f       	add	r28, r28
    13da:	dd 1f       	adc	r29, r29
	
	if(DMX_data_valid){
    13dc:	80 91 92 2c 	lds	r24, 0x2C92	; 0x802c92 <DMX_data_valid>
    13e0:	88 23       	and	r24, r24
    13e2:	c9 f0       	breq	.+50     	; 0x1416 <solid_color_linked+0x80>
		dma_bytecopy(&dmx_buffer[0],&dmx_output[0],512);
    13e4:	40 e0       	ldi	r20, 0x00	; 0
    13e6:	52 e0       	ldi	r21, 0x02	; 2
    13e8:	61 e9       	ldi	r22, 0x91	; 145
    13ea:	78 e2       	ldi	r23, 0x28	; 40
    13ec:	81 e9       	ldi	r24, 0x91	; 145
    13ee:	9a e2       	ldi	r25, 0x2A	; 42
    13f0:	ed d9       	rcall	.-3110   	; 0x7cc <dma_bytecopy>
		while (DMA.CH1.CTRLA & DMA_CH_TRFREQ_bm);
    13f2:	e0 e0       	ldi	r30, 0x00	; 0
    13f4:	f1 e0       	ldi	r31, 0x01	; 1
    13f6:	80 a1       	ldd	r24, Z+32	; 0x20
    13f8:	84 fd       	sbrc	r24, 4
    13fa:	fd cf       	rjmp	.-6      	; 0x13f6 <solid_color_linked+0x60>
		DMA.CH1.CTRLA |= DMA_CH_TRFREQ_bm;
    13fc:	e0 e0       	ldi	r30, 0x00	; 0
    13fe:	f1 e0       	ldi	r31, 0x01	; 1
    1400:	80 a1       	ldd	r24, Z+32	; 0x20
    1402:	80 61       	ori	r24, 0x10	; 16
    1404:	80 a3       	std	Z+32, r24	; 0x20
		while(!DMA_complete);
    1406:	80 91 91 2c 	lds	r24, 0x2C91	; 0x802c91 <DMA_complete>
    140a:	88 23       	and	r24, r24
    140c:	e1 f3       	breq	.-8      	; 0x1406 <solid_color_linked+0x70>
		DMX_data_valid = 0;
    140e:	10 92 92 2c 	sts	0x2C92, r1	; 0x802c92 <DMX_data_valid>
		DMA_complete = 0;
    1412:	10 92 91 2c 	sts	0x2C91, r1	; 0x802c91 <DMA_complete>
	}
	
		if(toogle_red || toogle_solid)
    1416:	80 91 98 2c 	lds	r24, 0x2C98	; 0x802c98 <toogle_red>
    141a:	81 11       	cpse	r24, r1
    141c:	04 c0       	rjmp	.+8      	; 0x1426 <solid_color_linked+0x90>
    141e:	80 91 95 2c 	lds	r24, 0x2C95	; 0x802c95 <toogle_solid>
    1422:	88 23       	and	r24, r24
    1424:	49 f0       	breq	.+18     	; 0x1438 <solid_color_linked+0xa2>
		{
			if (output_red>0)
    1426:	1e 14       	cp	r1, r14
    1428:	1f 04       	cpc	r1, r15
    142a:	1c f4       	brge	.+6      	; 0x1432 <solid_color_linked+0x9c>
			{
				dmx_output[flash_red_ch]=output_red;
    142c:	e0 92 bd 29 	sts	0x29BD, r14	; 0x8029bd <dmx_output+0x12c>
    1430:	0a c0       	rjmp	.+20     	; 0x1446 <solid_color_linked+0xb0>
			}
			else
			{
				dmx_output[flash_red_ch]=0;
    1432:	10 92 bd 29 	sts	0x29BD, r1	; 0x8029bd <dmx_output+0x12c>
    1436:	07 c0       	rjmp	.+14     	; 0x1446 <solid_color_linked+0xb0>
			}
		}
		else
		{
			dmx_output[flash_red_ch]=0;
    1438:	10 92 bd 29 	sts	0x29BD, r1	; 0x8029bd <dmx_output+0x12c>
		}
		if(toogle_green || toogle_solid)
    143c:	80 91 97 2c 	lds	r24, 0x2C97	; 0x802c97 <toogle_green>
    1440:	81 11       	cpse	r24, r1
    1442:	09 c0       	rjmp	.+18     	; 0x1456 <solid_color_linked+0xc0>
    1444:	11 c0       	rjmp	.+34     	; 0x1468 <solid_color_linked+0xd2>
    1446:	80 91 97 2c 	lds	r24, 0x2C97	; 0x802c97 <toogle_green>
    144a:	81 11       	cpse	r24, r1
    144c:	04 c0       	rjmp	.+8      	; 0x1456 <solid_color_linked+0xc0>
    144e:	80 91 95 2c 	lds	r24, 0x2C95	; 0x802c95 <toogle_solid>
    1452:	88 23       	and	r24, r24
    1454:	49 f0       	breq	.+18     	; 0x1468 <solid_color_linked+0xd2>
		{
			if (output_green>0)
    1456:	10 16       	cp	r1, r16
    1458:	11 06       	cpc	r1, r17
    145a:	1c f4       	brge	.+6      	; 0x1462 <solid_color_linked+0xcc>
			{
				dmx_output[flash_green_ch]=output_green;
    145c:	00 93 be 29 	sts	0x29BE, r16	; 0x8029be <dmx_output+0x12d>
    1460:	0a c0       	rjmp	.+20     	; 0x1476 <solid_color_linked+0xe0>
			}
			else
			{
				dmx_output[flash_green_ch]=0;
    1462:	10 92 be 29 	sts	0x29BE, r1	; 0x8029be <dmx_output+0x12d>
    1466:	07 c0       	rjmp	.+14     	; 0x1476 <solid_color_linked+0xe0>
			}
		}
		else
		{
			dmx_output[flash_green_ch]=0;
    1468:	10 92 be 29 	sts	0x29BE, r1	; 0x8029be <dmx_output+0x12d>
		}
		if(toogle_blue || toogle_solid)
    146c:	80 91 96 2c 	lds	r24, 0x2C96	; 0x802c96 <toogle_blue>
    1470:	81 11       	cpse	r24, r1
    1472:	09 c0       	rjmp	.+18     	; 0x1486 <solid_color_linked+0xf0>
    1474:	11 c0       	rjmp	.+34     	; 0x1498 <solid_color_linked+0x102>
    1476:	80 91 96 2c 	lds	r24, 0x2C96	; 0x802c96 <toogle_blue>
    147a:	81 11       	cpse	r24, r1
    147c:	04 c0       	rjmp	.+8      	; 0x1486 <solid_color_linked+0xf0>
    147e:	80 91 95 2c 	lds	r24, 0x2C95	; 0x802c95 <toogle_solid>
    1482:	88 23       	and	r24, r24
    1484:	49 f0       	breq	.+18     	; 0x1498 <solid_color_linked+0x102>
		{
			if (output_blue>0)
    1486:	1c 16       	cp	r1, r28
    1488:	1d 06       	cpc	r1, r29
    148a:	1c f4       	brge	.+6      	; 0x1492 <solid_color_linked+0xfc>
			{
				dmx_output[flash_blue_ch]=output_blue;
    148c:	c0 93 93 28 	sts	0x2893, r28	; 0x802893 <dmx_output+0x2>
    1490:	06 c0       	rjmp	.+12     	; 0x149e <solid_color_linked+0x108>
			}
			else
			{
				dmx_output[flash_blue_ch]=0;
    1492:	10 92 93 28 	sts	0x2893, r1	; 0x802893 <dmx_output+0x2>
    1496:	03 c0       	rjmp	.+6      	; 0x149e <solid_color_linked+0x108>
			}
		}
		else
		{
			dmx_output[flash_blue_ch]=0;
    1498:	10 92 93 28 	sts	0x2893, r1	; 0x802893 <dmx_output+0x2>
    149c:	04 c0       	rjmp	.+8      	; 0x14a6 <solid_color_linked+0x110>
		}
			
			
		if(!toogle_solid)
    149e:	80 91 95 2c 	lds	r24, 0x2C95	; 0x802c95 <toogle_solid>
    14a2:	81 11       	cpse	r24, r1
    14a4:	0a c0       	rjmp	.+20     	; 0x14ba <solid_color_linked+0x124>
		{
			if(toogle)
    14a6:	80 91 04 20 	lds	r24, 0x2004	; 0x802004 <toogle.4669>
    14aa:	88 23       	and	r24, r24
    14ac:	31 f0       	breq	.+12     	; 0x14ba <solid_color_linked+0x124>
			{
				dmx_output[flash_red_ch] = 0x00;
    14ae:	10 92 bd 29 	sts	0x29BD, r1	; 0x8029bd <dmx_output+0x12c>
				dmx_output[flash_blue_ch] = 0x00;
    14b2:	10 92 93 28 	sts	0x2893, r1	; 0x802893 <dmx_output+0x2>
				dmx_output[flash_green_ch] = 0x00;
    14b6:	10 92 be 29 	sts	0x29BE, r1	; 0x8029be <dmx_output+0x12d>
			}
		}
		toogle = !toogle;
    14ba:	90 91 04 20 	lds	r25, 0x2004	; 0x802004 <toogle.4669>
    14be:	81 e0       	ldi	r24, 0x01	; 1
    14c0:	89 27       	eor	r24, r25
    14c2:	80 93 04 20 	sts	0x2004, r24	; 0x802004 <toogle.4669>
		
	start_dmx(&dmx_output[0],512);
    14c6:	60 e0       	ldi	r22, 0x00	; 0
    14c8:	72 e0       	ldi	r23, 0x02	; 2
    14ca:	81 e9       	ldi	r24, 0x91	; 145
    14cc:	98 e2       	ldi	r25, 0x28	; 40
    14ce:	92 d9       	rcall	.-3292   	; 0x7f4 <start_dmx>
    14d0:	8f ef       	ldi	r24, 0xFF	; 255
    14d2:	9e e3       	ldi	r25, 0x3E	; 62
    14d4:	e2 e0       	ldi	r30, 0x02	; 2
    14d6:	81 50       	subi	r24, 0x01	; 1
    14d8:	90 40       	sbci	r25, 0x00	; 0
    14da:	e0 40       	sbci	r30, 0x00	; 0
    14dc:	e1 f7       	brne	.-8      	; 0x14d6 <solid_color_linked+0x140>
    14de:	00 c0       	rjmp	.+0      	; 0x14e0 <solid_color_linked+0x14a>
    14e0:	00 00       	nop
	_delay_ms(23);
	for (i=0;i<(127-global_frequency);i++)
    14e2:	20 91 05 20 	lds	r18, 0x2005	; 0x802005 <global_frequency>
    14e6:	8f e7       	ldi	r24, 0x7F	; 127
    14e8:	90 e0       	ldi	r25, 0x00	; 0
    14ea:	82 1b       	sub	r24, r18
    14ec:	91 09       	sbc	r25, r1
    14ee:	18 16       	cp	r1, r24
    14f0:	19 06       	cpc	r1, r25
    14f2:	a4 f4       	brge	.+40     	; 0x151c <solid_color_linked+0x186>
    14f4:	80 e0       	ldi	r24, 0x00	; 0
    14f6:	6f e7       	ldi	r22, 0x7F	; 127
    14f8:	70 e0       	ldi	r23, 0x00	; 0
    14fa:	ef e3       	ldi	r30, 0x3F	; 63
    14fc:	ff e1       	ldi	r31, 0x1F	; 31
    14fe:	31 97       	sbiw	r30, 0x01	; 1
    1500:	f1 f7       	brne	.-4      	; 0x14fe <solid_color_linked+0x168>
    1502:	00 c0       	rjmp	.+0      	; 0x1504 <solid_color_linked+0x16e>
    1504:	00 00       	nop
    1506:	8f 5f       	subi	r24, 0xFF	; 255
    1508:	48 2f       	mov	r20, r24
    150a:	50 e0       	ldi	r21, 0x00	; 0
    150c:	90 91 05 20 	lds	r25, 0x2005	; 0x802005 <global_frequency>
    1510:	9b 01       	movw	r18, r22
    1512:	29 1b       	sub	r18, r25
    1514:	31 09       	sbc	r19, r1
    1516:	42 17       	cp	r20, r18
    1518:	53 07       	cpc	r21, r19
	{
		_delay_ms(1);
	}	
	
	switchdmxinput(global_pa_source);
    151a:	7c f3       	brlt	.-34     	; 0x14fa <solid_color_linked+0x164>
    151c:	80 91 90 26 	lds	r24, 0x2690	; 0x802690 <__data_end>
    1520:	ae d9       	rcall	.-3236   	; 0x87e <switchdmxinput>
	
}
    1522:	df 91       	pop	r29
    1524:	cf 91       	pop	r28
    1526:	1f 91       	pop	r17
    1528:	0f 91       	pop	r16
    152a:	ff 90       	pop	r15
    152c:	ef 90       	pop	r14
    152e:	08 95       	ret

00001530 <solid_color_overall>:
* Is activated in most cases as output source
* Can generate permanent light or strobe effects
* Variable in color, brightness and frequency
*/
void solid_color_overall()
{
    1530:	0f 93       	push	r16
    1532:	1f 93       	push	r17
    1534:	cf 93       	push	r28
    1536:	df 93       	push	r29
    1538:	cd b7       	in	r28, 0x3d	; 61
    153a:	de b7       	in	r29, 0x3e	; 62
    153c:	d2 50       	subi	r29, 0x02	; 2
    153e:	cd bf       	out	0x3d, r28	; 61
    1540:	de bf       	out	0x3e, r29	; 62
	unsigned char color[512] = {0x00, 0x00, 0x00, 0x00, 0x00, 0x00, 0x00, 0x00, 0x00, 0x00, 0x00, 0x00, 0x00, 0x00, 0x00, 0x00, 0x00, 0x00, 0x00, 0x00, 0x00, 0x00, 0x00, 0x00, 0x00, 0x00, 0x00, 0x00, 0x00, 0x00, 0x00, 0x00, 0x00, 0x00, 0x00, 0x00, 0x00, 0x00, 0x00, 0x00, 0x00, 0x00, 0x00, 0x00, 0x00, 0x00, 0x00, 0x00, 0x00, 0x00, 0x00, 0x00, 0x00, 0x00, 0x00, 0x00, 0x00, 0x00, 0x00, 0x00, 0x00, 0x00, 0x00, 0x00, 0x00, 0x00, 0x00, 0x00, 0x00, 0x00, 0x00, 0x00, 0x00, 0x00, 0x00, 0x00, 0x00, 0x00, 0x00, 0x00, 0x00, 0x00, 0x00, 0x00, 0x00, 0x00, 0x00, 0x00, 0x00, 0x00, 0x00, 0x00, 0x00, 0x00, 0x00, 0x00, 0x00, 0x00, 0x00, 0x00,
    1542:	fe 01       	movw	r30, r28
    1544:	31 96       	adiw	r30, 0x01	; 1
    1546:	80 e0       	ldi	r24, 0x00	; 0
    1548:	92 e0       	ldi	r25, 0x02	; 2
    154a:	df 01       	movw	r26, r30
    154c:	9c 01       	movw	r18, r24
    154e:	1d 92       	st	X+, r1
    1550:	21 50       	subi	r18, 0x01	; 1
    1552:	30 40       	sbci	r19, 0x00	; 0
    1554:	e1 f7       	brne	.-8      	; 0x154e <solid_color_overall+0x1e>
	
	int16_t output_red = 0;
	int16_t output_green = 0;
	int16_t output_blue = 0;
	
	switchdmxinput(PA_INTERNAL);
    1556:	80 e0       	ldi	r24, 0x00	; 0
    1558:	92 d9       	rcall	.-3292   	; 0x87e <switchdmxinput>
			
	output_red = (global_red-(127-global_brightness))*2;
    155a:	80 91 06 20 	lds	r24, 0x2006	; 0x802006 <global_brightness>
    155e:	6f e7       	ldi	r22, 0x7F	; 127
    1560:	70 e0       	ldi	r23, 0x00	; 0
    1562:	68 1b       	sub	r22, r24
    1564:	71 09       	sbc	r23, r1
    1566:	80 91 9b 2c 	lds	r24, 0x2C9B	; 0x802c9b <global_red>
    156a:	90 e0       	ldi	r25, 0x00	; 0
    156c:	86 1b       	sub	r24, r22
    156e:	97 0b       	sbc	r25, r23
    1570:	88 0f       	add	r24, r24
    1572:	99 1f       	adc	r25, r25
	output_green = (global_green-(127-global_brightness))*2;
    1574:	20 91 99 2c 	lds	r18, 0x2C99	; 0x802c99 <global_green>
    1578:	30 e0       	ldi	r19, 0x00	; 0
    157a:	26 1b       	sub	r18, r22
    157c:	37 0b       	sbc	r19, r23
    157e:	22 0f       	add	r18, r18
    1580:	33 1f       	adc	r19, r19
	output_blue = (global_blue-(127-global_brightness))*2;
    1582:	40 91 9a 2c 	lds	r20, 0x2C9A	; 0x802c9a <global_blue>
    1586:	50 e0       	ldi	r21, 0x00	; 0
    1588:	46 1b       	sub	r20, r22
    158a:	57 0b       	sbc	r21, r23
    158c:	44 0f       	add	r20, r20
    158e:	55 1f       	adc	r21, r21
	
	if (toogle_red || toogle_green || toogle_blue || toogle_solid)
    1590:	70 91 98 2c 	lds	r23, 0x2C98	; 0x802c98 <toogle_red>
    1594:	77 23       	and	r23, r23
    1596:	61 f0       	breq	.+24     	; 0x15b0 <solid_color_overall+0x80>
	{
		for (i=0;i<170;i++)
		{
			if(toogle_red || toogle_solid)
    1598:	60 91 95 2c 	lds	r22, 0x2C95	; 0x802c95 <toogle_solid>
			else
			{
				color[i*3]=0;
				color[510]=0;
			}
			if(toogle_green || toogle_solid)
    159c:	00 91 97 2c 	lds	r16, 0x2C97	; 0x802c97 <toogle_green>
			}
			else
			{
				color[i*3+1]=0;
			}
			if(toogle_blue || toogle_solid)
    15a0:	10 91 96 2c 	lds	r17, 0x2C96	; 0x802c96 <toogle_blue>
    15a4:	fe 01       	movw	r30, r28
    15a6:	31 96       	adiw	r30, 0x01	; 1
    15a8:	de 01       	movw	r26, r28
    15aa:	a1 50       	subi	r26, 0x01	; 1
    15ac:	be 4f       	sbci	r27, 0xFE	; 254
    15ae:	0d c0       	rjmp	.+26     	; 0x15ca <solid_color_overall+0x9a>
			
	output_red = (global_red-(127-global_brightness))*2;
	output_green = (global_green-(127-global_brightness))*2;
	output_blue = (global_blue-(127-global_brightness))*2;
	
	if (toogle_red || toogle_green || toogle_blue || toogle_solid)
    15b0:	60 91 97 2c 	lds	r22, 0x2C97	; 0x802c97 <toogle_green>
    15b4:	61 11       	cpse	r22, r1
    15b6:	f0 cf       	rjmp	.-32     	; 0x1598 <solid_color_overall+0x68>
    15b8:	60 91 96 2c 	lds	r22, 0x2C96	; 0x802c96 <toogle_blue>
    15bc:	61 11       	cpse	r22, r1
    15be:	ec cf       	rjmp	.-40     	; 0x1598 <solid_color_overall+0x68>
    15c0:	60 91 95 2c 	lds	r22, 0x2C95	; 0x802c95 <toogle_solid>
    15c4:	61 11       	cpse	r22, r1
    15c6:	e8 cf       	rjmp	.-48     	; 0x1598 <solid_color_overall+0x68>
    15c8:	77 c0       	rjmp	.+238    	; 0x16b8 <solid_color_overall+0x188>
	{
		for (i=0;i<170;i++)
		{
			if(toogle_red || toogle_solid)
    15ca:	71 11       	cpse	r23, r1
    15cc:	02 c0       	rjmp	.+4      	; 0x15d2 <solid_color_overall+0xa2>
    15ce:	66 23       	and	r22, r22
    15d0:	89 f0       	breq	.+34     	; 0x15f4 <solid_color_overall+0xc4>
			{
				if (output_red>0)
    15d2:	18 16       	cp	r1, r24
    15d4:	19 06       	cpc	r1, r25
    15d6:	3c f4       	brge	.+14     	; 0x15e6 <solid_color_overall+0xb6>
				{
					color[i*3]=output_red;
    15d8:	80 83       	st	Z, r24
					color[510]=output_red;						//3*170 = 510 therefore last 2 channels needed to be added separately
    15da:	c1 50       	subi	r28, 0x01	; 1
    15dc:	de 4f       	sbci	r29, 0xFE	; 254
    15de:	88 83       	st	Y, r24
    15e0:	cf 5f       	subi	r28, 0xFF	; 255
    15e2:	d1 40       	sbci	r29, 0x01	; 1
    15e4:	10 c0       	rjmp	.+32     	; 0x1606 <solid_color_overall+0xd6>
				}
				else
				{
					color[i*3]=0;
    15e6:	10 82       	st	Z, r1
					color[510]=0;
    15e8:	c1 50       	subi	r28, 0x01	; 1
    15ea:	de 4f       	sbci	r29, 0xFE	; 254
    15ec:	18 82       	st	Y, r1
    15ee:	cf 5f       	subi	r28, 0xFF	; 255
    15f0:	d1 40       	sbci	r29, 0x01	; 1
    15f2:	09 c0       	rjmp	.+18     	; 0x1606 <solid_color_overall+0xd6>
				}
			}
			else
			{
				color[i*3]=0;
    15f4:	10 82       	st	Z, r1
				color[510]=0;
    15f6:	c1 50       	subi	r28, 0x01	; 1
    15f8:	de 4f       	sbci	r29, 0xFE	; 254
    15fa:	18 82       	st	Y, r1
    15fc:	cf 5f       	subi	r28, 0xFF	; 255
    15fe:	d1 40       	sbci	r29, 0x01	; 1
			}
			if(toogle_green || toogle_solid)
    1600:	01 11       	cpse	r16, r1
    1602:	05 c0       	rjmp	.+10     	; 0x160e <solid_color_overall+0xde>
    1604:	15 c0       	rjmp	.+42     	; 0x1630 <solid_color_overall+0x100>
    1606:	01 11       	cpse	r16, r1
    1608:	02 c0       	rjmp	.+4      	; 0x160e <solid_color_overall+0xde>
    160a:	66 23       	and	r22, r22
    160c:	89 f0       	breq	.+34     	; 0x1630 <solid_color_overall+0x100>
			{
				if (output_green>0)
    160e:	12 16       	cp	r1, r18
    1610:	13 06       	cpc	r1, r19
    1612:	3c f4       	brge	.+14     	; 0x1622 <solid_color_overall+0xf2>
				{
					color[i*3+1]=output_green;
    1614:	21 83       	std	Z+1, r18	; 0x01
					color[511]=output_green;
    1616:	c0 50       	subi	r28, 0x00	; 0
    1618:	de 4f       	sbci	r29, 0xFE	; 254
    161a:	28 83       	st	Y, r18
    161c:	c0 50       	subi	r28, 0x00	; 0
    161e:	d2 40       	sbci	r29, 0x02	; 2
    1620:	0b c0       	rjmp	.+22     	; 0x1638 <solid_color_overall+0x108>
				}
				else
				{
					color[i*3+1]=0;
    1622:	11 82       	std	Z+1, r1	; 0x01
					color[511]=0;
    1624:	c0 50       	subi	r28, 0x00	; 0
    1626:	de 4f       	sbci	r29, 0xFE	; 254
    1628:	18 82       	st	Y, r1
    162a:	c0 50       	subi	r28, 0x00	; 0
    162c:	d2 40       	sbci	r29, 0x02	; 2
    162e:	04 c0       	rjmp	.+8      	; 0x1638 <solid_color_overall+0x108>
				}
			}
			else
			{
				color[i*3+1]=0;
    1630:	11 82       	std	Z+1, r1	; 0x01
			}
			if(toogle_blue || toogle_solid)
    1632:	11 11       	cpse	r17, r1
    1634:	05 c0       	rjmp	.+10     	; 0x1640 <solid_color_overall+0x110>
    1636:	0b c0       	rjmp	.+22     	; 0x164e <solid_color_overall+0x11e>
    1638:	11 11       	cpse	r17, r1
    163a:	02 c0       	rjmp	.+4      	; 0x1640 <solid_color_overall+0x110>
    163c:	66 23       	and	r22, r22
    163e:	39 f0       	breq	.+14     	; 0x164e <solid_color_overall+0x11e>
			{
				if (output_blue>0)
    1640:	14 16       	cp	r1, r20
    1642:	15 06       	cpc	r1, r21
    1644:	14 f4       	brge	.+4      	; 0x164a <solid_color_overall+0x11a>
				{
					color[i*3+2]=output_blue;
    1646:	42 83       	std	Z+2, r20	; 0x02
    1648:	03 c0       	rjmp	.+6      	; 0x1650 <solid_color_overall+0x120>
				}
				else
				{
					color[i*3+2]=0;
    164a:	12 82       	std	Z+2, r1	; 0x02
    164c:	01 c0       	rjmp	.+2      	; 0x1650 <solid_color_overall+0x120>
				}
			}
			else
			{
				color[i*3+2]=0;
    164e:	12 82       	std	Z+2, r1	; 0x02
    1650:	33 96       	adiw	r30, 0x03	; 3
	output_green = (global_green-(127-global_brightness))*2;
	output_blue = (global_blue-(127-global_brightness))*2;
	
	if (toogle_red || toogle_green || toogle_blue || toogle_solid)
	{
		for (i=0;i<170;i++)
    1652:	ae 17       	cp	r26, r30
    1654:	bf 07       	cpc	r27, r31
    1656:	09 f0       	breq	.+2      	; 0x165a <solid_color_overall+0x12a>
    1658:	b8 cf       	rjmp	.-144    	; 0x15ca <solid_color_overall+0x9a>
				color[i*3+2]=0;
			}
			
		}
		
		start_dmx(&color[0],512);
    165a:	60 e0       	ldi	r22, 0x00	; 0
    165c:	72 e0       	ldi	r23, 0x02	; 2
    165e:	ce 01       	movw	r24, r28
    1660:	01 96       	adiw	r24, 0x01	; 1
    1662:	c8 d8       	rcall	.-3696   	; 0x7f4 <start_dmx>
    1664:	3f ef       	ldi	r19, 0xFF	; 255
    1666:	8e e3       	ldi	r24, 0x3E	; 62
    1668:	92 e0       	ldi	r25, 0x02	; 2
    166a:	31 50       	subi	r19, 0x01	; 1
    166c:	80 40       	sbci	r24, 0x00	; 0
    166e:	90 40       	sbci	r25, 0x00	; 0
    1670:	e1 f7       	brne	.-8      	; 0x166a <solid_color_overall+0x13a>
    1672:	00 c0       	rjmp	.+0      	; 0x1674 <solid_color_overall+0x144>
    1674:	00 00       	nop
		_delay_ms(23);
		for (j=0;j<(127-global_frequency);j++)
    1676:	20 91 05 20 	lds	r18, 0x2005	; 0x802005 <global_frequency>
    167a:	8f e7       	ldi	r24, 0x7F	; 127
    167c:	90 e0       	ldi	r25, 0x00	; 0
    167e:	82 1b       	sub	r24, r18
    1680:	91 09       	sbc	r25, r1
    1682:	18 16       	cp	r1, r24
    1684:	19 06       	cpc	r1, r25
    1686:	a4 f4       	brge	.+40     	; 0x16b0 <solid_color_overall+0x180>
    1688:	80 e0       	ldi	r24, 0x00	; 0
    168a:	6f e7       	ldi	r22, 0x7F	; 127
    168c:	70 e0       	ldi	r23, 0x00	; 0
    168e:	af e3       	ldi	r26, 0x3F	; 63
    1690:	bf e1       	ldi	r27, 0x1F	; 31
    1692:	11 97       	sbiw	r26, 0x01	; 1
    1694:	f1 f7       	brne	.-4      	; 0x1692 <solid_color_overall+0x162>
    1696:	00 c0       	rjmp	.+0      	; 0x1698 <solid_color_overall+0x168>
    1698:	00 00       	nop
    169a:	8f 5f       	subi	r24, 0xFF	; 255
    169c:	48 2f       	mov	r20, r24
    169e:	50 e0       	ldi	r21, 0x00	; 0
    16a0:	90 91 05 20 	lds	r25, 0x2005	; 0x802005 <global_frequency>
    16a4:	9b 01       	movw	r18, r22
    16a6:	29 1b       	sub	r18, r25
    16a8:	31 09       	sbc	r19, r1
    16aa:	42 17       	cp	r20, r18
    16ac:	53 07       	cpc	r21, r19
    16ae:	7c f3       	brlt	.-34     	; 0x168e <solid_color_overall+0x15e>
		{
			_delay_ms(1);
		}
	}	
			
	if(!toogle_solid)							//If solid color is selected deactivate black frames to stop strobe effect
    16b0:	80 91 95 2c 	lds	r24, 0x2C95	; 0x802c95 <toogle_solid>
    16b4:	81 11       	cpse	r24, r1
    16b6:	2b c0       	rjmp	.+86     	; 0x170e <solid_color_overall+0x1de>
	{
		start_dmx(&black[0],512);
    16b8:	60 e0       	ldi	r22, 0x00	; 0
    16ba:	72 e0       	ldi	r23, 0x02	; 2
    16bc:	81 e9       	ldi	r24, 0x91	; 145
    16be:	96 e2       	ldi	r25, 0x26	; 38
    16c0:	99 d8       	rcall	.-3790   	; 0x7f4 <start_dmx>
    16c2:	bf ef       	ldi	r27, 0xFF	; 255
    16c4:	ee e3       	ldi	r30, 0x3E	; 62
    16c6:	f2 e0       	ldi	r31, 0x02	; 2
    16c8:	b1 50       	subi	r27, 0x01	; 1
    16ca:	e0 40       	sbci	r30, 0x00	; 0
    16cc:	f0 40       	sbci	r31, 0x00	; 0
    16ce:	e1 f7       	brne	.-8      	; 0x16c8 <solid_color_overall+0x198>
    16d0:	00 c0       	rjmp	.+0      	; 0x16d2 <solid_color_overall+0x1a2>
    16d2:	00 00       	nop
		_delay_ms(23);
		for (j=0;j<(127-global_frequency);j++)
    16d4:	20 91 05 20 	lds	r18, 0x2005	; 0x802005 <global_frequency>
    16d8:	8f e7       	ldi	r24, 0x7F	; 127
    16da:	90 e0       	ldi	r25, 0x00	; 0
    16dc:	82 1b       	sub	r24, r18
    16de:	91 09       	sbc	r25, r1
    16e0:	18 16       	cp	r1, r24
    16e2:	19 06       	cpc	r1, r25
    16e4:	a4 f4       	brge	.+40     	; 0x170e <solid_color_overall+0x1de>
    16e6:	80 e0       	ldi	r24, 0x00	; 0
    16e8:	6f e7       	ldi	r22, 0x7F	; 127
    16ea:	70 e0       	ldi	r23, 0x00	; 0
    16ec:	af e3       	ldi	r26, 0x3F	; 63
    16ee:	bf e1       	ldi	r27, 0x1F	; 31
    16f0:	11 97       	sbiw	r26, 0x01	; 1
    16f2:	f1 f7       	brne	.-4      	; 0x16f0 <solid_color_overall+0x1c0>
    16f4:	00 c0       	rjmp	.+0      	; 0x16f6 <solid_color_overall+0x1c6>
    16f6:	00 00       	nop
    16f8:	8f 5f       	subi	r24, 0xFF	; 255
    16fa:	48 2f       	mov	r20, r24
    16fc:	50 e0       	ldi	r21, 0x00	; 0
    16fe:	90 91 05 20 	lds	r25, 0x2005	; 0x802005 <global_frequency>
    1702:	9b 01       	movw	r18, r22
    1704:	29 1b       	sub	r18, r25
    1706:	31 09       	sbc	r19, r1
    1708:	42 17       	cp	r20, r18
    170a:	53 07       	cpc	r21, r19
		{
			_delay_ms(1);
		}
	}
			
	switchdmxinput(global_pa_source);
    170c:	7c f3       	brlt	.-34     	; 0x16ec <solid_color_overall+0x1bc>
    170e:	80 91 90 26 	lds	r24, 0x2690	; 0x802690 <__data_end>
    1712:	b5 d8       	rcall	.-3734   	; 0x87e <switchdmxinput>
	
}
    1714:	de 5f       	subi	r29, 0xFE	; 254
    1716:	cd bf       	out	0x3d, r28	; 61
    1718:	de bf       	out	0x3e, r29	; 62
    171a:	df 91       	pop	r29
    171c:	cf 91       	pop	r28
    171e:	1f 91       	pop	r17
    1720:	0f 91       	pop	r16
    1722:	08 95       	ret

00001724 <solid_color>:
/*
* Determines whether internal DMX signal is only applied to flasher or all of PA system
*/
void solid_color()
{
	if(!selected_linked)
    1724:	80 91 64 2d 	lds	r24, 0x2D64	; 0x802d64 <selected_linked>
    1728:	81 11       	cpse	r24, r1
    172a:	02 c0       	rjmp	.+4      	; 0x1730 <solid_color+0xc>
	{
		solid_color_linked();
    172c:	34 ce       	rjmp	.-920    	; 0x1396 <solid_color_linked>
    172e:	08 95       	ret
	}
	else
	{
		solid_color_overall();
    1730:	ff ce       	rjmp	.-514    	; 0x1530 <solid_color_overall>
    1732:	08 95       	ret

00001734 <s2l_output>:
    1734:	0f 93       	push	r16
* Is activated via touch button 
* Stays active until another DMX source is selected
* Takes DSP spectrum information and outputs DMX light effects over 3 bands 
*/
void s2l_output()
{
    1736:	1f 93       	push	r17
    1738:	cf 93       	push	r28
    173a:	df 93       	push	r29
    173c:	cd b7       	in	r28, 0x3d	; 61
    173e:	de b7       	in	r29, 0x3e	; 62
    1740:	c9 50       	subi	r28, 0x09	; 9
    1742:	d2 40       	sbci	r29, 0x02	; 2
    1744:	cd bf       	out	0x3d, r28	; 61
    1746:	de bf       	out	0x3e, r29	; 62
	unsigned char color[512] = {0x00, 0x00, 0x00, 0x00, 0x00, 0x00, 0x00, 0x00, 0x00, 0x00, 0x00, 0x00, 0x00, 0x00, 0x00, 0x00, 0x00, 0x00, 0x00, 0x00, 0x00, 0x00, 0x00, 0x00, 0x00, 0x00, 0x00, 0x00, 0x00, 0x00, 0x00, 0x00, 0x00, 0x00, 0x00, 0x00, 0x00, 0x00, 0x00, 0x00, 0x00, 0x00, 0x00, 0x00, 0x00, 0x00, 0x00, 0x00, 0x00, 0x00, 0x00, 0x00, 0x00, 0x00, 0x00, 0x00, 0x00, 0x00, 0x00, 0x00, 0x00, 0x00, 0x00, 0x00, 0x00, 0x00, 0x00, 0x00, 0x00, 0x00, 0x00, 0x00, 0x00, 0x00, 0x00, 0x00, 0x00, 0x00, 0x00, 0x00, 0x00, 0x00, 0x00, 0x00, 0x00, 0x00, 0x00, 0x00, 0x00, 0x00, 0x00, 0x00, 0x00, 0x00, 0x00, 0x00, 0x00, 0x00, 0x00, 0x00,
    1748:	8e 01       	movw	r16, r28
    174a:	0f 5f       	subi	r16, 0xFF	; 255
    174c:	1f 4f       	sbci	r17, 0xFF	; 255
    174e:	80 e0       	ldi	r24, 0x00	; 0
    1750:	92 e0       	ldi	r25, 0x02	; 2
    1752:	f8 01       	movw	r30, r16
    1754:	9c 01       	movw	r18, r24
    1756:	11 92       	st	Z+, r1
    1758:	21 50       	subi	r18, 0x01	; 1
    175a:	30 40       	sbci	r19, 0x00	; 0
    175c:	e1 f7       	brne	.-8      	; 0x1756 <s2l_output+0x22>
	
	_Bool	red_active = 0;
	_Bool	green_active = 0;
	_Bool	blue_active = 0;
	
	volatile int16_t mean_output_high = 0;
    175e:	cf 5f       	subi	r28, 0xFF	; 255
    1760:	dd 4f       	sbci	r29, 0xFD	; 253
    1762:	18 82       	st	Y, r1
    1764:	19 82       	std	Y+1, r1	; 0x01
    1766:	c1 50       	subi	r28, 0x01	; 1
    1768:	d2 40       	sbci	r29, 0x02	; 2
	volatile int16_t mean_output_mid = 0;
    176a:	cd 5f       	subi	r28, 0xFD	; 253
    176c:	dd 4f       	sbci	r29, 0xFD	; 253
    176e:	18 82       	st	Y, r1
    1770:	19 82       	std	Y+1, r1	; 0x01
    1772:	c3 50       	subi	r28, 0x03	; 3
    1774:	d2 40       	sbci	r29, 0x02	; 2
	volatile int16_t mean_output_low = 0;
    1776:	cb 5f       	subi	r28, 0xFB	; 251
    1778:	dd 4f       	sbci	r29, 0xFD	; 253
    177a:	18 82       	st	Y, r1
    177c:	19 82       	std	Y+1, r1	; 0x01
    177e:	c5 50       	subi	r28, 0x05	; 5
    1780:	d2 40       	sbci	r29, 0x02	; 2
	
	volatile int8_t current_high = 0;
    1782:	c9 5f       	subi	r28, 0xF9	; 249
    1784:	dd 4f       	sbci	r29, 0xFD	; 253
    1786:	18 82       	st	Y, r1
    1788:	c7 50       	subi	r28, 0x07	; 7
    178a:	d2 40       	sbci	r29, 0x02	; 2
	volatile int8_t current_mid = 0;
    178c:	c8 5f       	subi	r28, 0xF8	; 248
    178e:	dd 4f       	sbci	r29, 0xFD	; 253
    1790:	18 82       	st	Y, r1
    1792:	c8 50       	subi	r28, 0x08	; 8
    1794:	d2 40       	sbci	r29, 0x02	; 2
	volatile int8_t current_low = 0;
    1796:	c7 5f       	subi	r28, 0xF7	; 247
    1798:	dd 4f       	sbci	r29, 0xFD	; 253
    179a:	18 82       	st	Y, r1
    179c:	c9 50       	subi	r28, 0x09	; 9
    179e:	d2 40       	sbci	r29, 0x02	; 2
	
	switchdmxinput(PA_INTERNAL);
    17a0:	80 e0       	ldi	r24, 0x00	; 0
    17a2:	6d d8       	rcall	.-3878   	; 0x87e <switchdmxinput>
	global_pa_source=PA_S2L;
    17a4:	83 e0       	ldi	r24, 0x03	; 3
    17a6:	80 93 90 26 	sts	0x2690, r24	; 0x802690 <__data_end>
	
	mean_output_high = (GetOutputValue(&FilterS2LHighValues));
    17aa:	8f e4       	ldi	r24, 0x4F	; 79
    17ac:	9d e2       	ldi	r25, 0x2D	; 45
    17ae:	0e 94 7d 18 	call	0x30fa	; 0x30fa <GetOutputValue>
    17b2:	90 e0       	ldi	r25, 0x00	; 0
    17b4:	cf 5f       	subi	r28, 0xFF	; 255
    17b6:	dd 4f       	sbci	r29, 0xFD	; 253
    17b8:	88 83       	st	Y, r24
    17ba:	99 83       	std	Y+1, r25	; 0x01
    17bc:	c1 50       	subi	r28, 0x01	; 1
    17be:	d2 40       	sbci	r29, 0x02	; 2
	mean_output_mid = (GetOutputValue(&FilterS2LMidValues));
    17c0:	85 e5       	ldi	r24, 0x55	; 85
    17c2:	9d e2       	ldi	r25, 0x2D	; 45
    17c4:	0e 94 7d 18 	call	0x30fa	; 0x30fa <GetOutputValue>
    17c8:	90 e0       	ldi	r25, 0x00	; 0
    17ca:	cd 5f       	subi	r28, 0xFD	; 253
    17cc:	dd 4f       	sbci	r29, 0xFD	; 253
    17ce:	88 83       	st	Y, r24
    17d0:	99 83       	std	Y+1, r25	; 0x01
    17d2:	c3 50       	subi	r28, 0x03	; 3
    17d4:	d2 40       	sbci	r29, 0x02	; 2
	mean_output_low = (GetOutputValue(&FilterS2LLowValues));
    17d6:	8b e5       	ldi	r24, 0x5B	; 91
    17d8:	9d e2       	ldi	r25, 0x2D	; 45
    17da:	0e 94 7d 18 	call	0x30fa	; 0x30fa <GetOutputValue>
    17de:	90 e0       	ldi	r25, 0x00	; 0
    17e0:	cb 5f       	subi	r28, 0xFB	; 251
    17e2:	dd 4f       	sbci	r29, 0xFD	; 253
    17e4:	88 83       	st	Y, r24
    17e6:	99 83       	std	Y+1, r25	; 0x01
    17e8:	c5 50       	subi	r28, 0x05	; 5
    17ea:	d2 40       	sbci	r29, 0x02	; 2
	
	current_high = twiDSP.readData[5];
    17ec:	e5 e0       	ldi	r30, 0x05	; 5
    17ee:	fd e2       	ldi	r31, 0x2D	; 45
    17f0:	80 a5       	ldd	r24, Z+40	; 0x28
    17f2:	c9 5f       	subi	r28, 0xF9	; 249
    17f4:	dd 4f       	sbci	r29, 0xFD	; 253
    17f6:	88 83       	st	Y, r24
    17f8:	c7 50       	subi	r28, 0x07	; 7
    17fa:	d2 40       	sbci	r29, 0x02	; 2
	current_mid = twiDSP.readData[3];
    17fc:	86 a1       	ldd	r24, Z+38	; 0x26
    17fe:	c8 5f       	subi	r28, 0xF8	; 248
    1800:	dd 4f       	sbci	r29, 0xFD	; 253
    1802:	88 83       	st	Y, r24
    1804:	c8 50       	subi	r28, 0x08	; 8
    1806:	d2 40       	sbci	r29, 0x02	; 2
	current_low = twiDSP.readData[0];
    1808:	83 a1       	ldd	r24, Z+35	; 0x23
    180a:	c7 5f       	subi	r28, 0xF7	; 247
    180c:	dd 4f       	sbci	r29, 0xFD	; 253
    180e:	88 83       	st	Y, r24
    1810:	c9 50       	subi	r28, 0x09	; 9
    1812:	d2 40       	sbci	r29, 0x02	; 2
	
	if(current_high > mean_output_high)
    1814:	c9 5f       	subi	r28, 0xF9	; 249
    1816:	dd 4f       	sbci	r29, 0xFD	; 253
    1818:	88 81       	ld	r24, Y
    181a:	c7 50       	subi	r28, 0x07	; 7
    181c:	d2 40       	sbci	r29, 0x02	; 2
    181e:	cf 5f       	subi	r28, 0xFF	; 255
    1820:	dd 4f       	sbci	r29, 0xFD	; 253
    1822:	88 81       	ld	r24, Y
    1824:	99 81       	ldd	r25, Y+1	; 0x01
    1826:	c1 50       	subi	r28, 0x01	; 1
    1828:	d2 40       	sbci	r29, 0x02	; 2
    182a:	f8 01       	movw	r30, r16
    182c:	9e 01       	movw	r18, r28
    182e:	21 50       	subi	r18, 0x01	; 1
    1830:	3e 4f       	sbci	r19, 0xFE	; 254
		
	}

	for (i=0;i<170;i++)
	{
		color[i*3]=current_high;
    1832:	c9 5f       	subi	r28, 0xF9	; 249
    1834:	dd 4f       	sbci	r29, 0xFD	; 253
    1836:	88 81       	ld	r24, Y
    1838:	c7 50       	subi	r28, 0x07	; 7
    183a:	d2 40       	sbci	r29, 0x02	; 2
    183c:	80 83       	st	Z, r24
		color[i*3+1]=current_mid;
    183e:	c8 5f       	subi	r28, 0xF8	; 248
    1840:	dd 4f       	sbci	r29, 0xFD	; 253
    1842:	88 81       	ld	r24, Y
    1844:	c8 50       	subi	r28, 0x08	; 8
    1846:	d2 40       	sbci	r29, 0x02	; 2
    1848:	81 83       	std	Z+1, r24	; 0x01
		color[i*3+2]=current_low;
    184a:	c7 5f       	subi	r28, 0xF7	; 247
    184c:	dd 4f       	sbci	r29, 0xFD	; 253
    184e:	88 81       	ld	r24, Y
    1850:	c9 50       	subi	r28, 0x09	; 9
    1852:	d2 40       	sbci	r29, 0x02	; 2
    1854:	82 83       	std	Z+2, r24	; 0x02
    1856:	33 96       	adiw	r30, 0x03	; 3
	if(current_high > mean_output_high)
	{
		
	}

	for (i=0;i<170;i++)
    1858:	2e 17       	cp	r18, r30
    185a:	3f 07       	cpc	r19, r31
    185c:	51 f7       	brne	.-44     	; 0x1832 <s2l_output+0xfe>
		color[i*3]=current_high;
		color[i*3+1]=current_mid;
		color[i*3+2]=current_low;
	}
	
	color[510]=current_high;
    185e:	c9 5f       	subi	r28, 0xF9	; 249
    1860:	dd 4f       	sbci	r29, 0xFD	; 253
    1862:	88 81       	ld	r24, Y
    1864:	c7 50       	subi	r28, 0x07	; 7
    1866:	d2 40       	sbci	r29, 0x02	; 2
    1868:	c1 50       	subi	r28, 0x01	; 1
    186a:	de 4f       	sbci	r29, 0xFE	; 254
    186c:	88 83       	st	Y, r24
    186e:	cf 5f       	subi	r28, 0xFF	; 255
    1870:	d1 40       	sbci	r29, 0x01	; 1
	color[511]=current_mid;
    1872:	c8 5f       	subi	r28, 0xF8	; 248
    1874:	dd 4f       	sbci	r29, 0xFD	; 253
    1876:	88 81       	ld	r24, Y
    1878:	c8 50       	subi	r28, 0x08	; 8
    187a:	d2 40       	sbci	r29, 0x02	; 2
    187c:	c0 50       	subi	r28, 0x00	; 0
    187e:	de 4f       	sbci	r29, 0xFE	; 254
    1880:	88 83       	st	Y, r24
    1882:	c0 50       	subi	r28, 0x00	; 0
    1884:	d2 40       	sbci	r29, 0x02	; 2
	
	start_dmx(&color[0],512);
    1886:	60 e0       	ldi	r22, 0x00	; 0
    1888:	72 e0       	ldi	r23, 0x02	; 2
    188a:	ce 01       	movw	r24, r28
    188c:	01 96       	adiw	r24, 0x01	; 1
    188e:	0e 94 fa 03 	call	0x7f4	; 0x7f4 <start_dmx>
    1892:	3f ef       	ldi	r19, 0xFF	; 255
    1894:	8e e3       	ldi	r24, 0x3E	; 62
    1896:	92 e0       	ldi	r25, 0x02	; 2
    1898:	31 50       	subi	r19, 0x01	; 1
    189a:	80 40       	sbci	r24, 0x00	; 0
    189c:	90 40       	sbci	r25, 0x00	; 0
    189e:	e1 f7       	brne	.-8      	; 0x1898 <s2l_output+0x164>
    18a0:	00 c0       	rjmp	.+0      	; 0x18a2 <s2l_output+0x16e>
    18a2:	00 00       	nop
	_delay_ms(23);
	for (j=0;j<(127-global_frequency);j++)
    18a4:	20 91 05 20 	lds	r18, 0x2005	; 0x802005 <global_frequency>
    18a8:	8f e7       	ldi	r24, 0x7F	; 127
    18aa:	90 e0       	ldi	r25, 0x00	; 0
    18ac:	82 1b       	sub	r24, r18
    18ae:	91 09       	sbc	r25, r1
    18b0:	18 16       	cp	r1, r24
    18b2:	19 06       	cpc	r1, r25
    18b4:	a4 f4       	brge	.+40     	; 0x18de <s2l_output+0x1aa>
    18b6:	80 e0       	ldi	r24, 0x00	; 0
    18b8:	6f e7       	ldi	r22, 0x7F	; 127
    18ba:	70 e0       	ldi	r23, 0x00	; 0
    18bc:	ef e3       	ldi	r30, 0x3F	; 63
    18be:	ff e1       	ldi	r31, 0x1F	; 31
    18c0:	31 97       	sbiw	r30, 0x01	; 1
    18c2:	f1 f7       	brne	.-4      	; 0x18c0 <s2l_output+0x18c>
    18c4:	00 c0       	rjmp	.+0      	; 0x18c6 <s2l_output+0x192>
    18c6:	00 00       	nop
    18c8:	8f 5f       	subi	r24, 0xFF	; 255
    18ca:	48 2f       	mov	r20, r24
    18cc:	50 e0       	ldi	r21, 0x00	; 0
    18ce:	90 91 05 20 	lds	r25, 0x2005	; 0x802005 <global_frequency>
    18d2:	9b 01       	movw	r18, r22
    18d4:	29 1b       	sub	r18, r25
    18d6:	31 09       	sbc	r19, r1
    18d8:	42 17       	cp	r20, r18
    18da:	53 07       	cpc	r21, r19
    18dc:	7c f3       	brlt	.-34     	; 0x18bc <s2l_output+0x188>
	{
		_delay_ms(1);
	}

    18de:	c7 5f       	subi	r28, 0xF7	; 247
    18e0:	dd 4f       	sbci	r29, 0xFD	; 253
    18e2:	cd bf       	out	0x3d, r28	; 61
    18e4:	de bf       	out	0x3e, r29	; 62
    18e6:	df 91       	pop	r29
    18e8:	cf 91       	pop	r28
    18ea:	1f 91       	pop	r17
    18ec:	0f 91       	pop	r16
    18ee:	08 95       	ret

000018f0 <draw_basic_frame>:
	"110"
};


_Bool draw_basic_frame(uint8_t menu)
{
    18f0:	af 92       	push	r10
    18f2:	cf 92       	push	r12
    18f4:	df 92       	push	r13
    18f6:	ef 92       	push	r14
    18f8:	ff 92       	push	r15
    18fa:	0f 93       	push	r16
    18fc:	1f 93       	push	r17
    18fe:	cf 93       	push	r28
    1900:	c8 2f       	mov	r28, r24
	eDIP_TA();
    1902:	a1 2c       	mov	r10, r1
    1904:	c1 2c       	mov	r12, r1
    1906:	e1 2c       	mov	r14, r1
    1908:	00 e0       	ldi	r16, 0x00	; 0
    190a:	20 e0       	ldi	r18, 0x00	; 0
    190c:	40 e0       	ldi	r20, 0x00	; 0
    190e:	60 e0       	ldi	r22, 0x00	; 0
    1910:	8e ef       	ldi	r24, 0xFE	; 254
    1912:	92 e2       	ldi	r25, 0x22	; 34
    1914:	0e 94 73 01 	call	0x2e6	; 0x2e6 <eDIP_command6>
	eDIP_DL();
    1918:	20 e0       	ldi	r18, 0x00	; 0
    191a:	40 e0       	ldi	r20, 0x00	; 0
    191c:	60 e0       	ldi	r22, 0x00	; 0
    191e:	81 e0       	ldi	r24, 0x01	; 1
    1920:	93 e2       	ldi	r25, 0x23	; 35
    1922:	0e 94 73 01 	call	0x2e6	; 0x2e6 <eDIP_command6>
	eDIP_RR(0,0,279,240,15);
    1926:	0f 2e       	mov	r0, r31
    1928:	f9 e0       	ldi	r31, 0x09	; 9
    192a:	af 2e       	mov	r10, r31
    192c:	f0 2d       	mov	r31, r0
    192e:	c1 2c       	mov	r12, r1
    1930:	d1 2c       	mov	r13, r1
    1932:	0f 2e       	mov	r0, r31
    1934:	ff e0       	ldi	r31, 0x0F	; 15
    1936:	ef 2e       	mov	r14, r31
    1938:	f1 2c       	mov	r15, r1
    193a:	f0 2d       	mov	r31, r0
    193c:	00 ef       	ldi	r16, 0xF0	; 240
    193e:	10 e0       	ldi	r17, 0x00	; 0
    1940:	27 e1       	ldi	r18, 0x17	; 23
    1942:	31 e0       	ldi	r19, 0x01	; 1
    1944:	40 e0       	ldi	r20, 0x00	; 0
    1946:	50 e0       	ldi	r21, 0x00	; 0
    1948:	60 e0       	ldi	r22, 0x00	; 0
    194a:	70 e0       	ldi	r23, 0x00	; 0
    194c:	84 e0       	ldi	r24, 0x04	; 4
    194e:	93 e2       	ldi	r25, 0x23	; 35
    1950:	0e 94 d8 01 	call	0x3b0	; 0x3b0 <eDIP_draw>
	eDIP_AL(0,1);
    1954:	68 94       	set
    1956:	aa 24       	eor	r10, r10
    1958:	a1 f8       	bld	r10, 1
    195a:	e1 2c       	mov	r14, r1
    195c:	00 e0       	ldi	r16, 0x00	; 0
    195e:	20 e0       	ldi	r18, 0x00	; 0
    1960:	41 e0       	ldi	r20, 0x01	; 1
    1962:	60 e0       	ldi	r22, 0x00	; 0
    1964:	87 e0       	ldi	r24, 0x07	; 7
    1966:	93 e2       	ldi	r25, 0x23	; 35
    1968:	0e 94 73 01 	call	0x2e6	; 0x2e6 <eDIP_command6>
	eDIP_AR(1);
    196c:	aa 24       	eor	r10, r10
    196e:	a3 94       	inc	r10
    1970:	20 e0       	ldi	r18, 0x00	; 0
    1972:	40 e0       	ldi	r20, 0x00	; 0
    1974:	61 e0       	ldi	r22, 0x01	; 1
    1976:	8a e0       	ldi	r24, 0x0A	; 10
    1978:	93 e2       	ldi	r25, 0x23	; 35
    197a:	0e 94 73 01 	call	0x2e6	; 0x2e6 <eDIP_command6>
	eDIP_AE(15,0);
    197e:	68 94       	set
    1980:	aa 24       	eor	r10, r10
    1982:	a1 f8       	bld	r10, 1
    1984:	20 e0       	ldi	r18, 0x00	; 0
    1986:	40 e0       	ldi	r20, 0x00	; 0
    1988:	6f e0       	ldi	r22, 0x0F	; 15
    198a:	8d e0       	ldi	r24, 0x0D	; 13
    198c:	93 e2       	ldi	r25, 0x23	; 35
    198e:	0e 94 73 01 	call	0x2e6	; 0x2e6 <eDIP_command6>
	eDIP_AJ(278,10,14,200,203,"",0);
    1992:	a1 2c       	mov	r10, r1
    1994:	0f 2e       	mov	r0, r31
    1996:	fc e4       	ldi	r31, 0x4C	; 76
    1998:	cf 2e       	mov	r12, r31
    199a:	f3 e2       	ldi	r31, 0x23	; 35
    199c:	df 2e       	mov	r13, r31
    199e:	f0 2d       	mov	r31, r0
    19a0:	0f 2e       	mov	r0, r31
    19a2:	fb ec       	ldi	r31, 0xCB	; 203
    19a4:	ef 2e       	mov	r14, r31
    19a6:	f0 2d       	mov	r31, r0
    19a8:	08 ec       	ldi	r16, 0xC8	; 200
    19aa:	2e e0       	ldi	r18, 0x0E	; 14
    19ac:	4a e0       	ldi	r20, 0x0A	; 10
    19ae:	50 e0       	ldi	r21, 0x00	; 0
    19b0:	66 e1       	ldi	r22, 0x16	; 22
    19b2:	71 e0       	ldi	r23, 0x01	; 1
    19b4:	80 e1       	ldi	r24, 0x10	; 16
    19b6:	93 e2       	ldi	r25, 0x23	; 35
    19b8:	0e 94 91 02 	call	0x522	; 0x522 <eDIP_touch2>
	eDIP_AJ(278,85,15,201,204,"",0);
    19bc:	0f 2e       	mov	r0, r31
    19be:	fc ec       	ldi	r31, 0xCC	; 204
    19c0:	ef 2e       	mov	r14, r31
    19c2:	f0 2d       	mov	r31, r0
    19c4:	09 ec       	ldi	r16, 0xC9	; 201
    19c6:	2f e0       	ldi	r18, 0x0F	; 15
    19c8:	45 e5       	ldi	r20, 0x55	; 85
    19ca:	50 e0       	ldi	r21, 0x00	; 0
    19cc:	66 e1       	ldi	r22, 0x16	; 22
    19ce:	71 e0       	ldi	r23, 0x01	; 1
    19d0:	80 e1       	ldi	r24, 0x10	; 16
    19d2:	93 e2       	ldi	r25, 0x23	; 35
    19d4:	0e 94 91 02 	call	0x522	; 0x522 <eDIP_touch2>
	eDIP_AJ(278,160,16,202,205,"",0);
    19d8:	0f 2e       	mov	r0, r31
    19da:	fd ec       	ldi	r31, 0xCD	; 205
    19dc:	ef 2e       	mov	r14, r31
    19de:	f0 2d       	mov	r31, r0
    19e0:	0a ec       	ldi	r16, 0xCA	; 202
    19e2:	20 e1       	ldi	r18, 0x10	; 16
    19e4:	40 ea       	ldi	r20, 0xA0	; 160
    19e6:	50 e0       	ldi	r21, 0x00	; 0
    19e8:	66 e1       	ldi	r22, 0x16	; 22
    19ea:	71 e0       	ldi	r23, 0x01	; 1
    19ec:	80 e1       	ldi	r24, 0x10	; 16
    19ee:	93 e2       	ldi	r25, 0x23	; 35
    19f0:	0e 94 91 02 	call	0x522	; 0x522 <eDIP_touch2>
	eDIP_AR(0);
    19f4:	aa 24       	eor	r10, r10
    19f6:	a3 94       	inc	r10
    19f8:	c1 2c       	mov	r12, r1
    19fa:	e1 2c       	mov	r14, r1
    19fc:	00 e0       	ldi	r16, 0x00	; 0
    19fe:	20 e0       	ldi	r18, 0x00	; 0
    1a00:	40 e0       	ldi	r20, 0x00	; 0
    1a02:	60 e0       	ldi	r22, 0x00	; 0
    1a04:	8a e0       	ldi	r24, 0x0A	; 10
    1a06:	93 e2       	ldi	r25, 0x23	; 35
    1a08:	0e 94 73 01 	call	0x2e6	; 0x2e6 <eDIP_command6>
	eDIP_AP(menu,1);
    1a0c:	68 94       	set
    1a0e:	aa 24       	eor	r10, r10
    1a10:	a1 f8       	bld	r10, 1
    1a12:	20 e0       	ldi	r18, 0x00	; 0
    1a14:	41 e0       	ldi	r20, 0x01	; 1
    1a16:	6c 2f       	mov	r22, r28
    1a18:	83 e1       	ldi	r24, 0x13	; 19
    1a1a:	93 e2       	ldi	r25, 0x23	; 35
    1a1c:	0e 94 73 01 	call	0x2e6	; 0x2e6 <eDIP_command6>
	
	
	return 1;
}
    1a20:	81 e0       	ldi	r24, 0x01	; 1
    1a22:	cf 91       	pop	r28
    1a24:	1f 91       	pop	r17
    1a26:	0f 91       	pop	r16
    1a28:	ff 90       	pop	r15
    1a2a:	ef 90       	pop	r14
    1a2c:	df 90       	pop	r13
    1a2e:	cf 90       	pop	r12
    1a30:	af 90       	pop	r10
    1a32:	08 95       	ret

00001a34 <draw_dmx_menu>:
	return 1;
}


_Bool draw_dmx_menu(void)
{
    1a34:	8f 92       	push	r8
    1a36:	af 92       	push	r10
    1a38:	cf 92       	push	r12
    1a3a:	df 92       	push	r13
    1a3c:	ef 92       	push	r14
    1a3e:	ff 92       	push	r15
    1a40:	0f 93       	push	r16
    1a42:	1f 93       	push	r17
    1a44:	cf 93       	push	r28
	draw_basic_frame(201);
    1a46:	89 ec       	ldi	r24, 0xC9	; 201
    1a48:	53 df       	rcall	.-346    	; 0x18f0 <draw_basic_frame>
		eDIP_UI(0,170,17);						//Draw Select Source Bar Graphic
    1a4a:	0f 2e       	mov	r0, r31
    1a4c:	f5 e0       	ldi	r31, 0x05	; 5
    1a4e:	af 2e       	mov	r10, r31
    1a50:	f0 2d       	mov	r31, r0
    1a52:	c1 2c       	mov	r12, r1
    1a54:	d1 2c       	mov	r13, r1
    1a56:	e1 2c       	mov	r14, r1
    1a58:	f1 2c       	mov	r15, r1
    1a5a:	00 e0       	ldi	r16, 0x00	; 0
    1a5c:	10 e0       	ldi	r17, 0x00	; 0
    1a5e:	21 e1       	ldi	r18, 0x11	; 17
    1a60:	30 e0       	ldi	r19, 0x00	; 0
    1a62:	4a ea       	ldi	r20, 0xAA	; 170
    1a64:	50 e0       	ldi	r21, 0x00	; 0
    1a66:	60 e0       	ldi	r22, 0x00	; 0
    1a68:	70 e0       	ldi	r23, 0x00	; 0
    1a6a:	86 e1       	ldi	r24, 0x16	; 22
    1a6c:	93 e2       	ldi	r25, 0x23	; 35
    1a6e:	0e 94 d8 01 	call	0x3b0	; 0x3b0 <eDIP_draw>
		//eDIP_UI(115,0,31);					//Draw Strobes Bar Graphic
		eDIP_UI(0,0,30);						//Draw Master Bar Graphic
    1a72:	2e e1       	ldi	r18, 0x1E	; 30
    1a74:	30 e0       	ldi	r19, 0x00	; 0
    1a76:	40 e0       	ldi	r20, 0x00	; 0
    1a78:	50 e0       	ldi	r21, 0x00	; 0
    1a7a:	60 e0       	ldi	r22, 0x00	; 0
    1a7c:	70 e0       	ldi	r23, 0x00	; 0
    1a7e:	86 e1       	ldi	r24, 0x16	; 22
    1a80:	93 e2       	ldi	r25, 0x23	; 35
    1a82:	0e 94 d8 01 	call	0x3b0	; 0x3b0 <eDIP_draw>
		eDIP_AR(3);								//Button Group 2
    1a86:	aa 24       	eor	r10, r10
    1a88:	a3 94       	inc	r10
    1a8a:	20 e0       	ldi	r18, 0x00	; 0
    1a8c:	40 e0       	ldi	r20, 0x00	; 0
    1a8e:	63 e0       	ldi	r22, 0x03	; 3
    1a90:	8a e0       	ldi	r24, 0x0A	; 10
    1a92:	93 e2       	ldi	r25, 0x23	; 35
    1a94:	0e 94 73 01 	call	0x2e6	; 0x2e6 <eDIP_command6>
		eDIP_AE(9,0);							//Touch Button Border
    1a98:	68 94       	set
    1a9a:	aa 24       	eor	r10, r10
    1a9c:	a1 f8       	bld	r10, 1
    1a9e:	20 e0       	ldi	r18, 0x00	; 0
    1aa0:	40 e0       	ldi	r20, 0x00	; 0
    1aa2:	69 e0       	ldi	r22, 0x09	; 9
    1aa4:	8d e0       	ldi	r24, 0x0D	; 13
    1aa6:	93 e2       	ldi	r25, 0x23	; 35
    1aa8:	0e 94 73 01 	call	0x2e6	; 0x2e6 <eDIP_command6>
		eDIP_AJ(5,185,24,210,215,"",0);			//Internal USB Button Graphic
    1aac:	a1 2c       	mov	r10, r1
    1aae:	0f 2e       	mov	r0, r31
    1ab0:	fc e4       	ldi	r31, 0x4C	; 76
    1ab2:	cf 2e       	mov	r12, r31
    1ab4:	f3 e2       	ldi	r31, 0x23	; 35
    1ab6:	df 2e       	mov	r13, r31
    1ab8:	f0 2d       	mov	r31, r0
    1aba:	0f 2e       	mov	r0, r31
    1abc:	f7 ed       	ldi	r31, 0xD7	; 215
    1abe:	ef 2e       	mov	r14, r31
    1ac0:	f0 2d       	mov	r31, r0
    1ac2:	02 ed       	ldi	r16, 0xD2	; 210
    1ac4:	28 e1       	ldi	r18, 0x18	; 24
    1ac6:	49 eb       	ldi	r20, 0xB9	; 185
    1ac8:	50 e0       	ldi	r21, 0x00	; 0
    1aca:	65 e0       	ldi	r22, 0x05	; 5
    1acc:	70 e0       	ldi	r23, 0x00	; 0
    1ace:	80 e1       	ldi	r24, 0x10	; 16
    1ad0:	93 e2       	ldi	r25, 0x23	; 35
    1ad2:	0e 94 91 02 	call	0x522	; 0x522 <eDIP_touch2>
		eDIP_AJ(60,185,25,211,216,"",0);		//External DMX Button Graphic
    1ad6:	0f 2e       	mov	r0, r31
    1ad8:	f8 ed       	ldi	r31, 0xD8	; 216
    1ada:	ef 2e       	mov	r14, r31
    1adc:	f0 2d       	mov	r31, r0
    1ade:	03 ed       	ldi	r16, 0xD3	; 211
    1ae0:	29 e1       	ldi	r18, 0x19	; 25
    1ae2:	49 eb       	ldi	r20, 0xB9	; 185
    1ae4:	50 e0       	ldi	r21, 0x00	; 0
    1ae6:	6c e3       	ldi	r22, 0x3C	; 60
    1ae8:	70 e0       	ldi	r23, 0x00	; 0
    1aea:	80 e1       	ldi	r24, 0x10	; 16
    1aec:	93 e2       	ldi	r25, 0x23	; 35
    1aee:	0e 94 91 02 	call	0x522	; 0x522 <eDIP_touch2>
		eDIP_AJ(115,185,26,212,217,"",0);		//Sound 2 Light Button Graphic
    1af2:	0f 2e       	mov	r0, r31
    1af4:	f9 ed       	ldi	r31, 0xD9	; 217
    1af6:	ef 2e       	mov	r14, r31
    1af8:	f0 2d       	mov	r31, r0
    1afa:	04 ed       	ldi	r16, 0xD4	; 212
    1afc:	2a e1       	ldi	r18, 0x1A	; 26
    1afe:	49 eb       	ldi	r20, 0xB9	; 185
    1b00:	50 e0       	ldi	r21, 0x00	; 0
    1b02:	63 e7       	ldi	r22, 0x73	; 115
    1b04:	70 e0       	ldi	r23, 0x00	; 0
    1b06:	80 e1       	ldi	r24, 0x10	; 16
    1b08:	93 e2       	ldi	r25, 0x23	; 35
    1b0a:	0e 94 91 02 	call	0x522	; 0x522 <eDIP_touch2>
		eDIP_AJ(225,185,27,214,219,"",0);		//Work Light Button Graphic
    1b0e:	0f 2e       	mov	r0, r31
    1b10:	fb ed       	ldi	r31, 0xDB	; 219
    1b12:	ef 2e       	mov	r14, r31
    1b14:	f0 2d       	mov	r31, r0
    1b16:	06 ed       	ldi	r16, 0xD6	; 214
    1b18:	2b e1       	ldi	r18, 0x1B	; 27
    1b1a:	49 eb       	ldi	r20, 0xB9	; 185
    1b1c:	50 e0       	ldi	r21, 0x00	; 0
    1b1e:	61 ee       	ldi	r22, 0xE1	; 225
    1b20:	70 e0       	ldi	r23, 0x00	; 0
    1b22:	80 e1       	ldi	r24, 0x10	; 16
    1b24:	93 e2       	ldi	r25, 0x23	; 35
    1b26:	0e 94 91 02 	call	0x522	; 0x522 <eDIP_touch2>
		eDIP_AR(0);								//End Button Group 2
    1b2a:	aa 24       	eor	r10, r10
    1b2c:	a3 94       	inc	r10
    1b2e:	c1 2c       	mov	r12, r1
    1b30:	e1 2c       	mov	r14, r1
    1b32:	00 e0       	ldi	r16, 0x00	; 0
    1b34:	20 e0       	ldi	r18, 0x00	; 0
    1b36:	40 e0       	ldi	r20, 0x00	; 0
    1b38:	60 e0       	ldi	r22, 0x00	; 0
    1b3a:	8a e0       	ldi	r24, 0x0A	; 10
    1b3c:	93 e2       	ldi	r25, 0x23	; 35
    1b3e:	0e 94 73 01 	call	0x2e6	; 0x2e6 <eDIP_command6>
		eDIP_AJ(170,185,39,232,233,"",0);		//Analog Input Button Graphic
    1b42:	a1 2c       	mov	r10, r1
    1b44:	0f 2e       	mov	r0, r31
    1b46:	fc e4       	ldi	r31, 0x4C	; 76
    1b48:	cf 2e       	mov	r12, r31
    1b4a:	f3 e2       	ldi	r31, 0x23	; 35
    1b4c:	df 2e       	mov	r13, r31
    1b4e:	f0 2d       	mov	r31, r0
    1b50:	0f 2e       	mov	r0, r31
    1b52:	f9 ee       	ldi	r31, 0xE9	; 233
    1b54:	ef 2e       	mov	r14, r31
    1b56:	f0 2d       	mov	r31, r0
    1b58:	08 ee       	ldi	r16, 0xE8	; 232
    1b5a:	27 e2       	ldi	r18, 0x27	; 39
    1b5c:	49 eb       	ldi	r20, 0xB9	; 185
    1b5e:	50 e0       	ldi	r21, 0x00	; 0
    1b60:	6a ea       	ldi	r22, 0xAA	; 170
    1b62:	70 e0       	ldi	r23, 0x00	; 0
    1b64:	80 e1       	ldi	r24, 0x10	; 16
    1b66:	93 e2       	ldi	r25, 0x23	; 35
    1b68:	0e 94 91 02 	call	0x522	; 0x522 <eDIP_touch2>
		
		eDIP_AP(pushed_dmx,1);					//Invert active DMX source
    1b6c:	68 94       	set
    1b6e:	aa 24       	eor	r10, r10
    1b70:	a1 f8       	bld	r10, 1
    1b72:	c1 2c       	mov	r12, r1
    1b74:	e1 2c       	mov	r14, r1
    1b76:	00 e0       	ldi	r16, 0x00	; 0
    1b78:	20 e0       	ldi	r18, 0x00	; 0
    1b7a:	41 e0       	ldi	r20, 0x01	; 1
    1b7c:	60 91 ed 20 	lds	r22, 0x20ED	; 0x8020ed <pushed_dmx>
    1b80:	83 e1       	ldi	r24, 0x13	; 19
    1b82:	93 e2       	ldi	r25, 0x23	; 35
    1b84:	0e 94 73 01 	call	0x2e6	; 0x2e6 <eDIP_command6>

		if(selected_linked){
    1b88:	80 91 64 2d 	lds	r24, 0x2D64	; 0x802d64 <selected_linked>
    1b8c:	88 23       	and	r24, r24
    1b8e:	39 f0       	breq	.+14     	; 0x1b9e <draw_dmx_menu+0x16a>
			 eDIP_AP(232,1);		//Invert linked function if selected
    1b90:	20 e0       	ldi	r18, 0x00	; 0
    1b92:	41 e0       	ldi	r20, 0x01	; 1
    1b94:	68 ee       	ldi	r22, 0xE8	; 232
    1b96:	83 e1       	ldi	r24, 0x13	; 19
    1b98:	93 e2       	ldi	r25, 0x23	; 35
    1b9a:	0e 94 73 01 	call	0x2e6	; 0x2e6 <eDIP_command6>
		}
			
		eDIP_UI(5,20,28);						//Draw Brightness Bar Graphic
    1b9e:	0f 2e       	mov	r0, r31
    1ba0:	f5 e0       	ldi	r31, 0x05	; 5
    1ba2:	af 2e       	mov	r10, r31
    1ba4:	f0 2d       	mov	r31, r0
    1ba6:	c1 2c       	mov	r12, r1
    1ba8:	d1 2c       	mov	r13, r1
    1baa:	e1 2c       	mov	r14, r1
    1bac:	f1 2c       	mov	r15, r1
    1bae:	00 e0       	ldi	r16, 0x00	; 0
    1bb0:	10 e0       	ldi	r17, 0x00	; 0
    1bb2:	2c e1       	ldi	r18, 0x1C	; 28
    1bb4:	30 e0       	ldi	r19, 0x00	; 0
    1bb6:	44 e1       	ldi	r20, 0x14	; 20
    1bb8:	50 e0       	ldi	r21, 0x00	; 0
    1bba:	65 e0       	ldi	r22, 0x05	; 5
    1bbc:	70 e0       	ldi	r23, 0x00	; 0
    1bbe:	86 e1       	ldi	r24, 0x16	; 22
    1bc0:	93 e2       	ldi	r25, 0x23	; 35
    1bc2:	0e 94 d8 01 	call	0x3b0	; 0x3b0 <eDIP_draw>
		eDIP_BO(30,19,20,49,165,0,127,1,1);		//Define bar graph "brightness" range 0 to 255 to match DMX range
    1bc6:	c1 e0       	ldi	r28, 0x01	; 1
    1bc8:	cf 93       	push	r28
    1bca:	88 24       	eor	r8, r8
    1bcc:	83 94       	inc	r8
    1bce:	0f 2e       	mov	r0, r31
    1bd0:	ff e7       	ldi	r31, 0x7F	; 127
    1bd2:	af 2e       	mov	r10, r31
    1bd4:	f0 2d       	mov	r31, r0
    1bd6:	0f 2e       	mov	r0, r31
    1bd8:	f5 ea       	ldi	r31, 0xA5	; 165
    1bda:	ef 2e       	mov	r14, r31
    1bdc:	f1 2c       	mov	r15, r1
    1bde:	f0 2d       	mov	r31, r0
    1be0:	01 e3       	ldi	r16, 0x31	; 49
    1be2:	10 e0       	ldi	r17, 0x00	; 0
    1be4:	24 e1       	ldi	r18, 0x14	; 20
    1be6:	30 e0       	ldi	r19, 0x00	; 0
    1be8:	43 e1       	ldi	r20, 0x13	; 19
    1bea:	50 e0       	ldi	r21, 0x00	; 0
    1bec:	6e e1       	ldi	r22, 0x1E	; 30
    1bee:	89 e1       	ldi	r24, 0x19	; 25
    1bf0:	93 e2       	ldi	r25, 0x23	; 35
    1bf2:	0e 94 0d 02 	call	0x41a	; 0x41a <eDIP_bargraph>
		eDIP_AB(30);							//Draw bar graph for brightness as touch
    1bf6:	aa 24       	eor	r10, r10
    1bf8:	a3 94       	inc	r10
    1bfa:	e1 2c       	mov	r14, r1
    1bfc:	00 e0       	ldi	r16, 0x00	; 0
    1bfe:	20 e0       	ldi	r18, 0x00	; 0
    1c00:	40 e0       	ldi	r20, 0x00	; 0
    1c02:	6e e1       	ldi	r22, 0x1E	; 30
    1c04:	8c e1       	ldi	r24, 0x1C	; 28
    1c06:	93 e2       	ldi	r25, 0x23	; 35
    1c08:	0e 94 73 01 	call	0x2e6	; 0x2e6 <eDIP_command6>
		eDIP_BA(30,global_brightness);			//Update bar graph with current red level
    1c0c:	68 94       	set
    1c0e:	aa 24       	eor	r10, r10
    1c10:	a1 f8       	bld	r10, 1
    1c12:	20 e0       	ldi	r18, 0x00	; 0
    1c14:	40 91 06 20 	lds	r20, 0x2006	; 0x802006 <global_brightness>
    1c18:	6e e1       	ldi	r22, 0x1E	; 30
    1c1a:	8f e1       	ldi	r24, 0x1F	; 31
    1c1c:	93 e2       	ldi	r25, 0x23	; 35
    1c1e:	0e 94 73 01 	call	0x2e6	; 0x2e6 <eDIP_command6>
		
		eDIP_UI(60,20,29);						//Draw Frequency Bar Graphic
    1c22:	0f 2e       	mov	r0, r31
    1c24:	f5 e0       	ldi	r31, 0x05	; 5
    1c26:	af 2e       	mov	r10, r31
    1c28:	f0 2d       	mov	r31, r0
    1c2a:	c1 2c       	mov	r12, r1
    1c2c:	d1 2c       	mov	r13, r1
    1c2e:	e1 2c       	mov	r14, r1
    1c30:	f1 2c       	mov	r15, r1
    1c32:	00 e0       	ldi	r16, 0x00	; 0
    1c34:	10 e0       	ldi	r17, 0x00	; 0
    1c36:	2d e1       	ldi	r18, 0x1D	; 29
    1c38:	30 e0       	ldi	r19, 0x00	; 0
    1c3a:	44 e1       	ldi	r20, 0x14	; 20
    1c3c:	50 e0       	ldi	r21, 0x00	; 0
    1c3e:	6c e3       	ldi	r22, 0x3C	; 60
    1c40:	70 e0       	ldi	r23, 0x00	; 0
    1c42:	86 e1       	ldi	r24, 0x16	; 22
    1c44:	93 e2       	ldi	r25, 0x23	; 35
    1c46:	0e 94 d8 01 	call	0x3b0	; 0x3b0 <eDIP_draw>
		eDIP_BO(31,75,20,105,165,0,127,1,1);	//Define bar graph "frequency" range 0 to 255 to match DMX range
    1c4a:	cf 93       	push	r28
    1c4c:	0f 2e       	mov	r0, r31
    1c4e:	ff e7       	ldi	r31, 0x7F	; 127
    1c50:	af 2e       	mov	r10, r31
    1c52:	f0 2d       	mov	r31, r0
    1c54:	0f 2e       	mov	r0, r31
    1c56:	f5 ea       	ldi	r31, 0xA5	; 165
    1c58:	ef 2e       	mov	r14, r31
    1c5a:	f1 2c       	mov	r15, r1
    1c5c:	f0 2d       	mov	r31, r0
    1c5e:	09 e6       	ldi	r16, 0x69	; 105
    1c60:	10 e0       	ldi	r17, 0x00	; 0
    1c62:	24 e1       	ldi	r18, 0x14	; 20
    1c64:	30 e0       	ldi	r19, 0x00	; 0
    1c66:	4b e4       	ldi	r20, 0x4B	; 75
    1c68:	50 e0       	ldi	r21, 0x00	; 0
    1c6a:	6f e1       	ldi	r22, 0x1F	; 31
    1c6c:	89 e1       	ldi	r24, 0x19	; 25
    1c6e:	93 e2       	ldi	r25, 0x23	; 35
    1c70:	0e 94 0d 02 	call	0x41a	; 0x41a <eDIP_bargraph>
		eDIP_AB(31);							//Draw bar graph for frequency as touch
    1c74:	aa 24       	eor	r10, r10
    1c76:	a3 94       	inc	r10
    1c78:	e1 2c       	mov	r14, r1
    1c7a:	00 e0       	ldi	r16, 0x00	; 0
    1c7c:	20 e0       	ldi	r18, 0x00	; 0
    1c7e:	40 e0       	ldi	r20, 0x00	; 0
    1c80:	6f e1       	ldi	r22, 0x1F	; 31
    1c82:	8c e1       	ldi	r24, 0x1C	; 28
    1c84:	93 e2       	ldi	r25, 0x23	; 35
    1c86:	0e 94 73 01 	call	0x2e6	; 0x2e6 <eDIP_command6>
		eDIP_BA(31,global_frequency);			//Update bar graph with current red level
    1c8a:	68 94       	set
    1c8c:	aa 24       	eor	r10, r10
    1c8e:	a1 f8       	bld	r10, 1
    1c90:	20 e0       	ldi	r18, 0x00	; 0
    1c92:	40 91 05 20 	lds	r20, 0x2005	; 0x802005 <global_frequency>
    1c96:	6f e1       	ldi	r22, 0x1F	; 31
    1c98:	8f e1       	ldi	r24, 0x1F	; 31
    1c9a:	93 e2       	ldi	r25, 0x23	; 35
    1c9c:	0e 94 73 01 	call	0x2e6	; 0x2e6 <eDIP_command6>
		
		eDIP_AU(225,115,33,215,220,"",0);		//Flash Button
    1ca0:	a1 2c       	mov	r10, r1
    1ca2:	0f 2e       	mov	r0, r31
    1ca4:	fc e4       	ldi	r31, 0x4C	; 76
    1ca6:	cf 2e       	mov	r12, r31
    1ca8:	f3 e2       	ldi	r31, 0x23	; 35
    1caa:	df 2e       	mov	r13, r31
    1cac:	f0 2d       	mov	r31, r0
    1cae:	0f 2e       	mov	r0, r31
    1cb0:	fc ed       	ldi	r31, 0xDC	; 220
    1cb2:	ef 2e       	mov	r14, r31
    1cb4:	f0 2d       	mov	r31, r0
    1cb6:	07 ed       	ldi	r16, 0xD7	; 215
    1cb8:	21 e2       	ldi	r18, 0x21	; 33
    1cba:	43 e7       	ldi	r20, 0x73	; 115
    1cbc:	50 e0       	ldi	r21, 0x00	; 0
    1cbe:	61 ee       	ldi	r22, 0xE1	; 225
    1cc0:	70 e0       	ldi	r23, 0x00	; 0
    1cc2:	82 e2       	ldi	r24, 0x22	; 34
    1cc4:	93 e2       	ldi	r25, 0x23	; 35
    1cc6:	0e 94 91 02 	call	0x522	; 0x522 <eDIP_touch2>
		eDIP_AU(170,115,34,216,221,"",0);		//Puke Button
    1cca:	0f 2e       	mov	r0, r31
    1ccc:	fd ed       	ldi	r31, 0xDD	; 221
    1cce:	ef 2e       	mov	r14, r31
    1cd0:	f0 2d       	mov	r31, r0
    1cd2:	08 ed       	ldi	r16, 0xD8	; 216
    1cd4:	22 e2       	ldi	r18, 0x22	; 34
    1cd6:	43 e7       	ldi	r20, 0x73	; 115
    1cd8:	50 e0       	ldi	r21, 0x00	; 0
    1cda:	6a ea       	ldi	r22, 0xAA	; 170
    1cdc:	70 e0       	ldi	r23, 0x00	; 0
    1cde:	82 e2       	ldi	r24, 0x22	; 34
    1ce0:	93 e2       	ldi	r25, 0x23	; 35
    1ce2:	0e 94 91 02 	call	0x522	; 0x522 <eDIP_touch2>
		eDIP_AU(115,115,32,217,222,"",0);		//Strobe Button
    1ce6:	0f 2e       	mov	r0, r31
    1ce8:	fe ed       	ldi	r31, 0xDE	; 222
    1cea:	ef 2e       	mov	r14, r31
    1cec:	f0 2d       	mov	r31, r0
    1cee:	09 ed       	ldi	r16, 0xD9	; 217
    1cf0:	20 e2       	ldi	r18, 0x20	; 32
    1cf2:	43 e7       	ldi	r20, 0x73	; 115
    1cf4:	50 e0       	ldi	r21, 0x00	; 0
    1cf6:	63 e7       	ldi	r22, 0x73	; 115
    1cf8:	70 e0       	ldi	r23, 0x00	; 0
    1cfa:	82 e2       	ldi	r24, 0x22	; 34
    1cfc:	93 e2       	ldi	r25, 0x23	; 35
    1cfe:	0e 94 91 02 	call	0x522	; 0x522 <eDIP_touch2>
    1d02:	2f ef       	ldi	r18, 0xFF	; 255
    1d04:	87 e8       	ldi	r24, 0x87	; 135
    1d06:	93 e1       	ldi	r25, 0x13	; 19
    1d08:	21 50       	subi	r18, 0x01	; 1
    1d0a:	80 40       	sbci	r24, 0x00	; 0
    1d0c:	90 40       	sbci	r25, 0x00	; 0
    1d0e:	e1 f7       	brne	.-8      	; 0x1d08 <draw_dmx_menu+0x2d4>
    1d10:	00 c0       	rjmp	.+0      	; 0x1d12 <draw_dmx_menu+0x2de>
    1d12:	00 00       	nop
				
		_delay_ms(200);							//Wait for Display to clear internal buffer 
		
		
		eDIP_AJ(115,20,36,223,227,"",0);		//R Button
    1d14:	0f 2e       	mov	r0, r31
    1d16:	f3 ee       	ldi	r31, 0xE3	; 227
    1d18:	ef 2e       	mov	r14, r31
    1d1a:	f0 2d       	mov	r31, r0
    1d1c:	0f ed       	ldi	r16, 0xDF	; 223
    1d1e:	24 e2       	ldi	r18, 0x24	; 36
    1d20:	44 e1       	ldi	r20, 0x14	; 20
    1d22:	50 e0       	ldi	r21, 0x00	; 0
    1d24:	63 e7       	ldi	r22, 0x73	; 115
    1d26:	70 e0       	ldi	r23, 0x00	; 0
    1d28:	80 e1       	ldi	r24, 0x10	; 16
    1d2a:	93 e2       	ldi	r25, 0x23	; 35
    1d2c:	0e 94 91 02 	call	0x522	; 0x522 <eDIP_touch2>
			if (selected_red != 0)				//Invert the red color button when redraw of this menu happens
    1d30:	60 91 65 2d 	lds	r22, 0x2D65	; 0x802d65 <selected_red>
    1d34:	0f 90       	pop	r0
    1d36:	0f 90       	pop	r0
    1d38:	66 23       	and	r22, r22
    1d3a:	61 f0       	breq	.+24     	; 0x1d54 <draw_dmx_menu+0x320>
			{
				eDIP_AP(selected_red,1);
    1d3c:	68 94       	set
    1d3e:	aa 24       	eor	r10, r10
    1d40:	a1 f8       	bld	r10, 1
    1d42:	c1 2c       	mov	r12, r1
    1d44:	e1 2c       	mov	r14, r1
    1d46:	00 e0       	ldi	r16, 0x00	; 0
    1d48:	20 e0       	ldi	r18, 0x00	; 0
    1d4a:	41 e0       	ldi	r20, 0x01	; 1
    1d4c:	83 e1       	ldi	r24, 0x13	; 19
    1d4e:	93 e2       	ldi	r25, 0x23	; 35
    1d50:	0e 94 73 01 	call	0x2e6	; 0x2e6 <eDIP_command6>
			}
		eDIP_AJ(115,50,37,224,228,"",0);		//G Button
    1d54:	a1 2c       	mov	r10, r1
    1d56:	0f 2e       	mov	r0, r31
    1d58:	fc e4       	ldi	r31, 0x4C	; 76
    1d5a:	cf 2e       	mov	r12, r31
    1d5c:	f3 e2       	ldi	r31, 0x23	; 35
    1d5e:	df 2e       	mov	r13, r31
    1d60:	f0 2d       	mov	r31, r0
    1d62:	0f 2e       	mov	r0, r31
    1d64:	f4 ee       	ldi	r31, 0xE4	; 228
    1d66:	ef 2e       	mov	r14, r31
    1d68:	f0 2d       	mov	r31, r0
    1d6a:	00 ee       	ldi	r16, 0xE0	; 224
    1d6c:	25 e2       	ldi	r18, 0x25	; 37
    1d6e:	42 e3       	ldi	r20, 0x32	; 50
    1d70:	50 e0       	ldi	r21, 0x00	; 0
    1d72:	63 e7       	ldi	r22, 0x73	; 115
    1d74:	70 e0       	ldi	r23, 0x00	; 0
    1d76:	80 e1       	ldi	r24, 0x10	; 16
    1d78:	93 e2       	ldi	r25, 0x23	; 35
    1d7a:	0e 94 91 02 	call	0x522	; 0x522 <eDIP_touch2>
			if (selected_green != 0)			//Invert the green color button when redraw of this menu happens
    1d7e:	60 91 66 2d 	lds	r22, 0x2D66	; 0x802d66 <selected_green>
    1d82:	66 23       	and	r22, r22
    1d84:	61 f0       	breq	.+24     	; 0x1d9e <draw_dmx_menu+0x36a>
			{
				eDIP_AP(selected_green,1);
    1d86:	68 94       	set
    1d88:	aa 24       	eor	r10, r10
    1d8a:	a1 f8       	bld	r10, 1
    1d8c:	c1 2c       	mov	r12, r1
    1d8e:	e1 2c       	mov	r14, r1
    1d90:	00 e0       	ldi	r16, 0x00	; 0
    1d92:	20 e0       	ldi	r18, 0x00	; 0
    1d94:	41 e0       	ldi	r20, 0x01	; 1
    1d96:	83 e1       	ldi	r24, 0x13	; 19
    1d98:	93 e2       	ldi	r25, 0x23	; 35
    1d9a:	0e 94 73 01 	call	0x2e6	; 0x2e6 <eDIP_command6>
			}
		eDIP_AJ(115,80,38,225,229,"",0);		//B Button
    1d9e:	a1 2c       	mov	r10, r1
    1da0:	0f 2e       	mov	r0, r31
    1da2:	fc e4       	ldi	r31, 0x4C	; 76
    1da4:	cf 2e       	mov	r12, r31
    1da6:	f3 e2       	ldi	r31, 0x23	; 35
    1da8:	df 2e       	mov	r13, r31
    1daa:	f0 2d       	mov	r31, r0
    1dac:	0f 2e       	mov	r0, r31
    1dae:	f5 ee       	ldi	r31, 0xE5	; 229
    1db0:	ef 2e       	mov	r14, r31
    1db2:	f0 2d       	mov	r31, r0
    1db4:	01 ee       	ldi	r16, 0xE1	; 225
    1db6:	26 e2       	ldi	r18, 0x26	; 38
    1db8:	40 e5       	ldi	r20, 0x50	; 80
    1dba:	50 e0       	ldi	r21, 0x00	; 0
    1dbc:	63 e7       	ldi	r22, 0x73	; 115
    1dbe:	70 e0       	ldi	r23, 0x00	; 0
    1dc0:	80 e1       	ldi	r24, 0x10	; 16
    1dc2:	93 e2       	ldi	r25, 0x23	; 35
    1dc4:	0e 94 91 02 	call	0x522	; 0x522 <eDIP_touch2>
			if (selected_blue != 0)				//Invert the blue color button when redraw of this menu happens
    1dc8:	60 91 63 2d 	lds	r22, 0x2D63	; 0x802d63 <selected_blue>
    1dcc:	66 23       	and	r22, r22
    1dce:	61 f0       	breq	.+24     	; 0x1de8 <draw_dmx_menu+0x3b4>
			{
				eDIP_AP(selected_blue,1);
    1dd0:	68 94       	set
    1dd2:	aa 24       	eor	r10, r10
    1dd4:	a1 f8       	bld	r10, 1
    1dd6:	c1 2c       	mov	r12, r1
    1dd8:	e1 2c       	mov	r14, r1
    1dda:	00 e0       	ldi	r16, 0x00	; 0
    1ddc:	20 e0       	ldi	r18, 0x00	; 0
    1dde:	41 e0       	ldi	r20, 0x01	; 1
    1de0:	83 e1       	ldi	r24, 0x13	; 19
    1de2:	93 e2       	ldi	r25, 0x23	; 35
    1de4:	0e 94 73 01 	call	0x2e6	; 0x2e6 <eDIP_command6>
			}
		eDIP_AJ(236,20,35,226,230,"",0);		//Solid Color Button
    1de8:	a1 2c       	mov	r10, r1
    1dea:	0f 2e       	mov	r0, r31
    1dec:	fc e4       	ldi	r31, 0x4C	; 76
    1dee:	cf 2e       	mov	r12, r31
    1df0:	f3 e2       	ldi	r31, 0x23	; 35
    1df2:	df 2e       	mov	r13, r31
    1df4:	f0 2d       	mov	r31, r0
    1df6:	0f 2e       	mov	r0, r31
    1df8:	f6 ee       	ldi	r31, 0xE6	; 230
    1dfa:	ef 2e       	mov	r14, r31
    1dfc:	f0 2d       	mov	r31, r0
    1dfe:	02 ee       	ldi	r16, 0xE2	; 226
    1e00:	23 e2       	ldi	r18, 0x23	; 35
    1e02:	44 e1       	ldi	r20, 0x14	; 20
    1e04:	50 e0       	ldi	r21, 0x00	; 0
    1e06:	6c ee       	ldi	r22, 0xEC	; 236
    1e08:	70 e0       	ldi	r23, 0x00	; 0
    1e0a:	80 e1       	ldi	r24, 0x10	; 16
    1e0c:	93 e2       	ldi	r25, 0x23	; 35
    1e0e:	0e 94 91 02 	call	0x522	; 0x522 <eDIP_touch2>
			if (selected_solid_color != 0)		//Invert the solid color button when redraw of this menu happens
    1e12:	60 91 62 2d 	lds	r22, 0x2D62	; 0x802d62 <selected_solid_color>
    1e16:	66 23       	and	r22, r22
    1e18:	61 f0       	breq	.+24     	; 0x1e32 <draw_dmx_menu+0x3fe>
			{
				eDIP_AP(selected_solid_color,1);
    1e1a:	68 94       	set
    1e1c:	aa 24       	eor	r10, r10
    1e1e:	a1 f8       	bld	r10, 1
    1e20:	c1 2c       	mov	r12, r1
    1e22:	e1 2c       	mov	r14, r1
    1e24:	00 e0       	ldi	r16, 0x00	; 0
    1e26:	20 e0       	ldi	r18, 0x00	; 0
    1e28:	41 e0       	ldi	r20, 0x01	; 1
    1e2a:	83 e1       	ldi	r24, 0x13	; 19
    1e2c:	93 e2       	ldi	r25, 0x23	; 35
    1e2e:	0e 94 73 01 	call	0x2e6	; 0x2e6 <eDIP_command6>
			}
		
		eDIP_BR(40,145,20,230,44,0,127,1,1);	//Define bar graph Red range 0 to 255 to match DMX range
    1e32:	c1 e0       	ldi	r28, 0x01	; 1
    1e34:	cf 93       	push	r28
    1e36:	88 24       	eor	r8, r8
    1e38:	83 94       	inc	r8
    1e3a:	0f 2e       	mov	r0, r31
    1e3c:	ff e7       	ldi	r31, 0x7F	; 127
    1e3e:	af 2e       	mov	r10, r31
    1e40:	f0 2d       	mov	r31, r0
    1e42:	c1 2c       	mov	r12, r1
    1e44:	0f 2e       	mov	r0, r31
    1e46:	fc e2       	ldi	r31, 0x2C	; 44
    1e48:	ef 2e       	mov	r14, r31
    1e4a:	f1 2c       	mov	r15, r1
    1e4c:	f0 2d       	mov	r31, r0
    1e4e:	06 ee       	ldi	r16, 0xE6	; 230
    1e50:	10 e0       	ldi	r17, 0x00	; 0
    1e52:	24 e1       	ldi	r18, 0x14	; 20
    1e54:	30 e0       	ldi	r19, 0x00	; 0
    1e56:	41 e9       	ldi	r20, 0x91	; 145
    1e58:	50 e0       	ldi	r21, 0x00	; 0
    1e5a:	68 e2       	ldi	r22, 0x28	; 40
    1e5c:	85 e2       	ldi	r24, 0x25	; 37
    1e5e:	93 e2       	ldi	r25, 0x23	; 35
    1e60:	0e 94 0d 02 	call	0x41a	; 0x41a <eDIP_bargraph>
		eDIP_AB(40);							//Draw bar graph for red as touch
    1e64:	aa 24       	eor	r10, r10
    1e66:	a3 94       	inc	r10
    1e68:	e1 2c       	mov	r14, r1
    1e6a:	00 e0       	ldi	r16, 0x00	; 0
    1e6c:	20 e0       	ldi	r18, 0x00	; 0
    1e6e:	40 e0       	ldi	r20, 0x00	; 0
    1e70:	68 e2       	ldi	r22, 0x28	; 40
    1e72:	8c e1       	ldi	r24, 0x1C	; 28
    1e74:	93 e2       	ldi	r25, 0x23	; 35
    1e76:	0e 94 73 01 	call	0x2e6	; 0x2e6 <eDIP_command6>
		eDIP_BA(40,global_red);					//Update bar graph with current red level
    1e7a:	68 94       	set
    1e7c:	aa 24       	eor	r10, r10
    1e7e:	a1 f8       	bld	r10, 1
    1e80:	20 e0       	ldi	r18, 0x00	; 0
    1e82:	40 91 9b 2c 	lds	r20, 0x2C9B	; 0x802c9b <global_red>
    1e86:	68 e2       	ldi	r22, 0x28	; 40
    1e88:	8f e1       	ldi	r24, 0x1F	; 31
    1e8a:	93 e2       	ldi	r25, 0x23	; 35
    1e8c:	0e 94 73 01 	call	0x2e6	; 0x2e6 <eDIP_command6>
				
		eDIP_BR(41,145,50,230,74,0,127,1,1);	//Define bar graph Green range 0 to 255 to match DMX range
    1e90:	cf 93       	push	r28
    1e92:	0f 2e       	mov	r0, r31
    1e94:	ff e7       	ldi	r31, 0x7F	; 127
    1e96:	af 2e       	mov	r10, r31
    1e98:	f0 2d       	mov	r31, r0
    1e9a:	0f 2e       	mov	r0, r31
    1e9c:	fa e4       	ldi	r31, 0x4A	; 74
    1e9e:	ef 2e       	mov	r14, r31
    1ea0:	f1 2c       	mov	r15, r1
    1ea2:	f0 2d       	mov	r31, r0
    1ea4:	06 ee       	ldi	r16, 0xE6	; 230
    1ea6:	10 e0       	ldi	r17, 0x00	; 0
    1ea8:	22 e3       	ldi	r18, 0x32	; 50
    1eaa:	30 e0       	ldi	r19, 0x00	; 0
    1eac:	41 e9       	ldi	r20, 0x91	; 145
    1eae:	50 e0       	ldi	r21, 0x00	; 0
    1eb0:	69 e2       	ldi	r22, 0x29	; 41
    1eb2:	85 e2       	ldi	r24, 0x25	; 37
    1eb4:	93 e2       	ldi	r25, 0x23	; 35
    1eb6:	0e 94 0d 02 	call	0x41a	; 0x41a <eDIP_bargraph>
		eDIP_AB(41);							//Draw bar graph for Green as touch
    1eba:	aa 24       	eor	r10, r10
    1ebc:	a3 94       	inc	r10
    1ebe:	e1 2c       	mov	r14, r1
    1ec0:	00 e0       	ldi	r16, 0x00	; 0
    1ec2:	20 e0       	ldi	r18, 0x00	; 0
    1ec4:	40 e0       	ldi	r20, 0x00	; 0
    1ec6:	69 e2       	ldi	r22, 0x29	; 41
    1ec8:	8c e1       	ldi	r24, 0x1C	; 28
    1eca:	93 e2       	ldi	r25, 0x23	; 35
    1ecc:	0e 94 73 01 	call	0x2e6	; 0x2e6 <eDIP_command6>
		eDIP_BA(41,global_green);				//Update bar graph with current green level
    1ed0:	68 94       	set
    1ed2:	aa 24       	eor	r10, r10
    1ed4:	a1 f8       	bld	r10, 1
    1ed6:	20 e0       	ldi	r18, 0x00	; 0
    1ed8:	40 91 99 2c 	lds	r20, 0x2C99	; 0x802c99 <global_green>
    1edc:	69 e2       	ldi	r22, 0x29	; 41
    1ede:	8f e1       	ldi	r24, 0x1F	; 31
    1ee0:	93 e2       	ldi	r25, 0x23	; 35
    1ee2:	0e 94 73 01 	call	0x2e6	; 0x2e6 <eDIP_command6>
						
		eDIP_BR(42,145,80,230,104,0,127,1,1);	//Define bar graph Blue range 0 to 255 to match DMX range
    1ee6:	cf 93       	push	r28
    1ee8:	0f 2e       	mov	r0, r31
    1eea:	ff e7       	ldi	r31, 0x7F	; 127
    1eec:	af 2e       	mov	r10, r31
    1eee:	f0 2d       	mov	r31, r0
    1ef0:	0f 2e       	mov	r0, r31
    1ef2:	f8 e6       	ldi	r31, 0x68	; 104
    1ef4:	ef 2e       	mov	r14, r31
    1ef6:	f1 2c       	mov	r15, r1
    1ef8:	f0 2d       	mov	r31, r0
    1efa:	06 ee       	ldi	r16, 0xE6	; 230
    1efc:	10 e0       	ldi	r17, 0x00	; 0
    1efe:	20 e5       	ldi	r18, 0x50	; 80
    1f00:	30 e0       	ldi	r19, 0x00	; 0
    1f02:	41 e9       	ldi	r20, 0x91	; 145
    1f04:	50 e0       	ldi	r21, 0x00	; 0
    1f06:	6a e2       	ldi	r22, 0x2A	; 42
    1f08:	85 e2       	ldi	r24, 0x25	; 37
    1f0a:	93 e2       	ldi	r25, 0x23	; 35
    1f0c:	0e 94 0d 02 	call	0x41a	; 0x41a <eDIP_bargraph>
		eDIP_AB(42);							//Draw bar graph for Blue as touch
    1f10:	aa 24       	eor	r10, r10
    1f12:	a3 94       	inc	r10
    1f14:	e1 2c       	mov	r14, r1
    1f16:	00 e0       	ldi	r16, 0x00	; 0
    1f18:	20 e0       	ldi	r18, 0x00	; 0
    1f1a:	40 e0       	ldi	r20, 0x00	; 0
    1f1c:	6a e2       	ldi	r22, 0x2A	; 42
    1f1e:	8c e1       	ldi	r24, 0x1C	; 28
    1f20:	93 e2       	ldi	r25, 0x23	; 35
    1f22:	0e 94 73 01 	call	0x2e6	; 0x2e6 <eDIP_command6>
		eDIP_BA(42,global_blue);				//Update bar graph with current blue level
    1f26:	68 94       	set
    1f28:	aa 24       	eor	r10, r10
    1f2a:	a1 f8       	bld	r10, 1
    1f2c:	20 e0       	ldi	r18, 0x00	; 0
    1f2e:	40 91 9a 2c 	lds	r20, 0x2C9A	; 0x802c9a <global_blue>
    1f32:	6a e2       	ldi	r22, 0x2A	; 42
    1f34:	8f e1       	ldi	r24, 0x1F	; 31
    1f36:	93 e2       	ldi	r25, 0x23	; 35
    1f38:	0e 94 73 01 	call	0x2e6	; 0x2e6 <eDIP_command6>
	
	selected_menu = 2;
    1f3c:	82 e0       	ldi	r24, 0x02	; 2
    1f3e:	80 93 9d 2c 	sts	0x2C9D, r24	; 0x802c9d <selected_menu>
	
	return 1;
    1f42:	0f 90       	pop	r0
    1f44:	0f 90       	pop	r0
    1f46:	0f 90       	pop	r0
}
    1f48:	81 e0       	ldi	r24, 0x01	; 1
    1f4a:	cf 91       	pop	r28
    1f4c:	1f 91       	pop	r17
    1f4e:	0f 91       	pop	r16
    1f50:	ff 90       	pop	r15
    1f52:	ef 90       	pop	r14
    1f54:	df 90       	pop	r13
    1f56:	cf 90       	pop	r12
    1f58:	af 90       	pop	r10
    1f5a:	8f 90       	pop	r8
    1f5c:	08 95       	ret

00001f5e <draw_setup_menu>:


_Bool draw_setup_menu(void)
{
    1f5e:	8f 92       	push	r8
    1f60:	af 92       	push	r10
    1f62:	bf 92       	push	r11
    1f64:	cf 92       	push	r12
    1f66:	ef 92       	push	r14
    1f68:	0f 93       	push	r16
    1f6a:	1f 93       	push	r17
	draw_basic_frame(202);
    1f6c:	8a ec       	ldi	r24, 0xCA	; 202
    1f6e:	c0 dc       	rcall	.-1664   	; 0x18f0 <draw_basic_frame>
	eDIP_AR(4);
    1f70:	aa 24       	eor	r10, r10
    1f72:	a3 94       	inc	r10
    1f74:	c1 2c       	mov	r12, r1
    1f76:	e1 2c       	mov	r14, r1
    1f78:	00 e0       	ldi	r16, 0x00	; 0
    1f7a:	20 e0       	ldi	r18, 0x00	; 0
    1f7c:	40 e0       	ldi	r20, 0x00	; 0
    1f7e:	64 e0       	ldi	r22, 0x04	; 4
    1f80:	8a e0       	ldi	r24, 0x0A	; 10
    1f82:	93 e2       	ldi	r25, 0x23	; 35
    1f84:	0e 94 73 01 	call	0x2e6	; 0x2e6 <eDIP_command6>
	eDIP_AE(9,0);
    1f88:	68 94       	set
    1f8a:	aa 24       	eor	r10, r10
    1f8c:	a1 f8       	bld	r10, 1
    1f8e:	20 e0       	ldi	r18, 0x00	; 0
    1f90:	40 e0       	ldi	r20, 0x00	; 0
    1f92:	69 e0       	ldi	r22, 0x09	; 9
    1f94:	8d e0       	ldi	r24, 0x0D	; 13
    1f96:	93 e2       	ldi	r25, 0x23	; 35
    1f98:	0e 94 73 01 	call	0x2e6	; 0x2e6 <eDIP_command6>
	eDIP_AK(10,180,60,230,210,215,"Audio",5);
    1f9c:	0f 2e       	mov	r0, r31
    1f9e:	f5 e0       	ldi	r31, 0x05	; 5
    1fa0:	8f 2e       	mov	r8, r31
    1fa2:	f0 2d       	mov	r31, r0
    1fa4:	0f 2e       	mov	r0, r31
    1fa6:	f8 e2       	ldi	r31, 0x28	; 40
    1fa8:	af 2e       	mov	r10, r31
    1faa:	f3 e2       	ldi	r31, 0x23	; 35
    1fac:	bf 2e       	mov	r11, r31
    1fae:	f0 2d       	mov	r31, r0
    1fb0:	0f 2e       	mov	r0, r31
    1fb2:	f7 ed       	ldi	r31, 0xD7	; 215
    1fb4:	cf 2e       	mov	r12, r31
    1fb6:	f0 2d       	mov	r31, r0
    1fb8:	0f 2e       	mov	r0, r31
    1fba:	f2 ed       	ldi	r31, 0xD2	; 210
    1fbc:	ef 2e       	mov	r14, r31
    1fbe:	f0 2d       	mov	r31, r0
    1fc0:	06 ee       	ldi	r16, 0xE6	; 230
    1fc2:	10 e0       	ldi	r17, 0x00	; 0
    1fc4:	2c e3       	ldi	r18, 0x3C	; 60
    1fc6:	30 e0       	ldi	r19, 0x00	; 0
    1fc8:	44 eb       	ldi	r20, 0xB4	; 180
    1fca:	50 e0       	ldi	r21, 0x00	; 0
    1fcc:	6a e0       	ldi	r22, 0x0A	; 10
    1fce:	70 e0       	ldi	r23, 0x00	; 0
    1fd0:	8e e2       	ldi	r24, 0x2E	; 46
    1fd2:	93 e2       	ldi	r25, 0x23	; 35
    1fd4:	0e 94 42 02 	call	0x484	; 0x484 <eDIP_touch1>
	eDIP_AK(70,180,120,230,211,216,"DMX",3);
    1fd8:	0f 2e       	mov	r0, r31
    1fda:	f3 e0       	ldi	r31, 0x03	; 3
    1fdc:	8f 2e       	mov	r8, r31
    1fde:	f0 2d       	mov	r31, r0
    1fe0:	0f 2e       	mov	r0, r31
    1fe2:	f1 e3       	ldi	r31, 0x31	; 49
    1fe4:	af 2e       	mov	r10, r31
    1fe6:	f3 e2       	ldi	r31, 0x23	; 35
    1fe8:	bf 2e       	mov	r11, r31
    1fea:	f0 2d       	mov	r31, r0
    1fec:	0f 2e       	mov	r0, r31
    1fee:	f8 ed       	ldi	r31, 0xD8	; 216
    1ff0:	cf 2e       	mov	r12, r31
    1ff2:	f0 2d       	mov	r31, r0
    1ff4:	0f 2e       	mov	r0, r31
    1ff6:	f3 ed       	ldi	r31, 0xD3	; 211
    1ff8:	ef 2e       	mov	r14, r31
    1ffa:	f0 2d       	mov	r31, r0
    1ffc:	28 e7       	ldi	r18, 0x78	; 120
    1ffe:	30 e0       	ldi	r19, 0x00	; 0
    2000:	44 eb       	ldi	r20, 0xB4	; 180
    2002:	50 e0       	ldi	r21, 0x00	; 0
    2004:	66 e4       	ldi	r22, 0x46	; 70
    2006:	70 e0       	ldi	r23, 0x00	; 0
    2008:	8e e2       	ldi	r24, 0x2E	; 46
    200a:	93 e2       	ldi	r25, 0x23	; 35
    200c:	0e 94 42 02 	call	0x484	; 0x484 <eDIP_touch1>
	eDIP_AK(130,180,180,230,212,217,"System",6);
    2010:	0f 2e       	mov	r0, r31
    2012:	f6 e0       	ldi	r31, 0x06	; 6
    2014:	8f 2e       	mov	r8, r31
    2016:	f0 2d       	mov	r31, r0
    2018:	0f 2e       	mov	r0, r31
    201a:	f5 e3       	ldi	r31, 0x35	; 53
    201c:	af 2e       	mov	r10, r31
    201e:	f3 e2       	ldi	r31, 0x23	; 35
    2020:	bf 2e       	mov	r11, r31
    2022:	f0 2d       	mov	r31, r0
    2024:	0f 2e       	mov	r0, r31
    2026:	f9 ed       	ldi	r31, 0xD9	; 217
    2028:	cf 2e       	mov	r12, r31
    202a:	f0 2d       	mov	r31, r0
    202c:	0f 2e       	mov	r0, r31
    202e:	f4 ed       	ldi	r31, 0xD4	; 212
    2030:	ef 2e       	mov	r14, r31
    2032:	f0 2d       	mov	r31, r0
    2034:	24 eb       	ldi	r18, 0xB4	; 180
    2036:	30 e0       	ldi	r19, 0x00	; 0
    2038:	44 eb       	ldi	r20, 0xB4	; 180
    203a:	50 e0       	ldi	r21, 0x00	; 0
    203c:	62 e8       	ldi	r22, 0x82	; 130
    203e:	70 e0       	ldi	r23, 0x00	; 0
    2040:	8e e2       	ldi	r24, 0x2E	; 46
    2042:	93 e2       	ldi	r25, 0x23	; 35
    2044:	0e 94 42 02 	call	0x484	; 0x484 <eDIP_touch1>
	eDIP_AK(190,180,240,230,213,218,"Info",4);
    2048:	68 94       	set
    204a:	88 24       	eor	r8, r8
    204c:	82 f8       	bld	r8, 2
    204e:	0f 2e       	mov	r0, r31
    2050:	fc e3       	ldi	r31, 0x3C	; 60
    2052:	af 2e       	mov	r10, r31
    2054:	f3 e2       	ldi	r31, 0x23	; 35
    2056:	bf 2e       	mov	r11, r31
    2058:	f0 2d       	mov	r31, r0
    205a:	0f 2e       	mov	r0, r31
    205c:	fa ed       	ldi	r31, 0xDA	; 218
    205e:	cf 2e       	mov	r12, r31
    2060:	f0 2d       	mov	r31, r0
    2062:	0f 2e       	mov	r0, r31
    2064:	f5 ed       	ldi	r31, 0xD5	; 213
    2066:	ef 2e       	mov	r14, r31
    2068:	f0 2d       	mov	r31, r0
    206a:	20 ef       	ldi	r18, 0xF0	; 240
    206c:	30 e0       	ldi	r19, 0x00	; 0
    206e:	44 eb       	ldi	r20, 0xB4	; 180
    2070:	50 e0       	ldi	r21, 0x00	; 0
    2072:	6e eb       	ldi	r22, 0xBE	; 190
    2074:	70 e0       	ldi	r23, 0x00	; 0
    2076:	8e e2       	ldi	r24, 0x2E	; 46
    2078:	93 e2       	ldi	r25, 0x23	; 35
    207a:	0e 94 42 02 	call	0x484	; 0x484 <eDIP_touch1>
	eDIP_AR(0);
    207e:	aa 24       	eor	r10, r10
    2080:	a3 94       	inc	r10
    2082:	c1 2c       	mov	r12, r1
    2084:	e1 2c       	mov	r14, r1
    2086:	00 e0       	ldi	r16, 0x00	; 0
    2088:	20 e0       	ldi	r18, 0x00	; 0
    208a:	40 e0       	ldi	r20, 0x00	; 0
    208c:	60 e0       	ldi	r22, 0x00	; 0
    208e:	8a e0       	ldi	r24, 0x0A	; 10
    2090:	93 e2       	ldi	r25, 0x23	; 35
    2092:	0e 94 73 01 	call	0x2e6	; 0x2e6 <eDIP_command6>
	
	selected_menu = 3;
    2096:	83 e0       	ldi	r24, 0x03	; 3
    2098:	80 93 9d 2c 	sts	0x2C9D, r24	; 0x802c9d <selected_menu>
	
	return 1;
}
    209c:	81 e0       	ldi	r24, 0x01	; 1
    209e:	1f 91       	pop	r17
    20a0:	0f 91       	pop	r16
    20a2:	ef 90       	pop	r14
    20a4:	cf 90       	pop	r12
    20a6:	bf 90       	pop	r11
    20a8:	af 90       	pop	r10
    20aa:	8f 90       	pop	r8
    20ac:	08 95       	ret

000020ae <showlevel>:


//Show level value in dB underneath Master Volume
_Bool showlevel(uint8_t level)
{
    20ae:	0f 93       	push	r16
    20b0:	cf 93       	push	r28
    20b2:	c8 2f       	mov	r28, r24
	if (level > 91)									//All values over 91 are positive dB values
    20b4:	8c 35       	cpi	r24, 0x5C	; 92
    20b6:	50 f1       	brcs	.+84     	; 0x210c <showlevel+0x5e>
	{
		eDIP_ZL(10,150,"+",1);						//Write a "+" to the screen
    20b8:	01 e0       	ldi	r16, 0x01	; 1
    20ba:	21 e4       	ldi	r18, 0x41	; 65
    20bc:	33 e2       	ldi	r19, 0x23	; 35
    20be:	46 e9       	ldi	r20, 0x96	; 150
    20c0:	50 e0       	ldi	r21, 0x00	; 0
    20c2:	6a e0       	ldi	r22, 0x0A	; 10
    20c4:	70 e0       	ldi	r23, 0x00	; 0
    20c6:	83 e4       	ldi	r24, 0x43	; 67
    20c8:	93 e2       	ldi	r25, 0x23	; 35
    20ca:	0e 94 9b 01 	call	0x336	; 0x336 <eDIP_string>
		eDIP_ZL(20,150,lut_pegel[115-level],3);		//Look up dB value based on volume level index
    20ce:	e3 e7       	ldi	r30, 0x73	; 115
    20d0:	f0 e0       	ldi	r31, 0x00	; 0
    20d2:	ec 1b       	sub	r30, r28
    20d4:	f1 09       	sbc	r31, r1
    20d6:	ee 0f       	add	r30, r30
    20d8:	ff 1f       	adc	r31, r31
    20da:	e9 5f       	subi	r30, 0xF9	; 249
    20dc:	ff 4d       	sbci	r31, 0xDF	; 223
    20de:	20 81       	ld	r18, Z
    20e0:	31 81       	ldd	r19, Z+1	; 0x01
    20e2:	03 e0       	ldi	r16, 0x03	; 3
    20e4:	46 e9       	ldi	r20, 0x96	; 150
    20e6:	50 e0       	ldi	r21, 0x00	; 0
    20e8:	64 e1       	ldi	r22, 0x14	; 20
    20ea:	70 e0       	ldi	r23, 0x00	; 0
    20ec:	83 e4       	ldi	r24, 0x43	; 67
    20ee:	93 e2       	ldi	r25, 0x23	; 35
    20f0:	0e 94 9b 01 	call	0x336	; 0x336 <eDIP_string>
		eDIP_ZL(45,150,"dB",2);						//Write dB after the numeric value for OCD reasons
    20f4:	02 e0       	ldi	r16, 0x02	; 2
    20f6:	26 e4       	ldi	r18, 0x46	; 70
    20f8:	33 e2       	ldi	r19, 0x23	; 35
    20fa:	46 e9       	ldi	r20, 0x96	; 150
    20fc:	50 e0       	ldi	r21, 0x00	; 0
    20fe:	6d e2       	ldi	r22, 0x2D	; 45
    2100:	70 e0       	ldi	r23, 0x00	; 0
    2102:	83 e4       	ldi	r24, 0x43	; 67
    2104:	93 e2       	ldi	r25, 0x23	; 35
    2106:	0e 94 9b 01 	call	0x336	; 0x336 <eDIP_string>
    210a:	55 c0       	rjmp	.+170    	; 0x21b6 <showlevel+0x108>
	} 
	else if (level < 91)							//All values over 91 are negative dB values
    210c:	8b 35       	cpi	r24, 0x5B	; 91
    210e:	50 f5       	brcc	.+84     	; 0x2164 <showlevel+0xb6>
	{
		eDIP_ZL(10,150,"-",1);
    2110:	01 e0       	ldi	r16, 0x01	; 1
    2112:	29 e4       	ldi	r18, 0x49	; 73
    2114:	33 e2       	ldi	r19, 0x23	; 35
    2116:	46 e9       	ldi	r20, 0x96	; 150
    2118:	50 e0       	ldi	r21, 0x00	; 0
    211a:	6a e0       	ldi	r22, 0x0A	; 10
    211c:	70 e0       	ldi	r23, 0x00	; 0
    211e:	83 e4       	ldi	r24, 0x43	; 67
    2120:	93 e2       	ldi	r25, 0x23	; 35
    2122:	0e 94 9b 01 	call	0x336	; 0x336 <eDIP_string>
		eDIP_ZL(20,150,lut_pegel[115-level],3);
    2126:	e3 e7       	ldi	r30, 0x73	; 115
    2128:	f0 e0       	ldi	r31, 0x00	; 0
    212a:	ec 1b       	sub	r30, r28
    212c:	f1 09       	sbc	r31, r1
    212e:	ee 0f       	add	r30, r30
    2130:	ff 1f       	adc	r31, r31
    2132:	e9 5f       	subi	r30, 0xF9	; 249
    2134:	ff 4d       	sbci	r31, 0xDF	; 223
    2136:	20 81       	ld	r18, Z
    2138:	31 81       	ldd	r19, Z+1	; 0x01
    213a:	03 e0       	ldi	r16, 0x03	; 3
    213c:	46 e9       	ldi	r20, 0x96	; 150
    213e:	50 e0       	ldi	r21, 0x00	; 0
    2140:	64 e1       	ldi	r22, 0x14	; 20
    2142:	70 e0       	ldi	r23, 0x00	; 0
    2144:	83 e4       	ldi	r24, 0x43	; 67
    2146:	93 e2       	ldi	r25, 0x23	; 35
    2148:	0e 94 9b 01 	call	0x336	; 0x336 <eDIP_string>
		eDIP_ZL(45,150,"dB",2);
    214c:	02 e0       	ldi	r16, 0x02	; 2
    214e:	26 e4       	ldi	r18, 0x46	; 70
    2150:	33 e2       	ldi	r19, 0x23	; 35
    2152:	46 e9       	ldi	r20, 0x96	; 150
    2154:	50 e0       	ldi	r21, 0x00	; 0
    2156:	6d e2       	ldi	r22, 0x2D	; 45
    2158:	70 e0       	ldi	r23, 0x00	; 0
    215a:	83 e4       	ldi	r24, 0x43	; 67
    215c:	93 e2       	ldi	r25, 0x23	; 35
    215e:	0e 94 9b 01 	call	0x336	; 0x336 <eDIP_string>
    2162:	29 c0       	rjmp	.+82     	; 0x21b6 <showlevel+0x108>
	}
	else											//Position 90 of the LUT equals 0dB which does not need a sign
	{
		eDIP_ZL(10,150," ",1);
    2164:	01 e0       	ldi	r16, 0x01	; 1
    2166:	2b e4       	ldi	r18, 0x4B	; 75
    2168:	33 e2       	ldi	r19, 0x23	; 35
    216a:	46 e9       	ldi	r20, 0x96	; 150
    216c:	50 e0       	ldi	r21, 0x00	; 0
    216e:	6a e0       	ldi	r22, 0x0A	; 10
    2170:	70 e0       	ldi	r23, 0x00	; 0
    2172:	83 e4       	ldi	r24, 0x43	; 67
    2174:	93 e2       	ldi	r25, 0x23	; 35
    2176:	0e 94 9b 01 	call	0x336	; 0x336 <eDIP_string>
		eDIP_ZL(20,150,lut_pegel[115-level],3);
    217a:	e3 e7       	ldi	r30, 0x73	; 115
    217c:	f0 e0       	ldi	r31, 0x00	; 0
    217e:	ec 1b       	sub	r30, r28
    2180:	f1 09       	sbc	r31, r1
    2182:	ee 0f       	add	r30, r30
    2184:	ff 1f       	adc	r31, r31
    2186:	e9 5f       	subi	r30, 0xF9	; 249
    2188:	ff 4d       	sbci	r31, 0xDF	; 223
    218a:	20 81       	ld	r18, Z
    218c:	31 81       	ldd	r19, Z+1	; 0x01
    218e:	03 e0       	ldi	r16, 0x03	; 3
    2190:	46 e9       	ldi	r20, 0x96	; 150
    2192:	50 e0       	ldi	r21, 0x00	; 0
    2194:	64 e1       	ldi	r22, 0x14	; 20
    2196:	70 e0       	ldi	r23, 0x00	; 0
    2198:	83 e4       	ldi	r24, 0x43	; 67
    219a:	93 e2       	ldi	r25, 0x23	; 35
    219c:	0e 94 9b 01 	call	0x336	; 0x336 <eDIP_string>
		eDIP_ZL(45,150,"dB",2);
    21a0:	02 e0       	ldi	r16, 0x02	; 2
    21a2:	26 e4       	ldi	r18, 0x46	; 70
    21a4:	33 e2       	ldi	r19, 0x23	; 35
    21a6:	46 e9       	ldi	r20, 0x96	; 150
    21a8:	50 e0       	ldi	r21, 0x00	; 0
    21aa:	6d e2       	ldi	r22, 0x2D	; 45
    21ac:	70 e0       	ldi	r23, 0x00	; 0
    21ae:	83 e4       	ldi	r24, 0x43	; 67
    21b0:	93 e2       	ldi	r25, 0x23	; 35
    21b2:	0e 94 9b 01 	call	0x336	; 0x336 <eDIP_string>
	}
	return 1;
}
    21b6:	81 e0       	ldi	r24, 0x01	; 1
    21b8:	cf 91       	pop	r28
    21ba:	0f 91       	pop	r16
    21bc:	08 95       	ret

000021be <show_mute>:
}


//Displays the word "Muted" as long as audio source is muted
_Bool show_mute(void)
{
    21be:	0f 93       	push	r16
	eDIP_ZL(30,150,"Muted",5);
    21c0:	05 e0       	ldi	r16, 0x05	; 5
    21c2:	2d e4       	ldi	r18, 0x4D	; 77
    21c4:	33 e2       	ldi	r19, 0x23	; 35
    21c6:	46 e9       	ldi	r20, 0x96	; 150
    21c8:	50 e0       	ldi	r21, 0x00	; 0
    21ca:	6e e1       	ldi	r22, 0x1E	; 30
    21cc:	70 e0       	ldi	r23, 0x00	; 0
    21ce:	83 e4       	ldi	r24, 0x43	; 67
    21d0:	93 e2       	ldi	r25, 0x23	; 35
    21d2:	0e 94 9b 01 	call	0x336	; 0x336 <eDIP_string>
	
	return 1;
}
    21d6:	81 e0       	ldi	r24, 0x01	; 1
    21d8:	0f 91       	pop	r16
    21da:	08 95       	ret

000021dc <clear_area>:

//Function to clear a specific area of the DSP 
_Bool clear_area(uint8_t x1, uint8_t y1, uint8_t x2, uint8_t y2)
{
    21dc:	af 92       	push	r10
    21de:	cf 92       	push	r12
    21e0:	df 92       	push	r13
    21e2:	ef 92       	push	r14
    21e4:	ff 92       	push	r15
    21e6:	0f 93       	push	r16
    21e8:	1f 93       	push	r17
	eDIP_RL(x1,y1,x2,y2);
    21ea:	02 2f       	mov	r16, r18
    21ec:	10 e0       	ldi	r17, 0x00	; 0
    21ee:	24 2f       	mov	r18, r20
    21f0:	30 e0       	ldi	r19, 0x00	; 0
    21f2:	46 2f       	mov	r20, r22
    21f4:	50 e0       	ldi	r21, 0x00	; 0
    21f6:	68 2f       	mov	r22, r24
    21f8:	70 e0       	ldi	r23, 0x00	; 0
    21fa:	68 94       	set
    21fc:	aa 24       	eor	r10, r10
    21fe:	a3 f8       	bld	r10, 3
    2200:	c1 2c       	mov	r12, r1
    2202:	d1 2c       	mov	r13, r1
    2204:	e1 2c       	mov	r14, r1
    2206:	f1 2c       	mov	r15, r1
    2208:	83 e5       	ldi	r24, 0x53	; 83
    220a:	93 e2       	ldi	r25, 0x23	; 35
    220c:	0e 94 d8 01 	call	0x3b0	; 0x3b0 <eDIP_draw>
	
	return 1;
    2210:	81 e0       	ldi	r24, 0x01	; 1
    2212:	1f 91       	pop	r17
    2214:	0f 91       	pop	r16
    2216:	ff 90       	pop	r15
    2218:	ef 90       	pop	r14
    221a:	df 90       	pop	r13
    221c:	cf 90       	pop	r12
    221e:	af 90       	pop	r10
    2220:	08 95       	ret

00002222 <draw_audio_menu>:
}



_Bool draw_audio_menu(void)
{
    2222:	6f 92       	push	r6
    2224:	7f 92       	push	r7
    2226:	8f 92       	push	r8
    2228:	af 92       	push	r10
    222a:	cf 92       	push	r12
    222c:	df 92       	push	r13
    222e:	ef 92       	push	r14
    2230:	ff 92       	push	r15
    2232:	0f 93       	push	r16
    2234:	1f 93       	push	r17
    2236:	cf 93       	push	r28
    2238:	df 93       	push	r29
	uint8_t h=90;
	uint8_t w=8;
	uint8_t s=3;
	uint8_t mastervolume = 0;
	
	draw_basic_frame(200);
    223a:	88 ec       	ldi	r24, 0xC8	; 200
    223c:	59 db       	rcall	.-2382   	; 0x18f0 <draw_basic_frame>
	eDIP_UI(0,170,17);							//Draw Select Source Bar Graphic
    223e:	0f 2e       	mov	r0, r31
    2240:	f5 e0       	ldi	r31, 0x05	; 5
    2242:	af 2e       	mov	r10, r31
    2244:	f0 2d       	mov	r31, r0
    2246:	c1 2c       	mov	r12, r1
    2248:	d1 2c       	mov	r13, r1
    224a:	e1 2c       	mov	r14, r1
    224c:	f1 2c       	mov	r15, r1
    224e:	00 e0       	ldi	r16, 0x00	; 0
    2250:	10 e0       	ldi	r17, 0x00	; 0
    2252:	21 e1       	ldi	r18, 0x11	; 17
    2254:	30 e0       	ldi	r19, 0x00	; 0
    2256:	4a ea       	ldi	r20, 0xAA	; 170
    2258:	50 e0       	ldi	r21, 0x00	; 0
    225a:	60 e0       	ldi	r22, 0x00	; 0
    225c:	70 e0       	ldi	r23, 0x00	; 0
    225e:	86 e1       	ldi	r24, 0x16	; 22
    2260:	93 e2       	ldi	r25, 0x23	; 35
    2262:	0e 94 d8 01 	call	0x3b0	; 0x3b0 <eDIP_draw>
	eDIP_UI(115,100,18);						//Draw Spectrum Bar Graphic
    2266:	22 e1       	ldi	r18, 0x12	; 18
    2268:	30 e0       	ldi	r19, 0x00	; 0
    226a:	44 e6       	ldi	r20, 0x64	; 100
    226c:	50 e0       	ldi	r21, 0x00	; 0
    226e:	63 e7       	ldi	r22, 0x73	; 115
    2270:	70 e0       	ldi	r23, 0x00	; 0
    2272:	86 e1       	ldi	r24, 0x16	; 22
    2274:	93 e2       	ldi	r25, 0x23	; 35
    2276:	0e 94 d8 01 	call	0x3b0	; 0x3b0 <eDIP_draw>
	eDIP_UI(0,130,21);							//Draw Volume Bar Graphic
    227a:	25 e1       	ldi	r18, 0x15	; 21
    227c:	30 e0       	ldi	r19, 0x00	; 0
    227e:	42 e8       	ldi	r20, 0x82	; 130
    2280:	50 e0       	ldi	r21, 0x00	; 0
    2282:	60 e0       	ldi	r22, 0x00	; 0
    2284:	70 e0       	ldi	r23, 0x00	; 0
    2286:	86 e1       	ldi	r24, 0x16	; 22
    2288:	93 e2       	ldi	r25, 0x23	; 35
    228a:	0e 94 d8 01 	call	0x3b0	; 0x3b0 <eDIP_draw>
	eDIP_AR(2);									//Button Group 2
    228e:	aa 24       	eor	r10, r10
    2290:	a3 94       	inc	r10
    2292:	20 e0       	ldi	r18, 0x00	; 0
    2294:	40 e0       	ldi	r20, 0x00	; 0
    2296:	62 e0       	ldi	r22, 0x02	; 2
    2298:	8a e0       	ldi	r24, 0x0A	; 10
    229a:	93 e2       	ldi	r25, 0x23	; 35
    229c:	0e 94 73 01 	call	0x2e6	; 0x2e6 <eDIP_command6>
	eDIP_AE(9,0);								//Touch Button Border
    22a0:	68 94       	set
    22a2:	aa 24       	eor	r10, r10
    22a4:	a1 f8       	bld	r10, 1
    22a6:	20 e0       	ldi	r18, 0x00	; 0
    22a8:	40 e0       	ldi	r20, 0x00	; 0
    22aa:	69 e0       	ldi	r22, 0x09	; 9
    22ac:	8d e0       	ldi	r24, 0x0D	; 13
    22ae:	93 e2       	ldi	r25, 0x23	; 35
    22b0:	0e 94 73 01 	call	0x2e6	; 0x2e6 <eDIP_command6>
	eDIP_AJ(5,185,8,190,195,"",0);				//Digital Input Button Graphic
    22b4:	a1 2c       	mov	r10, r1
    22b6:	0f 2e       	mov	r0, r31
    22b8:	fc e4       	ldi	r31, 0x4C	; 76
    22ba:	cf 2e       	mov	r12, r31
    22bc:	f3 e2       	ldi	r31, 0x23	; 35
    22be:	df 2e       	mov	r13, r31
    22c0:	f0 2d       	mov	r31, r0
    22c2:	0f 2e       	mov	r0, r31
    22c4:	f3 ec       	ldi	r31, 0xC3	; 195
    22c6:	ef 2e       	mov	r14, r31
    22c8:	f0 2d       	mov	r31, r0
    22ca:	0e eb       	ldi	r16, 0xBE	; 190
    22cc:	28 e0       	ldi	r18, 0x08	; 8
    22ce:	49 eb       	ldi	r20, 0xB9	; 185
    22d0:	50 e0       	ldi	r21, 0x00	; 0
    22d2:	65 e0       	ldi	r22, 0x05	; 5
    22d4:	70 e0       	ldi	r23, 0x00	; 0
    22d6:	80 e1       	ldi	r24, 0x10	; 16
    22d8:	93 e2       	ldi	r25, 0x23	; 35
    22da:	0e 94 91 02 	call	0x522	; 0x522 <eDIP_touch2>
	eDIP_AJ(60,185,9,191,196,"",0);				//USB Sound Button Graphic
    22de:	0f 2e       	mov	r0, r31
    22e0:	f4 ec       	ldi	r31, 0xC4	; 196
    22e2:	ef 2e       	mov	r14, r31
    22e4:	f0 2d       	mov	r31, r0
    22e6:	0f eb       	ldi	r16, 0xBF	; 191
    22e8:	29 e0       	ldi	r18, 0x09	; 9
    22ea:	49 eb       	ldi	r20, 0xB9	; 185
    22ec:	50 e0       	ldi	r21, 0x00	; 0
    22ee:	6c e3       	ldi	r22, 0x3C	; 60
    22f0:	70 e0       	ldi	r23, 0x00	; 0
    22f2:	80 e1       	ldi	r24, 0x10	; 16
    22f4:	93 e2       	ldi	r25, 0x23	; 35
    22f6:	0e 94 91 02 	call	0x522	; 0x522 <eDIP_touch2>
	eDIP_AJ(115,185,10,192,197,"",0);			//XLR Audio Button Graphic
    22fa:	0f 2e       	mov	r0, r31
    22fc:	f5 ec       	ldi	r31, 0xC5	; 197
    22fe:	ef 2e       	mov	r14, r31
    2300:	f0 2d       	mov	r31, r0
    2302:	00 ec       	ldi	r16, 0xC0	; 192
    2304:	2a e0       	ldi	r18, 0x0A	; 10
    2306:	49 eb       	ldi	r20, 0xB9	; 185
    2308:	50 e0       	ldi	r21, 0x00	; 0
    230a:	63 e7       	ldi	r22, 0x73	; 115
    230c:	70 e0       	ldi	r23, 0x00	; 0
    230e:	80 e1       	ldi	r24, 0x10	; 16
    2310:	93 e2       	ldi	r25, 0x23	; 35
    2312:	0e 94 91 02 	call	0x522	; 0x522 <eDIP_touch2>
	eDIP_AJ(170,185,11,193,198,"",0);			//Analog Input Button Graphic
    2316:	0f 2e       	mov	r0, r31
    2318:	f6 ec       	ldi	r31, 0xC6	; 198
    231a:	ef 2e       	mov	r14, r31
    231c:	f0 2d       	mov	r31, r0
    231e:	01 ec       	ldi	r16, 0xC1	; 193
    2320:	2b e0       	ldi	r18, 0x0B	; 11
    2322:	49 eb       	ldi	r20, 0xB9	; 185
    2324:	50 e0       	ldi	r21, 0x00	; 0
    2326:	6a ea       	ldi	r22, 0xAA	; 170
    2328:	70 e0       	ldi	r23, 0x00	; 0
    232a:	80 e1       	ldi	r24, 0x10	; 16
    232c:	93 e2       	ldi	r25, 0x23	; 35
    232e:	0e 94 91 02 	call	0x522	; 0x522 <eDIP_touch2>
	eDIP_AJ(225,185,12,194,199,"",0);			//Blue tooth Button Graphic
    2332:	0f 2e       	mov	r0, r31
    2334:	f7 ec       	ldi	r31, 0xC7	; 199
    2336:	ef 2e       	mov	r14, r31
    2338:	f0 2d       	mov	r31, r0
    233a:	02 ec       	ldi	r16, 0xC2	; 194
    233c:	2c e0       	ldi	r18, 0x0C	; 12
    233e:	49 eb       	ldi	r20, 0xB9	; 185
    2340:	50 e0       	ldi	r21, 0x00	; 0
    2342:	61 ee       	ldi	r22, 0xE1	; 225
    2344:	70 e0       	ldi	r23, 0x00	; 0
    2346:	80 e1       	ldi	r24, 0x10	; 16
    2348:	93 e2       	ldi	r25, 0x23	; 35
    234a:	0e 94 91 02 	call	0x522	; 0x522 <eDIP_touch2>
	eDIP_AR(0);									//End Button Group 2
    234e:	aa 24       	eor	r10, r10
    2350:	a3 94       	inc	r10
    2352:	c1 2c       	mov	r12, r1
    2354:	e1 2c       	mov	r14, r1
    2356:	00 e0       	ldi	r16, 0x00	; 0
    2358:	20 e0       	ldi	r18, 0x00	; 0
    235a:	40 e0       	ldi	r20, 0x00	; 0
    235c:	60 e0       	ldi	r22, 0x00	; 0
    235e:	8a e0       	ldi	r24, 0x0A	; 10
    2360:	93 e2       	ldi	r25, 0x23	; 35
    2362:	0e 94 73 01 	call	0x2e6	; 0x2e6 <eDIP_command6>

	eDIP_AP(pushed_audio,1);					//Invert selected audio source
    2366:	68 94       	set
    2368:	aa 24       	eor	r10, r10
    236a:	a1 f8       	bld	r10, 1
    236c:	20 e0       	ldi	r18, 0x00	; 0
    236e:	41 e0       	ldi	r20, 0x01	; 1
    2370:	60 91 ee 20 	lds	r22, 0x20EE	; 0x8020ee <pushed_audio>
    2374:	83 e1       	ldi	r24, 0x13	; 19
    2376:	93 e2       	ldi	r25, 0x23	; 35
    2378:	0e 94 73 01 	call	0x2e6	; 0x2e6 <eDIP_command6>
	
	eDIP_UI(5,5,19);							//Draw Master Volume Bar Graphic 
    237c:	0f 2e       	mov	r0, r31
    237e:	f5 e0       	ldi	r31, 0x05	; 5
    2380:	af 2e       	mov	r10, r31
    2382:	f0 2d       	mov	r31, r0
    2384:	c1 2c       	mov	r12, r1
    2386:	d1 2c       	mov	r13, r1
    2388:	e1 2c       	mov	r14, r1
    238a:	f1 2c       	mov	r15, r1
    238c:	00 e0       	ldi	r16, 0x00	; 0
    238e:	10 e0       	ldi	r17, 0x00	; 0
    2390:	23 e1       	ldi	r18, 0x13	; 19
    2392:	30 e0       	ldi	r19, 0x00	; 0
    2394:	45 e0       	ldi	r20, 0x05	; 5
    2396:	50 e0       	ldi	r21, 0x00	; 0
    2398:	65 e0       	ldi	r22, 0x05	; 5
    239a:	70 e0       	ldi	r23, 0x00	; 0
    239c:	86 e1       	ldi	r24, 0x16	; 22
    239e:	93 e2       	ldi	r25, 0x23	; 35
    23a0:	0e 94 d8 01 	call	0x3b0	; 0x3b0 <eDIP_draw>
	eDIP_BO(20,17,5,47,124,0,115,1,1);			//Define bar graph "master volume" range 0 to 115 to match 115 values of master volume look up table
    23a4:	81 e0       	ldi	r24, 0x01	; 1
    23a6:	8f 93       	push	r24
    23a8:	88 24       	eor	r8, r8
    23aa:	83 94       	inc	r8
    23ac:	0f 2e       	mov	r0, r31
    23ae:	f3 e7       	ldi	r31, 0x73	; 115
    23b0:	af 2e       	mov	r10, r31
    23b2:	f0 2d       	mov	r31, r0
    23b4:	0f 2e       	mov	r0, r31
    23b6:	fc e7       	ldi	r31, 0x7C	; 124
    23b8:	ef 2e       	mov	r14, r31
    23ba:	f1 2c       	mov	r15, r1
    23bc:	f0 2d       	mov	r31, r0
    23be:	0f e2       	ldi	r16, 0x2F	; 47
    23c0:	10 e0       	ldi	r17, 0x00	; 0
    23c2:	25 e0       	ldi	r18, 0x05	; 5
    23c4:	30 e0       	ldi	r19, 0x00	; 0
    23c6:	41 e1       	ldi	r20, 0x11	; 17
    23c8:	50 e0       	ldi	r21, 0x00	; 0
    23ca:	64 e1       	ldi	r22, 0x14	; 20
    23cc:	89 e1       	ldi	r24, 0x19	; 25
    23ce:	93 e2       	ldi	r25, 0x23	; 35
    23d0:	0e 94 0d 02 	call	0x41a	; 0x41a <eDIP_bargraph>
	eDIP_AB(20);								//Draw bar graph for master volume as touch
    23d4:	aa 24       	eor	r10, r10
    23d6:	a3 94       	inc	r10
    23d8:	e1 2c       	mov	r14, r1
    23da:	00 e0       	ldi	r16, 0x00	; 0
    23dc:	20 e0       	ldi	r18, 0x00	; 0
    23de:	40 e0       	ldi	r20, 0x00	; 0
    23e0:	64 e1       	ldi	r22, 0x14	; 20
    23e2:	8c e1       	ldi	r24, 0x1C	; 28
    23e4:	93 e2       	ldi	r25, 0x23	; 35
    23e6:	0e 94 73 01 	call	0x2e6	; 0x2e6 <eDIP_command6>
	
	if (mute_selected != 0)
    23ea:	0f 90       	pop	r0
    23ec:	80 91 9c 2c 	lds	r24, 0x2C9C	; 0x802c9c <mute_selected>
    23f0:	88 23       	and	r24, r24
    23f2:	39 f0       	breq	.+14     	; 0x2402 <draw_audio_menu+0x1e0>
	{
		clear_area(2,145,90,165);				//Clear all level information before writing new values
    23f4:	25 ea       	ldi	r18, 0xA5	; 165
    23f6:	4a e5       	ldi	r20, 0x5A	; 90
    23f8:	61 e9       	ldi	r22, 0x91	; 145
    23fa:	82 e0       	ldi	r24, 0x02	; 2
		show_mute();							//write "Muted" as level information while mute is on
    23fc:	ef de       	rcall	.-546    	; 0x21dc <clear_area>
    23fe:	df de       	rcall	.-578    	; 0x21be <show_mute>
	}
	else
	{
		mastervolume = readmastervolume();
    2400:	11 c0       	rjmp	.+34     	; 0x2424 <draw_audio_menu+0x202>
    2402:	70 d2       	rcall	.+1248   	; 0x28e4 <readmastervolume>
    2404:	c8 2f       	mov	r28, r24
		eDIP_BA(20,mastervolume);				//Update bar graph with current master volume
    2406:	68 94       	set
    2408:	aa 24       	eor	r10, r10
    240a:	a1 f8       	bld	r10, 1
    240c:	c1 2c       	mov	r12, r1
    240e:	e1 2c       	mov	r14, r1
    2410:	00 e0       	ldi	r16, 0x00	; 0
    2412:	20 e0       	ldi	r18, 0x00	; 0
    2414:	48 2f       	mov	r20, r24
    2416:	64 e1       	ldi	r22, 0x14	; 20
    2418:	8f e1       	ldi	r24, 0x1F	; 31
    241a:	93 e2       	ldi	r25, 0x23	; 35
    241c:	0e 94 73 01 	call	0x2e6	; 0x2e6 <eDIP_command6>
		showlevel(mastervolume);	
    2420:	8c 2f       	mov	r24, r28
    2422:	45 de       	rcall	.-886    	; 0x20ae <showlevel>
    2424:	2f ef       	ldi	r18, 0xFF	; 255
    2426:	87 e8       	ldi	r24, 0x87	; 135
    2428:	93 e1       	ldi	r25, 0x13	; 19
    242a:	21 50       	subi	r18, 0x01	; 1
    242c:	80 40       	sbci	r24, 0x00	; 0
    242e:	90 40       	sbci	r25, 0x00	; 0
    2430:	e1 f7       	brne	.-8      	; 0x242a <draw_audio_menu+0x208>
    2432:	00 c0       	rjmp	.+0      	; 0x2434 <draw_audio_menu+0x212>
    2434:	00 00       	nop


_Bool draw_audio_menu(void)
{
	uint8_t i=0;
	uint16_t x1=120;
    2436:	0f 2e       	mov	r0, r31
    2438:	f8 e7       	ldi	r31, 0x78	; 120
    243a:	6f 2e       	mov	r6, r31
    243c:	71 2c       	mov	r7, r1
    243e:	f0 2d       	mov	r31, r0
		eDIP_BA(20,mastervolume);				//Update bar graph with current master volume
		showlevel(mastervolume);	
	}
	_delay_ms(200);								//Wait for Display to clear internal buffe
	
	for (i=1;i<15;i++)
    2440:	c1 e0       	ldi	r28, 0x01	; 1
	{
		eDIP_BO(i,x1,y1,x1+w,y1+h,0,200,0,1);	//Define bar graphs for visualizer
    2442:	d1 e0       	ldi	r29, 0x01	; 1
    2444:	83 01       	movw	r16, r6
    2446:	08 5f       	subi	r16, 0xF8	; 248
    2448:	1f 4f       	sbci	r17, 0xFF	; 255
    244a:	df 93       	push	r29
    244c:	81 2c       	mov	r8, r1
    244e:	0f 2e       	mov	r0, r31
    2450:	f8 ec       	ldi	r31, 0xC8	; 200
    2452:	af 2e       	mov	r10, r31
    2454:	f0 2d       	mov	r31, r0
    2456:	c1 2c       	mov	r12, r1
    2458:	0f 2e       	mov	r0, r31
    245a:	ff e5       	ldi	r31, 0x5F	; 95
    245c:	ef 2e       	mov	r14, r31
    245e:	f1 2c       	mov	r15, r1
    2460:	f0 2d       	mov	r31, r0
    2462:	25 e0       	ldi	r18, 0x05	; 5
    2464:	30 e0       	ldi	r19, 0x00	; 0
    2466:	a3 01       	movw	r20, r6
    2468:	6c 2f       	mov	r22, r28
    246a:	89 e1       	ldi	r24, 0x19	; 25
    246c:	93 e2       	ldi	r25, 0x23	; 35
    246e:	0e 94 0d 02 	call	0x41a	; 0x41a <eDIP_bargraph>
		x1=x1+w+s;
    2472:	2b e0       	ldi	r18, 0x0B	; 11
    2474:	62 0e       	add	r6, r18
    2476:	71 1c       	adc	r7, r1
		eDIP_BA(i,0);							//Draw bar graphs for visualizer
    2478:	68 94       	set
    247a:	aa 24       	eor	r10, r10
    247c:	a1 f8       	bld	r10, 1
    247e:	e1 2c       	mov	r14, r1
    2480:	00 e0       	ldi	r16, 0x00	; 0
    2482:	20 e0       	ldi	r18, 0x00	; 0
    2484:	40 e0       	ldi	r20, 0x00	; 0
    2486:	6c 2f       	mov	r22, r28
    2488:	8f e1       	ldi	r24, 0x1F	; 31
    248a:	93 e2       	ldi	r25, 0x23	; 35
    248c:	0e 94 73 01 	call	0x2e6	; 0x2e6 <eDIP_command6>
    2490:	8f e3       	ldi	r24, 0x3F	; 63
    2492:	9c e9       	ldi	r25, 0x9C	; 156
    2494:	01 97       	sbiw	r24, 0x01	; 1
    2496:	f1 f7       	brne	.-4      	; 0x2494 <draw_audio_menu+0x272>
    2498:	00 c0       	rjmp	.+0      	; 0x249a <draw_audio_menu+0x278>
    249a:	00 00       	nop
		eDIP_BA(20,mastervolume);				//Update bar graph with current master volume
		showlevel(mastervolume);	
	}
	_delay_ms(200);								//Wait for Display to clear internal buffe
	
	for (i=1;i<15;i++)
    249c:	cf 5f       	subi	r28, 0xFF	; 255
    249e:	0f 90       	pop	r0
    24a0:	cf 30       	cpi	r28, 0x0F	; 15
    24a2:	81 f6       	brne	.-96     	; 0x2444 <draw_audio_menu+0x222>
		eDIP_BA(i,0);							//Draw bar graphs for visualizer
		_delay_ms(5);
	}
	
	
	eDIP_UI(54,5,20);							//Draw VU Meter Bar Graphic
    24a4:	0f 2e       	mov	r0, r31
    24a6:	f5 e0       	ldi	r31, 0x05	; 5
    24a8:	af 2e       	mov	r10, r31
    24aa:	f0 2d       	mov	r31, r0
    24ac:	c1 2c       	mov	r12, r1
    24ae:	d1 2c       	mov	r13, r1
    24b0:	e1 2c       	mov	r14, r1
    24b2:	f1 2c       	mov	r15, r1
    24b4:	00 e0       	ldi	r16, 0x00	; 0
    24b6:	10 e0       	ldi	r17, 0x00	; 0
    24b8:	24 e1       	ldi	r18, 0x14	; 20
    24ba:	30 e0       	ldi	r19, 0x00	; 0
    24bc:	45 e0       	ldi	r20, 0x05	; 5
    24be:	50 e0       	ldi	r21, 0x00	; 0
    24c0:	66 e3       	ldi	r22, 0x36	; 54
    24c2:	70 e0       	ldi	r23, 0x00	; 0
    24c4:	86 e1       	ldi	r24, 0x16	; 22
    24c6:	93 e2       	ldi	r25, 0x23	; 35
    24c8:	0e 94 d8 01 	call	0x3b0	; 0x3b0 <eDIP_draw>
	eDIP_BO(21,66,5,88,124,0,190,1,1);			//VU Meter Bar Left Channel
    24cc:	c1 e0       	ldi	r28, 0x01	; 1
    24ce:	cf 93       	push	r28
    24d0:	88 24       	eor	r8, r8
    24d2:	83 94       	inc	r8
    24d4:	0f 2e       	mov	r0, r31
    24d6:	fe eb       	ldi	r31, 0xBE	; 190
    24d8:	af 2e       	mov	r10, r31
    24da:	f0 2d       	mov	r31, r0
    24dc:	0f 2e       	mov	r0, r31
    24de:	fc e7       	ldi	r31, 0x7C	; 124
    24e0:	ef 2e       	mov	r14, r31
    24e2:	f1 2c       	mov	r15, r1
    24e4:	f0 2d       	mov	r31, r0
    24e6:	08 e5       	ldi	r16, 0x58	; 88
    24e8:	10 e0       	ldi	r17, 0x00	; 0
    24ea:	25 e0       	ldi	r18, 0x05	; 5
    24ec:	30 e0       	ldi	r19, 0x00	; 0
    24ee:	42 e4       	ldi	r20, 0x42	; 66
    24f0:	50 e0       	ldi	r21, 0x00	; 0
    24f2:	65 e1       	ldi	r22, 0x15	; 21
    24f4:	89 e1       	ldi	r24, 0x19	; 25
    24f6:	93 e2       	ldi	r25, 0x23	; 35
    24f8:	0e 94 0d 02 	call	0x41a	; 0x41a <eDIP_bargraph>
	eDIP_BO(22,91,5,113,124,0,190,1,1);			//VU Meter Bar Right Channel
    24fc:	cf 93       	push	r28
    24fe:	01 e7       	ldi	r16, 0x71	; 113
    2500:	10 e0       	ldi	r17, 0x00	; 0
    2502:	25 e0       	ldi	r18, 0x05	; 5
    2504:	30 e0       	ldi	r19, 0x00	; 0
    2506:	4b e5       	ldi	r20, 0x5B	; 91
    2508:	50 e0       	ldi	r21, 0x00	; 0
    250a:	66 e1       	ldi	r22, 0x16	; 22
    250c:	89 e1       	ldi	r24, 0x19	; 25
    250e:	93 e2       	ldi	r25, 0x23	; 35
    2510:	0e 94 0d 02 	call	0x41a	; 0x41a <eDIP_bargraph>
	eDIP_BA(21,100);
    2514:	68 94       	set
    2516:	aa 24       	eor	r10, r10
    2518:	a1 f8       	bld	r10, 1
    251a:	e1 2c       	mov	r14, r1
    251c:	00 e0       	ldi	r16, 0x00	; 0
    251e:	20 e0       	ldi	r18, 0x00	; 0
    2520:	44 e6       	ldi	r20, 0x64	; 100
    2522:	65 e1       	ldi	r22, 0x15	; 21
    2524:	8f e1       	ldi	r24, 0x1F	; 31
    2526:	93 e2       	ldi	r25, 0x23	; 35
    2528:	0e 94 73 01 	call	0x2e6	; 0x2e6 <eDIP_command6>
	eDIP_BA(22,100);
    252c:	20 e0       	ldi	r18, 0x00	; 0
    252e:	44 e6       	ldi	r20, 0x64	; 100
    2530:	66 e1       	ldi	r22, 0x16	; 22
    2532:	8f e1       	ldi	r24, 0x1F	; 31
    2534:	93 e2       	ldi	r25, 0x23	; 35
    2536:	0e 94 73 01 	call	0x2e6	; 0x2e6 <eDIP_command6>
	
	eDIP_AJ(225, 115, 13, 180, 185, "", 0);		//Mute Button
    253a:	a1 2c       	mov	r10, r1
    253c:	0f 2e       	mov	r0, r31
    253e:	fc e4       	ldi	r31, 0x4C	; 76
    2540:	cf 2e       	mov	r12, r31
    2542:	f3 e2       	ldi	r31, 0x23	; 35
    2544:	df 2e       	mov	r13, r31
    2546:	f0 2d       	mov	r31, r0
    2548:	0f 2e       	mov	r0, r31
    254a:	f9 eb       	ldi	r31, 0xB9	; 185
    254c:	ef 2e       	mov	r14, r31
    254e:	f0 2d       	mov	r31, r0
    2550:	04 eb       	ldi	r16, 0xB4	; 180
    2552:	2d e0       	ldi	r18, 0x0D	; 13
    2554:	43 e7       	ldi	r20, 0x73	; 115
    2556:	50 e0       	ldi	r21, 0x00	; 0
    2558:	61 ee       	ldi	r22, 0xE1	; 225
    255a:	70 e0       	ldi	r23, 0x00	; 0
    255c:	80 e1       	ldi	r24, 0x10	; 16
    255e:	93 e2       	ldi	r25, 0x23	; 35
    2560:	0e 94 91 02 	call	0x522	; 0x522 <eDIP_touch2>
		if (mute_selected != 0)					//Invert the selected source when redraw of this menu happens
    2564:	60 91 9c 2c 	lds	r22, 0x2C9C	; 0x802c9c <mute_selected>
    2568:	0f 90       	pop	r0
    256a:	0f 90       	pop	r0
    256c:	66 23       	and	r22, r22
    256e:	61 f0       	breq	.+24     	; 0x2588 <draw_audio_menu+0x366>
		{
			eDIP_AP(mute_selected,1);
    2570:	68 94       	set
    2572:	aa 24       	eor	r10, r10
    2574:	a1 f8       	bld	r10, 1
    2576:	c1 2c       	mov	r12, r1
    2578:	e1 2c       	mov	r14, r1
    257a:	00 e0       	ldi	r16, 0x00	; 0
    257c:	20 e0       	ldi	r18, 0x00	; 0
    257e:	41 e0       	ldi	r20, 0x01	; 1
    2580:	83 e1       	ldi	r24, 0x13	; 19
    2582:	93 e2       	ldi	r25, 0x23	; 35
    2584:	0e 94 73 01 	call	0x2e6	; 0x2e6 <eDIP_command6>
		}
	
	
	eDIP_AU(170,115,22,181,186,"",0);			//Volume UP Button
    2588:	a1 2c       	mov	r10, r1
    258a:	0f 2e       	mov	r0, r31
    258c:	fc e4       	ldi	r31, 0x4C	; 76
    258e:	cf 2e       	mov	r12, r31
    2590:	f3 e2       	ldi	r31, 0x23	; 35
    2592:	df 2e       	mov	r13, r31
    2594:	f0 2d       	mov	r31, r0
    2596:	0f 2e       	mov	r0, r31
    2598:	fa eb       	ldi	r31, 0xBA	; 186
    259a:	ef 2e       	mov	r14, r31
    259c:	f0 2d       	mov	r31, r0
    259e:	05 eb       	ldi	r16, 0xB5	; 181
    25a0:	26 e1       	ldi	r18, 0x16	; 22
    25a2:	43 e7       	ldi	r20, 0x73	; 115
    25a4:	50 e0       	ldi	r21, 0x00	; 0
    25a6:	6a ea       	ldi	r22, 0xAA	; 170
    25a8:	70 e0       	ldi	r23, 0x00	; 0
    25aa:	82 e2       	ldi	r24, 0x22	; 34
    25ac:	93 e2       	ldi	r25, 0x23	; 35
    25ae:	0e 94 91 02 	call	0x522	; 0x522 <eDIP_touch2>
	eDIP_AU(115,115,23,182,187,"",0);			//Volume Down Button
    25b2:	0f 2e       	mov	r0, r31
    25b4:	fb eb       	ldi	r31, 0xBB	; 187
    25b6:	ef 2e       	mov	r14, r31
    25b8:	f0 2d       	mov	r31, r0
    25ba:	06 eb       	ldi	r16, 0xB6	; 182
    25bc:	27 e1       	ldi	r18, 0x17	; 23
    25be:	43 e7       	ldi	r20, 0x73	; 115
    25c0:	50 e0       	ldi	r21, 0x00	; 0
    25c2:	63 e7       	ldi	r22, 0x73	; 115
    25c4:	70 e0       	ldi	r23, 0x00	; 0
    25c6:	82 e2       	ldi	r24, 0x22	; 34
    25c8:	93 e2       	ldi	r25, 0x23	; 35
    25ca:	0e 94 91 02 	call	0x522	; 0x522 <eDIP_touch2>
	
	selected_menu = 1;							//Store selected Menu information for Audio Tab
    25ce:	81 e0       	ldi	r24, 0x01	; 1
    25d0:	80 93 9d 2c 	sts	0x2C9D, r24	; 0x802c9d <selected_menu>
	
	return 1;
}
    25d4:	df 91       	pop	r29
    25d6:	cf 91       	pop	r28
    25d8:	1f 91       	pop	r17
    25da:	0f 91       	pop	r16
    25dc:	ff 90       	pop	r15
    25de:	ef 90       	pop	r14
    25e0:	df 90       	pop	r13
    25e2:	cf 90       	pop	r12
    25e4:	af 90       	pop	r10
    25e6:	8f 90       	pop	r8
    25e8:	7f 90       	pop	r7
    25ea:	6f 90       	pop	r6
    25ec:	08 95       	ret

000025ee <update_levels>:
	}
	return 1;
}

_Bool update_levels(void)
{
    25ee:	af 92       	push	r10
    25f0:	cf 92       	push	r12
    25f2:	ef 92       	push	r14
    25f4:	0f 93       	push	r16
    25f6:	cf 93       	push	r28
	uint8_t mastervolume = 0;
	
	mastervolume = readmastervolume();
    25f8:	75 d1       	rcall	.+746    	; 0x28e4 <readmastervolume>
    25fa:	c8 2f       	mov	r28, r24
	eDIP_BA(20,mastervolume);						//Update bar graph with current master volume
    25fc:	68 94       	set
    25fe:	aa 24       	eor	r10, r10
    2600:	a1 f8       	bld	r10, 1
    2602:	c1 2c       	mov	r12, r1
    2604:	e1 2c       	mov	r14, r1
    2606:	00 e0       	ldi	r16, 0x00	; 0
    2608:	20 e0       	ldi	r18, 0x00	; 0
    260a:	48 2f       	mov	r20, r24
    260c:	64 e1       	ldi	r22, 0x14	; 20
    260e:	8f e1       	ldi	r24, 0x1F	; 31
    2610:	93 e2       	ldi	r25, 0x23	; 35
    2612:	0e 94 73 01 	call	0x2e6	; 0x2e6 <eDIP_command6>
	clear_area(2,145,90,165);						//Clear all level information before writing new values
    2616:	25 ea       	ldi	r18, 0xA5	; 165
    2618:	4a e5       	ldi	r20, 0x5A	; 90
    261a:	61 e9       	ldi	r22, 0x91	; 145
    261c:	82 e0       	ldi	r24, 0x02	; 2
    261e:	de dd       	rcall	.-1092   	; 0x21dc <clear_area>
	showlevel(mastervolume);
    2620:	8c 2f       	mov	r24, r28
    2622:	45 dd       	rcall	.-1398   	; 0x20ae <showlevel>
    2624:	81 e0       	ldi	r24, 0x01	; 1
	
	return 1;
}
    2626:	cf 91       	pop	r28
    2628:	0f 91       	pop	r16
    262a:	ef 90       	pop	r14
    262c:	cf 90       	pop	r12
    262e:	af 90       	pop	r10
    2630:	08 95       	ret

00002632 <switchdspinput>:
    2632:	cf 92       	push	r12




void switchdspinput(uint8_t int_channel, uint8_t ext_channel)
{
    2634:	df 92       	push	r13
    2636:	ef 92       	push	r14
    2638:	ff 92       	push	r15
    263a:	0f 93       	push	r16
    263c:	1f 93       	push	r17
    263e:	cf 93       	push	r28
    2640:	df 93       	push	r29
    2642:	cd b7       	in	r28, 0x3d	; 61
    2644:	de b7       	in	r29, 0x3e	; 62
    2646:	2f 97       	sbiw	r28, 0x0f	; 15
    2648:	cd bf       	out	0x3d, r28	; 61
    264a:	de bf       	out	0x3e, r29	; 62
    264c:	c6 2e       	mov	r12, r22
	uint8_t mux[5] = {muxreg,0x00,0x00,0x00,int_channel};					//Mux Switch mapped by PPS to address 0x23 and 4 bytes long with channel information
    264e:	93 e2       	ldi	r25, 0x23	; 35
    2650:	99 83       	std	Y+1, r25	; 0x01
    2652:	1a 82       	std	Y+2, r1	; 0x02
    2654:	1b 82       	std	Y+3, r1	; 0x03
    2656:	1c 82       	std	Y+4, r1	; 0x04
    2658:	8d 83       	std	Y+5, r24	; 0x05
	uint8_t volume[5] = {volreg,0x00,0x00,0x00,0x00};					//PPS mapped address for master volume control
    265a:	84 e2       	ldi	r24, 0x24	; 36
    265c:	8e 83       	std	Y+6, r24	; 0x06
    265e:	1f 82       	std	Y+7, r1	; 0x07
    2660:	18 86       	std	Y+8, r1	; 0x08
    2662:	19 86       	std	Y+9, r1	; 0x09
    2664:	1a 86       	std	Y+10, r1	; 0x0a
	uint32_t temp_volume = 0;
	uint8_t i=0;
	uint8_t j=0;

	//Read current master volume level from DSP
	TWI_MasterWriteRead(&twiDSP, TWI_SLAVE_DSP_W, &volume[0], 1,4);
    2666:	04 e0       	ldi	r16, 0x04	; 4
    2668:	21 e0       	ldi	r18, 0x01	; 1
    266a:	ae 01       	movw	r20, r28
    266c:	4a 5f       	subi	r20, 0xFA	; 250
    266e:	5f 4f       	sbci	r21, 0xFF	; 255
    2670:	68 e6       	ldi	r22, 0x68	; 104
    2672:	85 e0       	ldi	r24, 0x05	; 5
    2674:	9d e2       	ldi	r25, 0x2D	; 45
    2676:	9a d7       	rcall	.+3892   	; 0x35ac <TWI_MasterWriteRead>
	
	//Here we fade out the volume
	//Need to construct a 32 bit integer for volume level calculation from 4 single byte read via I2C from DSP
	startvolume = twiDSP.readData[0];			//Copy first byte into 32 bit variable startvolume
    2678:	e5 e0       	ldi	r30, 0x05	; 5
    267a:	fd e2       	ldi	r31, 0x2D	; 45
    267c:	23 a1       	ldd	r18, Z+35	; 0x23
	for (i=1;i<4;i++)							//Repeat next steps 3 times starting at i=1 because we need already second bit from DSP
	{
	startvolume = startvolume << 8;				//Bit shift by 8 to move already stored information a whole byte to the left
	startvolume |= twiDSP.readData[i];			//Add via or next byte of DSP volume info to 32 bit variable startvolume
    267e:	44 a1       	ldd	r20, Z+36	; 0x24
    2680:	95 a1       	ldd	r25, Z+37	; 0x25
    2682:	86 a1       	ldd	r24, Z+38	; 0x26
    2684:	50 e0       	ldi	r21, 0x00	; 0
    2686:	60 e0       	ldi	r22, 0x00	; 0
    2688:	70 e0       	ldi	r23, 0x00	; 0
    268a:	52 2b       	or	r21, r18
    268c:	76 2f       	mov	r23, r22
    268e:	65 2f       	mov	r22, r21
    2690:	54 2f       	mov	r21, r20
    2692:	44 27       	eor	r20, r20
    2694:	49 2b       	or	r20, r25
    2696:	76 2f       	mov	r23, r22
    2698:	65 2f       	mov	r22, r21
    269a:	54 2f       	mov	r21, r20
    269c:	44 27       	eor	r20, r20
    269e:	48 2b       	or	r20, r24
    26a0:	40 93 b2 2c 	sts	0x2CB2, r20	; 0x802cb2 <startvolume.4230>
    26a4:	50 93 b3 2c 	sts	0x2CB3, r21	; 0x802cb3 <startvolume.4230+0x1>
    26a8:	60 93 b4 2c 	sts	0x2CB4, r22	; 0x802cb4 <startvolume.4230+0x2>
    26ac:	70 93 b5 2c 	sts	0x2CB5, r23	; 0x802cb5 <startvolume.4230+0x3>
	}
	
	for (lut_start=0;lut_start<115;lut_start++)
	{
		if(startvolume == lut_volume[lut_start])
    26b0:	4d 3c       	cpi	r20, 0xCD	; 205
    26b2:	89 ea       	ldi	r24, 0xA9	; 169
    26b4:	58 07       	cpc	r21, r24
    26b6:	8c ee       	ldi	r24, 0xEC	; 236
    26b8:	68 07       	cpc	r22, r24
    26ba:	87 e0       	ldi	r24, 0x07	; 7
    26bc:	78 07       	cpc	r23, r24
    26be:	09 f0       	breq	.+2      	; 0x26c2 <switchdspinput+0x90>
    26c0:	01 c1       	rjmp	.+514    	; 0x28c4 <switchdspinput+0x292>
	{
	startvolume = startvolume << 8;				//Bit shift by 8 to move already stored information a whole byte to the left
	startvolume |= twiDSP.readData[i];			//Add via or next byte of DSP volume info to 32 bit variable startvolume
	}
	
	for (lut_start=0;lut_start<115;lut_start++)
    26c2:	10 92 b1 2c 	sts	0x2CB1, r1	; 0x802cb1 <lut_start.4231>
    26c6:	80 e0       	ldi	r24, 0x00	; 0
    26c8:	0b c0       	rjmp	.+22     	; 0x26e0 <switchdspinput+0xae>
	{
		if(startvolume == lut_volume[lut_start])
    26ca:	01 91       	ld	r16, Z+
    26cc:	11 91       	ld	r17, Z+
    26ce:	21 91       	ld	r18, Z+
    26d0:	31 91       	ld	r19, Z+
    26d2:	40 17       	cp	r20, r16
    26d4:	51 07       	cpc	r21, r17
    26d6:	62 07       	cpc	r22, r18
    26d8:	73 07       	cpc	r23, r19
    26da:	29 f4       	brne	.+10     	; 0x26e6 <switchdspinput+0xb4>
    26dc:	80 93 b1 2c 	sts	0x2CB1, r24	; 0x802cb1 <lut_start.4231>
		{
		currentvolume = lut_start;
    26e0:	80 93 b0 2c 	sts	0x2CB0, r24	; 0x802cb0 <currentvolume.4232>
		break;
    26e4:	dd c0       	rjmp	.+442    	; 0x28a0 <switchdspinput+0x26e>
	{
	startvolume = startvolume << 8;				//Bit shift by 8 to move already stored information a whole byte to the left
	startvolume |= twiDSP.readData[i];			//Add via or next byte of DSP volume info to 32 bit variable startvolume
	}
	
	for (lut_start=0;lut_start<115;lut_start++)
    26e6:	8f 5f       	subi	r24, 0xFF	; 255
    26e8:	83 37       	cpi	r24, 0x73	; 115
    26ea:	79 f7       	brne	.-34     	; 0x26ca <switchdspinput+0x98>
    26ec:	d6 c0       	rjmp	.+428    	; 0x289a <switchdspinput+0x268>
		
	}
	
	for (i=1;i<31;i++)							//Do the fade outs within a maximum of 30 steps
	{
	currentvolume = currentvolume + stepsize;		//Reduce volume via stepping through look up table with step size (4*30 = 120)
    26ee:	e0 91 b0 2c 	lds	r30, 0x2CB0	; 0x802cb0 <currentvolume.4232>
    26f2:	ec 5f       	subi	r30, 0xFC	; 252
    26f4:	e0 93 b0 2c 	sts	0x2CB0, r30	; 0x802cb0 <currentvolume.4232>
	
		if (currentvolume >= 114)				//Ensure that step size won't result in negative value
    26f8:	e2 37       	cpi	r30, 0x72	; 114
    26fa:	98 f0       	brcs	.+38     	; 0x2722 <switchdspinput+0xf0>
		{
			uint8_t volume[5] = {volreg,0x00,0x00,0x00,0x1A};	//Cap lowest master volume to -110 dB
    26fc:	85 e0       	ldi	r24, 0x05	; 5
    26fe:	ef ee       	ldi	r30, 0xEF	; 239
    2700:	f2 e2       	ldi	r31, 0x22	; 34
    2702:	de 01       	movw	r26, r28
    2704:	1b 96       	adiw	r26, 0x0b	; 11
    2706:	01 90       	ld	r0, Z+
    2708:	0d 92       	st	X+, r0
    270a:	8a 95       	dec	r24
    270c:	e1 f7       	brne	.-8      	; 0x2706 <switchdspinput+0xd4>
		
			//Set lowest master volume level to DSP
			TWI_MasterWriteRead(&twiDSP, TWI_SLAVE_DSP_W, &volume[0], 5,0);
    270e:	00 e0       	ldi	r16, 0x00	; 0
    2710:	25 e0       	ldi	r18, 0x05	; 5
    2712:	ae 01       	movw	r20, r28
    2714:	45 5f       	subi	r20, 0xF5	; 245
    2716:	5f 4f       	sbci	r21, 0xFF	; 255
    2718:	68 e6       	ldi	r22, 0x68	; 104
    271a:	85 e0       	ldi	r24, 0x05	; 5
    271c:	9d e2       	ldi	r25, 0x2D	; 45
    271e:	46 d7       	rcall	.+3724   	; 0x35ac <TWI_MasterWriteRead>
    2720:	1f c0       	rjmp	.+62     	; 0x2760 <switchdspinput+0x12e>

			break;
		} 
		else
		{
			temp_volume = lut_volume[currentvolume];
    2722:	f0 e0       	ldi	r31, 0x00	; 0
    2724:	ee 0f       	add	r30, r30
    2726:	ff 1f       	adc	r31, r31
    2728:	ee 0f       	add	r30, r30
    272a:	ff 1f       	adc	r31, r31
    272c:	ee 53       	subi	r30, 0x3E	; 62
    272e:	fb 4d       	sbci	r31, 0xDB	; 219
    2730:	80 81       	ld	r24, Z
    2732:	91 81       	ldd	r25, Z+1	; 0x01
    2734:	a2 81       	ldd	r26, Z+2	; 0x02
    2736:	b3 81       	ldd	r27, Z+3	; 0x03
    2738:	fe 01       	movw	r30, r28
    273a:	3b 96       	adiw	r30, 0x0b	; 11
			for (j=5;j>0;j--)							//Construct last 4 bytes of array volume[] to be send via I2C to DSP
			{
				volume[j-1] = temp_volume;				//Copy 8 Bits of 32 bit value currentvolume into 1 byte of I2C transmission array
    273c:	82 93       	st	-Z, r24
				temp_volume = temp_volume >> 8;			//Shift by 8 to move next byte onto correct place for byte copy 
    273e:	89 2f       	mov	r24, r25
    2740:	9a 2f       	mov	r25, r26
    2742:	ab 2f       	mov	r26, r27
    2744:	bb 27       	eor	r27, r27
			break;
		} 
		else
		{
			temp_volume = lut_volume[currentvolume];
			for (j=5;j>0;j--)							//Construct last 4 bytes of array volume[] to be send via I2C to DSP
    2746:	ee 15       	cp	r30, r14
    2748:	ff 05       	cpc	r31, r15
    274a:	c1 f7       	brne	.-16     	; 0x273c <switchdspinput+0x10a>
			{
				volume[j-1] = temp_volume;				//Copy 8 Bits of 32 bit value currentvolume into 1 byte of I2C transmission array
				temp_volume = temp_volume >> 8;			//Shift by 8 to move next byte onto correct place for byte copy 
			}
			volume[0] = volreg;							//Add volreg register to first byte of volume array
    274c:	de 82       	std	Y+6, r13	; 0x06
			
			//Send new master volume level to DSP
			TWI_MasterWriteRead(&twiDSP, TWI_SLAVE_DSP_W, &volume[0], 5,0);
    274e:	00 e0       	ldi	r16, 0x00	; 0
    2750:	25 e0       	ldi	r18, 0x05	; 5
    2752:	a7 01       	movw	r20, r14
    2754:	68 e6       	ldi	r22, 0x68	; 104
    2756:	85 e0       	ldi	r24, 0x05	; 5
    2758:	9d e2       	ldi	r25, 0x2D	; 45
    275a:	28 d7       	rcall	.+3664   	; 0x35ac <TWI_MasterWriteRead>
    275c:	11 50       	subi	r17, 0x01	; 1
		break;
		}
		
	}
	
	for (i=1;i<31;i++)							//Do the fade outs within a maximum of 30 steps
    275e:	39 f6       	brne	.-114    	; 0x26ee <switchdspinput+0xbc>
	
	
	}
	
	
	switch(ext_channel)			//Here we switch the external Mux switches
    2760:	82 e0       	ldi	r24, 0x02	; 2
    2762:	c8 16       	cp	r12, r24
    2764:	a1 f0       	breq	.+40     	; 0x278e <switchdspinput+0x15c>
    2766:	8c 15       	cp	r24, r12
    2768:	20 f0       	brcs	.+8      	; 0x2772 <switchdspinput+0x140>
    276a:	81 e0       	ldi	r24, 0x01	; 1
    276c:	c8 16       	cp	r12, r24
    276e:	41 f0       	breq	.+16     	; 0x2780 <switchdspinput+0x14e>
    2770:	23 c0       	rjmp	.+70     	; 0x27b8 <switchdspinput+0x186>
    2772:	83 e0       	ldi	r24, 0x03	; 3
    2774:	c8 16       	cp	r12, r24
    2776:	91 f0       	breq	.+36     	; 0x279c <switchdspinput+0x16a>
    2778:	84 e0       	ldi	r24, 0x04	; 4
    277a:	c8 16       	cp	r12, r24
    277c:	b1 f0       	breq	.+44     	; 0x27aa <switchdspinput+0x178>
    277e:	1c c0       	rjmp	.+56     	; 0x27b8 <switchdspinput+0x186>
	{
		case 1:
		PORTD.OUTCLR = PIN0_bm;
    2780:	e0 e6       	ldi	r30, 0x60	; 96
    2782:	f6 e0       	ldi	r31, 0x06	; 6
    2784:	81 e0       	ldi	r24, 0x01	; 1
    2786:	86 83       	std	Z+6, r24	; 0x06
		PORTD.OUTCLR = PIN1_bm;
    2788:	82 e0       	ldi	r24, 0x02	; 2
    278a:	86 83       	std	Z+6, r24	; 0x06
		break;
    278c:	1b c0       	rjmp	.+54     	; 0x27c4 <switchdspinput+0x192>
		
		case 2:
		PORTD.OUTSET = PIN0_bm;
    278e:	e0 e6       	ldi	r30, 0x60	; 96
    2790:	f6 e0       	ldi	r31, 0x06	; 6
    2792:	81 e0       	ldi	r24, 0x01	; 1
    2794:	85 83       	std	Z+5, r24	; 0x05
		PORTD.OUTCLR = PIN1_bm;
    2796:	82 e0       	ldi	r24, 0x02	; 2
    2798:	86 83       	std	Z+6, r24	; 0x06
		break;
    279a:	14 c0       	rjmp	.+40     	; 0x27c4 <switchdspinput+0x192>
		
		case 3: //USB
		PORTD.OUTCLR = PIN0_bm;
    279c:	e0 e6       	ldi	r30, 0x60	; 96
    279e:	f6 e0       	ldi	r31, 0x06	; 6
    27a0:	81 e0       	ldi	r24, 0x01	; 1
    27a2:	86 83       	std	Z+6, r24	; 0x06
		PORTD.OUTSET = PIN1_bm;
    27a4:	82 e0       	ldi	r24, 0x02	; 2
    27a6:	85 83       	std	Z+5, r24	; 0x05
		break;
    27a8:	0d c0       	rjmp	.+26     	; 0x27c4 <switchdspinput+0x192>
		
		case 4:
		PORTD.OUTSET = PIN0_bm;
    27aa:	e0 e6       	ldi	r30, 0x60	; 96
    27ac:	f6 e0       	ldi	r31, 0x06	; 6
    27ae:	81 e0       	ldi	r24, 0x01	; 1
    27b0:	85 83       	std	Z+5, r24	; 0x05
		PORTD.OUTSET = PIN1_bm;
    27b2:	82 e0       	ldi	r24, 0x02	; 2
    27b4:	85 83       	std	Z+5, r24	; 0x05
		break;
    27b6:	06 c0       	rjmp	.+12     	; 0x27c4 <switchdspinput+0x192>
		
		default:
		PORTD.OUTCLR = PIN0_bm;
    27b8:	e0 e6       	ldi	r30, 0x60	; 96
    27ba:	f6 e0       	ldi	r31, 0x06	; 6
    27bc:	81 e0       	ldi	r24, 0x01	; 1
    27be:	86 83       	std	Z+6, r24	; 0x06
		PORTD.OUTCLR = PIN1_bm;
    27c0:	82 e0       	ldi	r24, 0x02	; 2
    27c2:	86 83       	std	Z+6, r24	; 0x06
		break;
	}
	
	
	//Switch to selected input channel via dsp internal mux switch
	TWI_MasterWriteRead(&twiDSP, TWI_SLAVE_DSP_W, &mux[0], 5,0);
    27c4:	00 e0       	ldi	r16, 0x00	; 0
    27c6:	25 e0       	ldi	r18, 0x05	; 5
    27c8:	ae 01       	movw	r20, r28
    27ca:	4f 5f       	subi	r20, 0xFF	; 255
    27cc:	5f 4f       	sbci	r21, 0xFF	; 255
    27ce:	68 e6       	ldi	r22, 0x68	; 104
    27d0:	85 e0       	ldi	r24, 0x05	; 5
    27d2:	9d e2       	ldi	r25, 0x2D	; 45
    27d4:	eb d6       	rcall	.+3542   	; 0x35ac <TWI_MasterWriteRead>

	
		for (i=1;i<31;i++)										//Do the fade ins
		{
			currentvolume = currentvolume - stepsize;			//Increase master volume by stepvolume over time
    27d6:	e0 91 b0 2c 	lds	r30, 0x2CB0	; 0x802cb0 <currentvolume.4232>
    27da:	e4 50       	subi	r30, 0x04	; 4
    27dc:	e0 93 b0 2c 	sts	0x2CB0, r30	; 0x802cb0 <currentvolume.4232>
			
			if (currentvolume <= lut_start)						//Cap master volume to level it had before fade out was applied
    27e0:	80 91 b1 2c 	lds	r24, 0x2CB1	; 0x802cb1 <lut_start.4231>
    27e4:	8e 17       	cp	r24, r30
    27e6:	98 f4       	brcc	.+38     	; 0x280e <switchdspinput+0x1dc>
    27e8:	1e e1       	ldi	r17, 0x1E	; 30
    27ea:	7e 01       	movw	r14, r28
    27ec:	86 e0       	ldi	r24, 0x06	; 6
    27ee:	e8 0e       	add	r14, r24
    27f0:	f1 1c       	adc	r15, r1
				for (j=5;j>0;j--)							//Construct last 4 bytes of array volume[] to be send via I2C
				{
					volume[j-1] = temp_volume;				//Copy current volume into one byte of array
					temp_volume = temp_volume >> 8;			//Shift current volume values around
				}
				volume[0] = volreg;							//Add volume register information to first byte of volume array
    27f2:	0f 2e       	mov	r0, r31
    27f4:	f4 e2       	ldi	r31, 0x24	; 36
    27f6:	df 2e       	mov	r13, r31
    27f8:	f0 2d       	mov	r31, r0
    27fa:	2e c0       	rjmp	.+92     	; 0x2858 <switchdspinput+0x226>
	TWI_MasterWriteRead(&twiDSP, TWI_SLAVE_DSP_W, &mux[0], 5,0);

	
		for (i=1;i<31;i++)										//Do the fade ins
		{
			currentvolume = currentvolume - stepsize;			//Increase master volume by stepvolume over time
    27fc:	e0 91 b0 2c 	lds	r30, 0x2CB0	; 0x802cb0 <currentvolume.4232>
    2800:	e4 50       	subi	r30, 0x04	; 4
    2802:	e0 93 b0 2c 	sts	0x2CB0, r30	; 0x802cb0 <currentvolume.4232>
			
			if (currentvolume <= lut_start)						//Cap master volume to level it had before fade out was applied
    2806:	80 91 b1 2c 	lds	r24, 0x2CB1	; 0x802cb1 <lut_start.4231>
    280a:	8e 17       	cp	r24, r30
    280c:	28 f1       	brcs	.+74     	; 0x2858 <switchdspinput+0x226>
			{
				temp_volume = lut_volume[lut_start];
    280e:	e8 2f       	mov	r30, r24
    2810:	f0 e0       	ldi	r31, 0x00	; 0
    2812:	ee 0f       	add	r30, r30
    2814:	ff 1f       	adc	r31, r31
    2816:	ee 0f       	add	r30, r30
    2818:	ff 1f       	adc	r31, r31
    281a:	ee 53       	subi	r30, 0x3E	; 62
    281c:	fb 4d       	sbci	r31, 0xDB	; 219
    281e:	80 81       	ld	r24, Z
    2820:	91 81       	ldd	r25, Z+1	; 0x01
    2822:	a2 81       	ldd	r26, Z+2	; 0x02
    2824:	b3 81       	ldd	r27, Z+3	; 0x03
    2826:	fe 01       	movw	r30, r28
    2828:	3b 96       	adiw	r30, 0x0b	; 11
    282a:	9e 01       	movw	r18, r28
    282c:	2a 5f       	subi	r18, 0xFA	; 250
    282e:	3f 4f       	sbci	r19, 0xFF	; 255
				for (j=5;j>0;j--)								//Construct last 4 bytes of array volume[] to be send via I2C
 				{
					volume[j-1] = temp_volume;					//Copy startvolume into one byte of array
    2830:	82 93       	st	-Z, r24
					temp_volume = temp_volume >> 8;				//Shift start volume values around
    2832:	89 2f       	mov	r24, r25
    2834:	9a 2f       	mov	r25, r26
    2836:	ab 2f       	mov	r26, r27
    2838:	bb 27       	eor	r27, r27
			currentvolume = currentvolume - stepsize;			//Increase master volume by stepvolume over time
			
			if (currentvolume <= lut_start)						//Cap master volume to level it had before fade out was applied
			{
				temp_volume = lut_volume[lut_start];
				for (j=5;j>0;j--)								//Construct last 4 bytes of array volume[] to be send via I2C
    283a:	2e 17       	cp	r18, r30
    283c:	3f 07       	cpc	r19, r31
    283e:	c1 f7       	brne	.-16     	; 0x2830 <switchdspinput+0x1fe>
 				{
					volume[j-1] = temp_volume;					//Copy startvolume into one byte of array
					temp_volume = temp_volume >> 8;				//Shift start volume values around
				}
				volume[0] = volreg;								//Add volume register information to first byte of volume array 
    2840:	84 e2       	ldi	r24, 0x24	; 36
    2842:	8e 83       	std	Y+6, r24	; 0x06
				//Send original master volume level to DSP
				TWI_MasterWriteRead(&twiDSP, TWI_SLAVE_DSP_W, &volume[0], 5,0);
    2844:	00 e0       	ldi	r16, 0x00	; 0
    2846:	25 e0       	ldi	r18, 0x05	; 5
    2848:	ae 01       	movw	r20, r28
    284a:	4a 5f       	subi	r20, 0xFA	; 250
    284c:	5f 4f       	sbci	r21, 0xFF	; 255
    284e:	68 e6       	ldi	r22, 0x68	; 104
    2850:	85 e0       	ldi	r24, 0x05	; 5
    2852:	9d e2       	ldi	r25, 0x2D	; 45
    2854:	ab d6       	rcall	.+3414   	; 0x35ac <TWI_MasterWriteRead>
				
				break;
    2856:	3a c0       	rjmp	.+116    	; 0x28cc <switchdspinput+0x29a>
			}
			else
			{
				temp_volume = lut_volume[currentvolume];
    2858:	f0 e0       	ldi	r31, 0x00	; 0
    285a:	ee 0f       	add	r30, r30
    285c:	ff 1f       	adc	r31, r31
    285e:	ee 0f       	add	r30, r30
    2860:	ff 1f       	adc	r31, r31
    2862:	ee 53       	subi	r30, 0x3E	; 62
    2864:	fb 4d       	sbci	r31, 0xDB	; 219
    2866:	80 81       	ld	r24, Z
    2868:	91 81       	ldd	r25, Z+1	; 0x01
    286a:	a2 81       	ldd	r26, Z+2	; 0x02
    286c:	b3 81       	ldd	r27, Z+3	; 0x03
    286e:	fe 01       	movw	r30, r28
    2870:	3b 96       	adiw	r30, 0x0b	; 11
				for (j=5;j>0;j--)							//Construct last 4 bytes of array volume[] to be send via I2C
				{
					volume[j-1] = temp_volume;				//Copy current volume into one byte of array
    2872:	82 93       	st	-Z, r24
					temp_volume = temp_volume >> 8;			//Shift current volume values around
    2874:	89 2f       	mov	r24, r25
    2876:	9a 2f       	mov	r25, r26
    2878:	ab 2f       	mov	r26, r27
    287a:	bb 27       	eor	r27, r27
				break;
			}
			else
			{
				temp_volume = lut_volume[currentvolume];
				for (j=5;j>0;j--)							//Construct last 4 bytes of array volume[] to be send via I2C
    287c:	ee 16       	cp	r14, r30
    287e:	ff 06       	cpc	r15, r31
    2880:	c1 f7       	brne	.-16     	; 0x2872 <switchdspinput+0x240>
				{
					volume[j-1] = temp_volume;				//Copy current volume into one byte of array
					temp_volume = temp_volume >> 8;			//Shift current volume values around
				}
				volume[0] = volreg;							//Add volume register information to first byte of volume array
    2882:	de 82       	std	Y+6, r13	; 0x06
				//Send new master volume level to DSP
				TWI_MasterWriteRead(&twiDSP, TWI_SLAVE_DSP_W, &volume[0], 5,0);
    2884:	00 e0       	ldi	r16, 0x00	; 0
    2886:	25 e0       	ldi	r18, 0x05	; 5
    2888:	a7 01       	movw	r20, r14
    288a:	68 e6       	ldi	r22, 0x68	; 104
    288c:	85 e0       	ldi	r24, 0x05	; 5
    288e:	9d e2       	ldi	r25, 0x2D	; 45
    2890:	8d d6       	rcall	.+3354   	; 0x35ac <TWI_MasterWriteRead>
    2892:	11 50       	subi	r17, 0x01	; 1
	
	//Switch to selected input channel via dsp internal mux switch
	TWI_MasterWriteRead(&twiDSP, TWI_SLAVE_DSP_W, &mux[0], 5,0);

	
		for (i=1;i<31;i++)										//Do the fade ins
    2894:	09 f0       	breq	.+2      	; 0x2898 <switchdspinput+0x266>
    2896:	b2 cf       	rjmp	.-156    	; 0x27fc <switchdspinput+0x1ca>
    2898:	19 c0       	rjmp	.+50     	; 0x28cc <switchdspinput+0x29a>
    289a:	83 e7       	ldi	r24, 0x73	; 115
    289c:	80 93 b1 2c 	sts	0x2CB1, r24	; 0x802cb1 <lut_start.4231>
		
	}
	
	for (i=1;i<31;i++)							//Do the fade outs within a maximum of 30 steps
	{
	currentvolume = currentvolume + stepsize;		//Reduce volume via stepping through look up table with step size (4*30 = 120)
    28a0:	e0 91 b0 2c 	lds	r30, 0x2CB0	; 0x802cb0 <currentvolume.4232>
    28a4:	ec 5f       	subi	r30, 0xFC	; 252
    28a6:	e0 93 b0 2c 	sts	0x2CB0, r30	; 0x802cb0 <currentvolume.4232>
	
		if (currentvolume >= 114)				//Ensure that step size won't result in negative value
    28aa:	e2 37       	cpi	r30, 0x72	; 114
    28ac:	08 f0       	brcs	.+2      	; 0x28b0 <switchdspinput+0x27e>
    28ae:	26 cf       	rjmp	.-436    	; 0x26fc <switchdspinput+0xca>
    28b0:	1e e1       	ldi	r17, 0x1E	; 30
    28b2:	7e 01       	movw	r14, r28
    28b4:	86 e0       	ldi	r24, 0x06	; 6
    28b6:	e8 0e       	add	r14, r24
    28b8:	f1 1c       	adc	r15, r1
			for (j=5;j>0;j--)							//Construct last 4 bytes of array volume[] to be send via I2C to DSP
			{
				volume[j-1] = temp_volume;				//Copy 8 Bits of 32 bit value currentvolume into 1 byte of I2C transmission array
				temp_volume = temp_volume >> 8;			//Shift by 8 to move next byte onto correct place for byte copy 
			}
			volume[0] = volreg;							//Add volreg register to first byte of volume array
    28ba:	0f 2e       	mov	r0, r31
    28bc:	f4 e2       	ldi	r31, 0x24	; 36
    28be:	df 2e       	mov	r13, r31
    28c0:	f0 2d       	mov	r31, r0
    28c2:	2f cf       	rjmp	.-418    	; 0x2722 <switchdspinput+0xf0>
    28c4:	e6 ec       	ldi	r30, 0xC6	; 198
    28c6:	f4 e2       	ldi	r31, 0x24	; 36
	{
	startvolume = startvolume << 8;				//Bit shift by 8 to move already stored information a whole byte to the left
	startvolume |= twiDSP.readData[i];			//Add via or next byte of DSP volume info to 32 bit variable startvolume
	}
	
	for (lut_start=0;lut_start<115;lut_start++)
    28c8:	81 e0       	ldi	r24, 0x01	; 1
    28ca:	ff ce       	rjmp	.-514    	; 0x26ca <switchdspinput+0x98>

			}

		}

}
    28cc:	2f 96       	adiw	r28, 0x0f	; 15
    28ce:	cd bf       	out	0x3d, r28	; 61
    28d0:	de bf       	out	0x3e, r29	; 62
    28d2:	df 91       	pop	r29
    28d4:	cf 91       	pop	r28
    28d6:	1f 91       	pop	r17
    28d8:	0f 91       	pop	r16
    28da:	ff 90       	pop	r15
    28dc:	ef 90       	pop	r14
    28de:	df 90       	pop	r13
    28e0:	cf 90       	pop	r12
    28e2:	08 95       	ret

000028e4 <readmastervolume>:


uint8_t readmastervolume(void)
{
    28e4:	0f 93       	push	r16
    28e6:	1f 93       	push	r17
    28e8:	cf 93       	push	r28
    28ea:	df 93       	push	r29
    28ec:	1f 92       	push	r1
    28ee:	cd b7       	in	r28, 0x3d	; 61
    28f0:	de b7       	in	r29, 0x3e	; 62
	uint8_t volume[1] = {volreg};				//PPS mapped address for master volume control
    28f2:	84 e2       	ldi	r24, 0x24	; 36
    28f4:	89 83       	std	Y+1, r24	; 0x01
	uint32_t mastervolume = 0;
	uint8_t i;

	//Read current master volume level from DSP
	TWI_MasterWriteRead(&twiDSP, TWI_SLAVE_DSP_W, &volume[0], 1,4);
    28f6:	04 e0       	ldi	r16, 0x04	; 4
    28f8:	21 e0       	ldi	r18, 0x01	; 1
    28fa:	ae 01       	movw	r20, r28
    28fc:	4f 5f       	subi	r20, 0xFF	; 255
    28fe:	5f 4f       	sbci	r21, 0xFF	; 255
    2900:	68 e6       	ldi	r22, 0x68	; 104
    2902:	85 e0       	ldi	r24, 0x05	; 5
    2904:	9d e2       	ldi	r25, 0x2D	; 45
    2906:	52 d6       	rcall	.+3236   	; 0x35ac <TWI_MasterWriteRead>

	
	//Lets calculate the current volume
	//Need to construct a 32 bit integer for volume level calculation from 4 single byte read via I2C from DSP
	mastervolume |= twiDSP.readData[0];				//Copy first byte into 32 bit variable startvolume
    2908:	e5 e0       	ldi	r30, 0x05	; 5
    290a:	fd e2       	ldi	r31, 0x2D	; 45
    290c:	03 a1       	ldd	r16, Z+35	; 0x23
    290e:	10 e0       	ldi	r17, 0x00	; 0
    2910:	20 e0       	ldi	r18, 0x00	; 0
    2912:	30 e0       	ldi	r19, 0x00	; 0
	for (i=1;i<4;i++)							//Repeat next steps 3 times starting at i=1 because we need already second bit from DSP
	{
		mastervolume = mastervolume << 8;					//Bit shift by 8 to move already stored information a whole byte to the left
    2914:	32 2f       	mov	r19, r18
    2916:	21 2f       	mov	r18, r17
    2918:	10 2f       	mov	r17, r16
    291a:	00 27       	eor	r16, r16
		mastervolume |= twiDSP.readData[i];			//Add via or next byte of DSP volume info to 32 bit variable startvolume
    291c:	84 a1       	ldd	r24, Z+36	; 0x24
    291e:	08 2b       	or	r16, r24
	//Lets calculate the current volume
	//Need to construct a 32 bit integer for volume level calculation from 4 single byte read via I2C from DSP
	mastervolume |= twiDSP.readData[0];				//Copy first byte into 32 bit variable startvolume
	for (i=1;i<4;i++)							//Repeat next steps 3 times starting at i=1 because we need already second bit from DSP
	{
		mastervolume = mastervolume << 8;					//Bit shift by 8 to move already stored information a whole byte to the left
    2920:	32 2f       	mov	r19, r18
    2922:	21 2f       	mov	r18, r17
    2924:	10 2f       	mov	r17, r16
    2926:	00 27       	eor	r16, r16
		mastervolume |= twiDSP.readData[i];			//Add via or next byte of DSP volume info to 32 bit variable startvolume
    2928:	85 a1       	ldd	r24, Z+37	; 0x25
    292a:	08 2b       	or	r16, r24
	//Lets calculate the current volume
	//Need to construct a 32 bit integer for volume level calculation from 4 single byte read via I2C from DSP
	mastervolume |= twiDSP.readData[0];				//Copy first byte into 32 bit variable startvolume
	for (i=1;i<4;i++)							//Repeat next steps 3 times starting at i=1 because we need already second bit from DSP
	{
		mastervolume = mastervolume << 8;					//Bit shift by 8 to move already stored information a whole byte to the left
    292c:	32 2f       	mov	r19, r18
    292e:	21 2f       	mov	r18, r17
    2930:	10 2f       	mov	r17, r16
    2932:	00 27       	eor	r16, r16
		mastervolume |= twiDSP.readData[i];			//Add via or next byte of DSP volume info to 32 bit variable startvolume
    2934:	86 a1       	ldd	r24, Z+38	; 0x26
    2936:	08 2b       	or	r16, r24

	//now map master volume to a value between 0 and 100% for touch bar graph 
	
	for (i=0;i<115;i++)
	{
		if(mastervolume == lut_volume[i])
    2938:	0d 3c       	cpi	r16, 0xCD	; 205
    293a:	89 ea       	ldi	r24, 0xA9	; 169
    293c:	18 07       	cpc	r17, r24
    293e:	8c ee       	ldi	r24, 0xEC	; 236
    2940:	28 07       	cpc	r18, r24
    2942:	87 e0       	ldi	r24, 0x07	; 7
    2944:	38 07       	cpc	r19, r24
    2946:	81 f0       	breq	.+32     	; 0x2968 <readmastervolume+0x84>
    2948:	e6 ec       	ldi	r30, 0xC6	; 198
    294a:	f4 e2       	ldi	r31, 0x24	; 36
	}


	//now map master volume to a value between 0 and 100% for touch bar graph 
	
	for (i=0;i<115;i++)
    294c:	91 e0       	ldi	r25, 0x01	; 1
	{
		if(mastervolume == lut_volume[i])
    294e:	41 91       	ld	r20, Z+
    2950:	51 91       	ld	r21, Z+
    2952:	61 91       	ld	r22, Z+
    2954:	71 91       	ld	r23, Z+
    2956:	04 17       	cp	r16, r20
    2958:	15 07       	cpc	r17, r21
    295a:	26 07       	cpc	r18, r22
    295c:	37 07       	cpc	r19, r23
    295e:	29 f0       	breq	.+10     	; 0x296a <readmastervolume+0x86>
	}


	//now map master volume to a value between 0 and 100% for touch bar graph 
	
	for (i=0;i<115;i++)
    2960:	9f 5f       	subi	r25, 0xFF	; 255
    2962:	93 37       	cpi	r25, 0x73	; 115
    2964:	a1 f7       	brne	.-24     	; 0x294e <readmastervolume+0x6a>
    2966:	01 c0       	rjmp	.+2      	; 0x296a <readmastervolume+0x86>
	{
		if(mastervolume == lut_volume[i])
    2968:	90 e0       	ldi	r25, 0x00	; 0
		break;
	}
	return 115-i;	
}
    296a:	83 e7       	ldi	r24, 0x73	; 115
    296c:	89 1b       	sub	r24, r25
    296e:	0f 90       	pop	r0
    2970:	df 91       	pop	r29
    2972:	cf 91       	pop	r28
    2974:	1f 91       	pop	r17
    2976:	0f 91       	pop	r16
    2978:	08 95       	ret

0000297a <setmastervolume>:


void setmastervolume(uint8_t level)
{
    297a:	0f 93       	push	r16
    297c:	cf 93       	push	r28
    297e:	df 93       	push	r29
    2980:	cd b7       	in	r28, 0x3d	; 61
    2982:	de b7       	in	r29, 0x3e	; 62
    2984:	25 97       	sbiw	r28, 0x05	; 5
    2986:	cd bf       	out	0x3d, r28	; 61
    2988:	de bf       	out	0x3e, r29	; 62
	uint8_t volume[5] = {volreg,0x00,0x00,0x00,0x00};	
    298a:	94 e2       	ldi	r25, 0x24	; 36
    298c:	99 83       	std	Y+1, r25	; 0x01
	uint8_t i = 0;
	uint32_t temp_volume = 0;
	
	
	temp_volume = lut_volume[115-level];
    298e:	e3 e7       	ldi	r30, 0x73	; 115
    2990:	f0 e0       	ldi	r31, 0x00	; 0
    2992:	e8 1b       	sub	r30, r24
    2994:	f1 09       	sbc	r31, r1
    2996:	ee 0f       	add	r30, r30
    2998:	ff 1f       	adc	r31, r31
    299a:	ee 0f       	add	r30, r30
    299c:	ff 1f       	adc	r31, r31
    299e:	ee 53       	subi	r30, 0x3E	; 62
    29a0:	fb 4d       	sbci	r31, 0xDB	; 219
    29a2:	30 81       	ld	r19, Z
    29a4:	21 81       	ldd	r18, Z+1	; 0x01
    29a6:	92 81       	ldd	r25, Z+2	; 0x02
    29a8:	83 81       	ldd	r24, Z+3	; 0x03
	for (i=4;i>0;i--)							//Construct last 4 bytes of array volume[] to be send via I2C
	{
		volume[i] = temp_volume;				//Copy current volume into one byte of array
    29aa:	3d 83       	std	Y+5, r19	; 0x05
    29ac:	2c 83       	std	Y+4, r18	; 0x04
    29ae:	9b 83       	std	Y+3, r25	; 0x03
    29b0:	8a 83       	std	Y+2, r24	; 0x02
		temp_volume = temp_volume >> 8;			//Shift current volume values around
	}
					
	//Send new master volume level to DSP
	TWI_MasterWriteRead(&twiDSP, TWI_SLAVE_DSP_W, &volume[0], 5,0);
    29b2:	00 e0       	ldi	r16, 0x00	; 0
    29b4:	25 e0       	ldi	r18, 0x05	; 5
    29b6:	ae 01       	movw	r20, r28
    29b8:	4f 5f       	subi	r20, 0xFF	; 255
    29ba:	5f 4f       	sbci	r21, 0xFF	; 255
    29bc:	68 e6       	ldi	r22, 0x68	; 104
    29be:	85 e0       	ldi	r24, 0x05	; 5
    29c0:	9d e2       	ldi	r25, 0x2D	; 45
    29c2:	f4 d5       	rcall	.+3048   	; 0x35ac <TWI_MasterWriteRead>
					
}
    29c4:	25 96       	adiw	r28, 0x05	; 5
    29c6:	cd bf       	out	0x3d, r28	; 61
    29c8:	de bf       	out	0x3e, r29	; 62
    29ca:	df 91       	pop	r29
    29cc:	cf 91       	pop	r28
    29ce:	0f 91       	pop	r16
    29d0:	08 95       	ret

000029d2 <vumeter>:


void vumeter(unsigned char update_on)
{
    29d2:	8f 92       	push	r8
    29d4:	9f 92       	push	r9
    29d6:	af 92       	push	r10
    29d8:	cf 92       	push	r12
    29da:	ef 92       	push	r14
    29dc:	0f 93       	push	r16
    29de:	1f 93       	push	r17
    29e0:	cf 93       	push	r28
    29e2:	df 93       	push	r29
    29e4:	cd b7       	in	r28, 0x3d	; 61
    29e6:	de b7       	in	r29, 0x3e	; 62
    29e8:	2b 97       	sbiw	r28, 0x0b	; 11
    29ea:	cd bf       	out	0x3d, r28	; 61
    29ec:	de bf       	out	0x3e, r29	; 62
    29ee:	18 2f       	mov	r17, r24
	uint8_t vuenable[5]={specenbl,0x00,0x80,0x00,0x00};				//Command to enable the vu meter
    29f0:	85 e0       	ldi	r24, 0x05	; 5
    29f2:	e4 ef       	ldi	r30, 0xF4	; 244
    29f4:	f2 e2       	ldi	r31, 0x22	; 34
    29f6:	de 01       	movw	r26, r28
    29f8:	11 96       	adiw	r26, 0x01	; 1
    29fa:	01 90       	ld	r0, Z+
    29fc:	0d 92       	st	X+, r0
    29fe:	8a 95       	dec	r24
    2a00:	e1 f7       	brne	.-8      	; 0x29fa <vumeter+0x28>
	uint8_t vuread[1]={specenbl};									//Address to read vu meter data from
    2a02:	87 e4       	ldi	r24, 0x47	; 71
    2a04:	8e 83       	std	Y+6, r24	; 0x06
	uint8_t vudisable[5]={specenbl,0x00,0x00,0x00,0x00};			//Command to disable the vu meter
    2a06:	8f 83       	std	Y+7, r24	; 0x07
    2a08:	18 86       	std	Y+8, r1	; 0x08
    2a0a:	19 86       	std	Y+9, r1	; 0x09
    2a0c:	1a 86       	std	Y+10, r1	; 0x0a
    2a0e:	1b 86       	std	Y+11, r1	; 0x0b


		TWI_MasterWriteRead(&twiDSP, TWI_SLAVE_DSP_W, &vuenable[0], 5,0);
    2a10:	00 e0       	ldi	r16, 0x00	; 0
    2a12:	25 e0       	ldi	r18, 0x05	; 5
    2a14:	ae 01       	movw	r20, r28
    2a16:	4f 5f       	subi	r20, 0xFF	; 255
    2a18:	5f 4f       	sbci	r21, 0xFF	; 255
    2a1a:	68 e6       	ldi	r22, 0x68	; 104
    2a1c:	85 e0       	ldi	r24, 0x05	; 5
    2a1e:	9d e2       	ldi	r25, 0x2D	; 45
    2a20:	c5 d5       	rcall	.+2954   	; 0x35ac <TWI_MasterWriteRead>
    2a22:	8f e3       	ldi	r24, 0x3F	; 63
    2a24:	9f e1       	ldi	r25, 0x1F	; 31
    2a26:	01 97       	sbiw	r24, 0x01	; 1
    2a28:	f1 f7       	brne	.-4      	; 0x2a26 <vumeter+0x54>
    2a2a:	00 c0       	rjmp	.+0      	; 0x2a2c <vumeter+0x5a>
    2a2c:	00 00       	nop
		
		_delay_ms(1);								//Give the DSP some time to sample the values internaly

		TWI_MasterWriteRead(&twiDSP, TWI_SLAVE_DSP_W, &vuread[0], 1,4);
    2a2e:	04 e0       	ldi	r16, 0x04	; 4
    2a30:	21 e0       	ldi	r18, 0x01	; 1
    2a32:	ae 01       	movw	r20, r28
    2a34:	4a 5f       	subi	r20, 0xFA	; 250
    2a36:	5f 4f       	sbci	r21, 0xFF	; 255
    2a38:	68 e6       	ldi	r22, 0x68	; 104
    2a3a:	85 e0       	ldi	r24, 0x05	; 5
    2a3c:	9d e2       	ldi	r25, 0x2D	; 45
    2a3e:	b6 d5       	rcall	.+2924   	; 0x35ac <TWI_MasterWriteRead>

		if (update_on)								//If the bar graph should be updated
    2a40:	11 23       	and	r17, r17
    2a42:	e1 f0       	breq	.+56     	; 0x2a7c <vumeter+0xaa>
		{
			eDIP_BA(21,twiDSP.readData[0]);			//Set bar graph left channel to vu meter read value
    2a44:	0f 2e       	mov	r0, r31
    2a46:	f5 e0       	ldi	r31, 0x05	; 5
    2a48:	8f 2e       	mov	r8, r31
    2a4a:	fd e2       	ldi	r31, 0x2D	; 45
    2a4c:	9f 2e       	mov	r9, r31
    2a4e:	f0 2d       	mov	r31, r0
    2a50:	f4 01       	movw	r30, r8
    2a52:	43 a1       	ldd	r20, Z+35	; 0x23
    2a54:	68 94       	set
    2a56:	aa 24       	eor	r10, r10
    2a58:	a1 f8       	bld	r10, 1
    2a5a:	c1 2c       	mov	r12, r1
    2a5c:	e1 2c       	mov	r14, r1
    2a5e:	00 e0       	ldi	r16, 0x00	; 0
    2a60:	20 e0       	ldi	r18, 0x00	; 0
    2a62:	65 e1       	ldi	r22, 0x15	; 21
    2a64:	8f e1       	ldi	r24, 0x1F	; 31
    2a66:	93 e2       	ldi	r25, 0x23	; 35
    2a68:	0e 94 73 01 	call	0x2e6	; 0x2e6 <eDIP_command6>
			eDIP_BA(22,twiDSP.readData[1]);			//Set bar graph right channel to vu meter read value
    2a6c:	f4 01       	movw	r30, r8
    2a6e:	44 a1       	ldd	r20, Z+36	; 0x24
    2a70:	20 e0       	ldi	r18, 0x00	; 0
    2a72:	66 e1       	ldi	r22, 0x16	; 22
    2a74:	8f e1       	ldi	r24, 0x1F	; 31
    2a76:	93 e2       	ldi	r25, 0x23	; 35
    2a78:	0e 94 73 01 	call	0x2e6	; 0x2e6 <eDIP_command6>
		}
		
		TWI_MasterWriteRead(&twiDSP, TWI_SLAVE_DSP_W, &vudisable[0], 5,0);
    2a7c:	00 e0       	ldi	r16, 0x00	; 0
    2a7e:	25 e0       	ldi	r18, 0x05	; 5
    2a80:	ae 01       	movw	r20, r28
    2a82:	49 5f       	subi	r20, 0xF9	; 249
    2a84:	5f 4f       	sbci	r21, 0xFF	; 255
    2a86:	68 e6       	ldi	r22, 0x68	; 104
    2a88:	85 e0       	ldi	r24, 0x05	; 5
    2a8a:	9d e2       	ldi	r25, 0x2D	; 45
    2a8c:	8f d5       	rcall	.+2846   	; 0x35ac <TWI_MasterWriteRead>
					
}
    2a8e:	2b 96       	adiw	r28, 0x0b	; 11
    2a90:	cd bf       	out	0x3d, r28	; 61
    2a92:	de bf       	out	0x3e, r29	; 62
    2a94:	df 91       	pop	r29
    2a96:	cf 91       	pop	r28
    2a98:	1f 91       	pop	r17
    2a9a:	0f 91       	pop	r16
    2a9c:	ef 90       	pop	r14
    2a9e:	cf 90       	pop	r12
    2aa0:	af 90       	pop	r10
    2aa2:	9f 90       	pop	r9
    2aa4:	8f 90       	pop	r8
    2aa6:	08 95       	ret

00002aa8 <spectrum>:


void spectrum(unsigned char update_on)
{
    2aa8:	8f 92       	push	r8
    2aaa:	9f 92       	push	r9
    2aac:	af 92       	push	r10
    2aae:	cf 92       	push	r12
    2ab0:	ef 92       	push	r14
    2ab2:	0f 93       	push	r16
    2ab4:	cf 93       	push	r28
    2ab6:	df 93       	push	r29
    2ab8:	cd b7       	in	r28, 0x3d	; 61
    2aba:	de b7       	in	r29, 0x3e	; 62
    2abc:	2b 97       	sbiw	r28, 0x0b	; 11
    2abe:	cd bf       	out	0x3d, r28	; 61
    2ac0:	de bf       	out	0x3e, r29	; 62
    2ac2:	98 2e       	mov	r9, r24
	uint8_t specenable[5]={vuenbl,0x00,0x80,0x00,0x00};				//Command to enable the spectrum analysis
    2ac4:	85 e0       	ldi	r24, 0x05	; 5
    2ac6:	e9 ef       	ldi	r30, 0xF9	; 249
    2ac8:	f2 e2       	ldi	r31, 0x22	; 34
    2aca:	de 01       	movw	r26, r28
    2acc:	11 96       	adiw	r26, 0x01	; 1
    2ace:	01 90       	ld	r0, Z+
    2ad0:	0d 92       	st	X+, r0
    2ad2:	8a 95       	dec	r24
    2ad4:	e1 f7       	brne	.-8      	; 0x2ace <spectrum+0x26>
	uint8_t speread[1]={vuenbl};									//Address to read spectrum data from
    2ad6:	82 e4       	ldi	r24, 0x42	; 66
    2ad8:	8e 83       	std	Y+6, r24	; 0x06
	uint8_t specdisable[5]={vuenbl,0x00,0x00,0x00,0x00};			//Command to disable the spectrum analysis	
    2ada:	8f 83       	std	Y+7, r24	; 0x07
    2adc:	18 86       	std	Y+8, r1	; 0x08
    2ade:	19 86       	std	Y+9, r1	; 0x09
    2ae0:	1a 86       	std	Y+10, r1	; 0x0a
    2ae2:	1b 86       	std	Y+11, r1	; 0x0b
		
	
	TWI_MasterWriteRead(&twiDSP, TWI_SLAVE_DSP_W, &specenable[0], 5,0);
    2ae4:	00 e0       	ldi	r16, 0x00	; 0
    2ae6:	25 e0       	ldi	r18, 0x05	; 5
    2ae8:	ae 01       	movw	r20, r28
    2aea:	4f 5f       	subi	r20, 0xFF	; 255
    2aec:	5f 4f       	sbci	r21, 0xFF	; 255
    2aee:	68 e6       	ldi	r22, 0x68	; 104
    2af0:	85 e0       	ldi	r24, 0x05	; 5
    2af2:	9d e2       	ldi	r25, 0x2D	; 45
    2af4:	5b d5       	rcall	.+2742   	; 0x35ac <TWI_MasterWriteRead>
    2af6:	8f e3       	ldi	r24, 0x3F	; 63
    2af8:	9f e1       	ldi	r25, 0x1F	; 31
    2afa:	01 97       	sbiw	r24, 0x01	; 1
    2afc:	f1 f7       	brne	.-4      	; 0x2afa <spectrum+0x52>
    2afe:	00 c0       	rjmp	.+0      	; 0x2b00 <spectrum+0x58>
    2b00:	00 00       	nop
	
	_delay_ms(1);								//Give the DSP some time to sample the values internaly

	TWI_MasterWriteRead(&twiDSP, TWI_SLAVE_DSP_W, &speread[0], 1,16);
    2b02:	00 e1       	ldi	r16, 0x10	; 16
    2b04:	21 e0       	ldi	r18, 0x01	; 1
    2b06:	ae 01       	movw	r20, r28
    2b08:	4a 5f       	subi	r20, 0xFA	; 250
    2b0a:	5f 4f       	sbci	r21, 0xFF	; 255
    2b0c:	68 e6       	ldi	r22, 0x68	; 104
    2b0e:	85 e0       	ldi	r24, 0x05	; 5
    2b10:	9d e2       	ldi	r25, 0x2D	; 45
    2b12:	4c d5       	rcall	.+2712   	; 0x35ac <TWI_MasterWriteRead>

	if (update_on)								//if the spectrum analysis graph should be updated
    2b14:	99 20       	and	r9, r9
    2b16:	09 f4       	brne	.+2      	; 0x2b1a <spectrum+0x72>
    2b18:	7c c0       	rjmp	.+248    	; 0x2c12 <spectrum+0x16a>
	{
		eDIP_BA(1,twiDSP.readData[0]);			//Update all 14 values from spectrum analysis
    2b1a:	0f 2e       	mov	r0, r31
    2b1c:	f5 e0       	ldi	r31, 0x05	; 5
    2b1e:	8f 2e       	mov	r8, r31
    2b20:	fd e2       	ldi	r31, 0x2D	; 45
    2b22:	9f 2e       	mov	r9, r31
    2b24:	f0 2d       	mov	r31, r0
    2b26:	f4 01       	movw	r30, r8
    2b28:	43 a1       	ldd	r20, Z+35	; 0x23
    2b2a:	68 94       	set
    2b2c:	aa 24       	eor	r10, r10
    2b2e:	a1 f8       	bld	r10, 1
    2b30:	c1 2c       	mov	r12, r1
    2b32:	e1 2c       	mov	r14, r1
    2b34:	00 e0       	ldi	r16, 0x00	; 0
    2b36:	20 e0       	ldi	r18, 0x00	; 0
    2b38:	61 e0       	ldi	r22, 0x01	; 1
    2b3a:	8f e1       	ldi	r24, 0x1F	; 31
    2b3c:	93 e2       	ldi	r25, 0x23	; 35
    2b3e:	0e 94 73 01 	call	0x2e6	; 0x2e6 <eDIP_command6>
		eDIP_BA(2,twiDSP.readData[1]);			//First 7 bytes left channel spectrum
    2b42:	f4 01       	movw	r30, r8
    2b44:	44 a1       	ldd	r20, Z+36	; 0x24
    2b46:	20 e0       	ldi	r18, 0x00	; 0
    2b48:	62 e0       	ldi	r22, 0x02	; 2
    2b4a:	8f e1       	ldi	r24, 0x1F	; 31
    2b4c:	93 e2       	ldi	r25, 0x23	; 35
    2b4e:	0e 94 73 01 	call	0x2e6	; 0x2e6 <eDIP_command6>
		eDIP_BA(3,twiDSP.readData[2]);			//Last 7 bytes right channel spectrum
    2b52:	f4 01       	movw	r30, r8
    2b54:	45 a1       	ldd	r20, Z+37	; 0x25
    2b56:	20 e0       	ldi	r18, 0x00	; 0
    2b58:	63 e0       	ldi	r22, 0x03	; 3
    2b5a:	8f e1       	ldi	r24, 0x1F	; 31
    2b5c:	93 e2       	ldi	r25, 0x23	; 35
    2b5e:	0e 94 73 01 	call	0x2e6	; 0x2e6 <eDIP_command6>
		eDIP_BA(4,twiDSP.readData[3]);
    2b62:	f4 01       	movw	r30, r8
    2b64:	46 a1       	ldd	r20, Z+38	; 0x26
    2b66:	20 e0       	ldi	r18, 0x00	; 0
    2b68:	64 e0       	ldi	r22, 0x04	; 4
    2b6a:	8f e1       	ldi	r24, 0x1F	; 31
    2b6c:	93 e2       	ldi	r25, 0x23	; 35
    2b6e:	0e 94 73 01 	call	0x2e6	; 0x2e6 <eDIP_command6>
		eDIP_BA(5,twiDSP.readData[4]);
    2b72:	f4 01       	movw	r30, r8
    2b74:	47 a1       	ldd	r20, Z+39	; 0x27
    2b76:	20 e0       	ldi	r18, 0x00	; 0
    2b78:	65 e0       	ldi	r22, 0x05	; 5
    2b7a:	8f e1       	ldi	r24, 0x1F	; 31
    2b7c:	93 e2       	ldi	r25, 0x23	; 35
    2b7e:	0e 94 73 01 	call	0x2e6	; 0x2e6 <eDIP_command6>
		eDIP_BA(6,twiDSP.readData[5]);
    2b82:	f4 01       	movw	r30, r8
    2b84:	40 a5       	ldd	r20, Z+40	; 0x28
    2b86:	20 e0       	ldi	r18, 0x00	; 0
    2b88:	66 e0       	ldi	r22, 0x06	; 6
    2b8a:	8f e1       	ldi	r24, 0x1F	; 31
    2b8c:	93 e2       	ldi	r25, 0x23	; 35
    2b8e:	0e 94 73 01 	call	0x2e6	; 0x2e6 <eDIP_command6>
		eDIP_BA(7,twiDSP.readData[6]);
    2b92:	f4 01       	movw	r30, r8
    2b94:	41 a5       	ldd	r20, Z+41	; 0x29
    2b96:	20 e0       	ldi	r18, 0x00	; 0
    2b98:	67 e0       	ldi	r22, 0x07	; 7
    2b9a:	8f e1       	ldi	r24, 0x1F	; 31
    2b9c:	93 e2       	ldi	r25, 0x23	; 35
    2b9e:	0e 94 73 01 	call	0x2e6	; 0x2e6 <eDIP_command6>
		eDIP_BA(8,twiDSP.readData[7]);
    2ba2:	f4 01       	movw	r30, r8
    2ba4:	42 a5       	ldd	r20, Z+42	; 0x2a
    2ba6:	20 e0       	ldi	r18, 0x00	; 0
    2ba8:	68 e0       	ldi	r22, 0x08	; 8
    2baa:	8f e1       	ldi	r24, 0x1F	; 31
    2bac:	93 e2       	ldi	r25, 0x23	; 35
    2bae:	0e 94 73 01 	call	0x2e6	; 0x2e6 <eDIP_command6>
		eDIP_BA(9,twiDSP.readData[8]);
    2bb2:	f4 01       	movw	r30, r8
    2bb4:	43 a5       	ldd	r20, Z+43	; 0x2b
    2bb6:	20 e0       	ldi	r18, 0x00	; 0
    2bb8:	69 e0       	ldi	r22, 0x09	; 9
    2bba:	8f e1       	ldi	r24, 0x1F	; 31
    2bbc:	93 e2       	ldi	r25, 0x23	; 35
    2bbe:	0e 94 73 01 	call	0x2e6	; 0x2e6 <eDIP_command6>
		eDIP_BA(10,twiDSP.readData[9]);
    2bc2:	f4 01       	movw	r30, r8
    2bc4:	44 a5       	ldd	r20, Z+44	; 0x2c
    2bc6:	20 e0       	ldi	r18, 0x00	; 0
    2bc8:	6a e0       	ldi	r22, 0x0A	; 10
    2bca:	8f e1       	ldi	r24, 0x1F	; 31
    2bcc:	93 e2       	ldi	r25, 0x23	; 35
    2bce:	0e 94 73 01 	call	0x2e6	; 0x2e6 <eDIP_command6>
		eDIP_BA(11,twiDSP.readData[10]);
    2bd2:	f4 01       	movw	r30, r8
    2bd4:	45 a5       	ldd	r20, Z+45	; 0x2d
    2bd6:	20 e0       	ldi	r18, 0x00	; 0
    2bd8:	6b e0       	ldi	r22, 0x0B	; 11
    2bda:	8f e1       	ldi	r24, 0x1F	; 31
    2bdc:	93 e2       	ldi	r25, 0x23	; 35
    2bde:	0e 94 73 01 	call	0x2e6	; 0x2e6 <eDIP_command6>
		eDIP_BA(12,twiDSP.readData[11]);
    2be2:	f4 01       	movw	r30, r8
    2be4:	46 a5       	ldd	r20, Z+46	; 0x2e
    2be6:	20 e0       	ldi	r18, 0x00	; 0
    2be8:	6c e0       	ldi	r22, 0x0C	; 12
    2bea:	8f e1       	ldi	r24, 0x1F	; 31
    2bec:	93 e2       	ldi	r25, 0x23	; 35
    2bee:	0e 94 73 01 	call	0x2e6	; 0x2e6 <eDIP_command6>
		eDIP_BA(13,twiDSP.readData[12]);
    2bf2:	f4 01       	movw	r30, r8
    2bf4:	47 a5       	ldd	r20, Z+47	; 0x2f
    2bf6:	20 e0       	ldi	r18, 0x00	; 0
    2bf8:	6d e0       	ldi	r22, 0x0D	; 13
    2bfa:	8f e1       	ldi	r24, 0x1F	; 31
    2bfc:	93 e2       	ldi	r25, 0x23	; 35
    2bfe:	0e 94 73 01 	call	0x2e6	; 0x2e6 <eDIP_command6>
		eDIP_BA(14,twiDSP.readData[13]);
    2c02:	f4 01       	movw	r30, r8
    2c04:	40 a9       	ldd	r20, Z+48	; 0x30
    2c06:	20 e0       	ldi	r18, 0x00	; 0
    2c08:	6e e0       	ldi	r22, 0x0E	; 14
    2c0a:	8f e1       	ldi	r24, 0x1F	; 31
    2c0c:	93 e2       	ldi	r25, 0x23	; 35
    2c0e:	0e 94 73 01 	call	0x2e6	; 0x2e6 <eDIP_command6>
	}
	
	TWI_MasterWriteRead(&twiDSP, TWI_SLAVE_DSP_W, &specdisable[0], 5,0);
    2c12:	00 e0       	ldi	r16, 0x00	; 0
    2c14:	25 e0       	ldi	r18, 0x05	; 5
    2c16:	ae 01       	movw	r20, r28
    2c18:	49 5f       	subi	r20, 0xF9	; 249
    2c1a:	5f 4f       	sbci	r21, 0xFF	; 255
    2c1c:	68 e6       	ldi	r22, 0x68	; 104
    2c1e:	85 e0       	ldi	r24, 0x05	; 5
    2c20:	9d e2       	ldi	r25, 0x2D	; 45
    2c22:	c4 d4       	rcall	.+2440   	; 0x35ac <TWI_MasterWriteRead>
}
    2c24:	2b 96       	adiw	r28, 0x0b	; 11
    2c26:	cd bf       	out	0x3d, r28	; 61
    2c28:	de bf       	out	0x3e, r29	; 62
    2c2a:	df 91       	pop	r29
    2c2c:	cf 91       	pop	r28
    2c2e:	0f 91       	pop	r16
    2c30:	ef 90       	pop	r14
    2c32:	cf 90       	pop	r12
    2c34:	af 90       	pop	r10
    2c36:	9f 90       	pop	r9
    2c38:	8f 90       	pop	r8
    2c3a:	08 95       	ret

00002c3c <mute>:


void mute(uint8_t mute_on_off)
{
    2c3c:	0f 93       	push	r16
    2c3e:	1f 93       	push	r17
    2c40:	cf 93       	push	r28
    2c42:	df 93       	push	r29
    2c44:	cd b7       	in	r28, 0x3d	; 61
    2c46:	de b7       	in	r29, 0x3e	; 62
    2c48:	2a 97       	sbiw	r28, 0x0a	; 10
    2c4a:	cd bf       	out	0x3d, r28	; 61
    2c4c:	de bf       	out	0x3e, r29	; 62
	uint8_t volume[5] = {volreg,0x00,0x00,0x00,0x00};			//PPS mapped address for master volume control
    2c4e:	94 e2       	ldi	r25, 0x24	; 36
    2c50:	99 83       	std	Y+1, r25	; 0x01
    2c52:	1a 82       	std	Y+2, r1	; 0x02
    2c54:	1b 82       	std	Y+3, r1	; 0x03
    2c56:	1c 82       	std	Y+4, r1	; 0x04
    2c58:	1d 82       	std	Y+5, r1	; 0x05
	uint8_t stepsize = 4;										//How fast are we going through the look up table?
	uint32_t temp_volume = 0;
	uint8_t i=0;
	uint8_t j=0;
	
	if (!mute_on_off)		//Lets unmute audio
    2c5a:	81 11       	cpse	r24, r1
    2c5c:	4b c0       	rjmp	.+150    	; 0x2cf4 <mute+0xb8>
	{
		for (i=1;i<31;i++)										//Do the fade ins
		{
			currentvolume = currentvolume - stepsize;			//Increase master volume by stepvolume over time
    2c5e:	e0 91 af 2c 	lds	r30, 0x2CAF	; 0x802caf <currentvolume.4304>
    2c62:	e4 50       	subi	r30, 0x04	; 4
    2c64:	e0 93 af 2c 	sts	0x2CAF, r30	; 0x802caf <currentvolume.4304>
			
			if (currentvolume <= lut_start)						//Cap master volume to level it had before fade out was applied
    2c68:	80 91 ae 2c 	lds	r24, 0x2CAE	; 0x802cae <lut_start.4303>
    2c6c:	8e 17       	cp	r24, r30
    2c6e:	58 f4       	brcc	.+22     	; 0x2c86 <mute+0x4a>
    2c70:	1e e1       	ldi	r17, 0x1E	; 30
    2c72:	23 c0       	rjmp	.+70     	; 0x2cba <mute+0x7e>
	
	if (!mute_on_off)		//Lets unmute audio
	{
		for (i=1;i<31;i++)										//Do the fade ins
		{
			currentvolume = currentvolume - stepsize;			//Increase master volume by stepvolume over time
    2c74:	e0 91 af 2c 	lds	r30, 0x2CAF	; 0x802caf <currentvolume.4304>
    2c78:	e4 50       	subi	r30, 0x04	; 4
    2c7a:	e0 93 af 2c 	sts	0x2CAF, r30	; 0x802caf <currentvolume.4304>
			
			if (currentvolume <= lut_start)						//Cap master volume to level it had before fade out was applied
    2c7e:	80 91 ae 2c 	lds	r24, 0x2CAE	; 0x802cae <lut_start.4303>
    2c82:	8e 17       	cp	r24, r30
    2c84:	d0 f0       	brcs	.+52     	; 0x2cba <mute+0x7e>
			{
				temp_volume = lut_volume[lut_start];
    2c86:	e8 2f       	mov	r30, r24
    2c88:	f0 e0       	ldi	r31, 0x00	; 0
    2c8a:	ee 0f       	add	r30, r30
    2c8c:	ff 1f       	adc	r31, r31
    2c8e:	ee 0f       	add	r30, r30
    2c90:	ff 1f       	adc	r31, r31
    2c92:	ee 53       	subi	r30, 0x3E	; 62
    2c94:	fb 4d       	sbci	r31, 0xDB	; 219
    2c96:	30 81       	ld	r19, Z
    2c98:	21 81       	ldd	r18, Z+1	; 0x01
    2c9a:	92 81       	ldd	r25, Z+2	; 0x02
    2c9c:	83 81       	ldd	r24, Z+3	; 0x03
				for (j=4;j>0;j--)								//Construct last 4 bytes of array volume[] to be send via I2C
				{
					volume[j] = temp_volume;					//Copy startvolume into one byte of array
    2c9e:	3d 83       	std	Y+5, r19	; 0x05
    2ca0:	2c 83       	std	Y+4, r18	; 0x04
    2ca2:	9b 83       	std	Y+3, r25	; 0x03
    2ca4:	8a 83       	std	Y+2, r24	; 0x02
					temp_volume = temp_volume >> 8;				//Shift start volume values around
				}
				//Send original master volume level to DSP
				TWI_MasterWriteRead(&twiDSP, TWI_SLAVE_DSP_W, &volume[0], 5,0);
    2ca6:	00 e0       	ldi	r16, 0x00	; 0
    2ca8:	25 e0       	ldi	r18, 0x05	; 5
    2caa:	ae 01       	movw	r20, r28
    2cac:	4f 5f       	subi	r20, 0xFF	; 255
    2cae:	5f 4f       	sbci	r21, 0xFF	; 255
    2cb0:	68 e6       	ldi	r22, 0x68	; 104
    2cb2:	85 e0       	ldi	r24, 0x05	; 5
    2cb4:	9d e2       	ldi	r25, 0x2D	; 45
    2cb6:	7a d4       	rcall	.+2292   	; 0x35ac <TWI_MasterWriteRead>
				break;
    2cb8:	1b c0       	rjmp	.+54     	; 0x2cf0 <mute+0xb4>
			}
			else
			{
				temp_volume = lut_volume[currentvolume];
    2cba:	f0 e0       	ldi	r31, 0x00	; 0
    2cbc:	ee 0f       	add	r30, r30
    2cbe:	ff 1f       	adc	r31, r31
    2cc0:	ee 0f       	add	r30, r30
    2cc2:	ff 1f       	adc	r31, r31
    2cc4:	ee 53       	subi	r30, 0x3E	; 62
    2cc6:	fb 4d       	sbci	r31, 0xDB	; 219
    2cc8:	30 81       	ld	r19, Z
    2cca:	21 81       	ldd	r18, Z+1	; 0x01
    2ccc:	92 81       	ldd	r25, Z+2	; 0x02
    2cce:	83 81       	ldd	r24, Z+3	; 0x03
				for (j=4;j>0;j--)								//Construct last 4 bytes of array volume[] to be send via I2C
				{
					volume[j] = temp_volume;					//Copy current volume into one byte of array
    2cd0:	3d 83       	std	Y+5, r19	; 0x05
    2cd2:	2c 83       	std	Y+4, r18	; 0x04
    2cd4:	9b 83       	std	Y+3, r25	; 0x03
    2cd6:	8a 83       	std	Y+2, r24	; 0x02
					temp_volume = temp_volume >> 8;				//Shift current volume values around
				}
				//Send new master volume level to DSP
				TWI_MasterWriteRead(&twiDSP, TWI_SLAVE_DSP_W, &volume[0], 5,0);
    2cd8:	00 e0       	ldi	r16, 0x00	; 0
    2cda:	25 e0       	ldi	r18, 0x05	; 5
    2cdc:	ae 01       	movw	r20, r28
    2cde:	4f 5f       	subi	r20, 0xFF	; 255
    2ce0:	5f 4f       	sbci	r21, 0xFF	; 255
    2ce2:	68 e6       	ldi	r22, 0x68	; 104
    2ce4:	85 e0       	ldi	r24, 0x05	; 5
    2ce6:	9d e2       	ldi	r25, 0x2D	; 45
    2ce8:	61 d4       	rcall	.+2242   	; 0x35ac <TWI_MasterWriteRead>
    2cea:	11 50       	subi	r17, 0x01	; 1
	uint8_t i=0;
	uint8_t j=0;
	
	if (!mute_on_off)		//Lets unmute audio
	{
		for (i=1;i<31;i++)										//Do the fade ins
    2cec:	09 f0       	breq	.+2      	; 0x2cf0 <mute+0xb4>
				}
				//Send new master volume level to DSP
				TWI_MasterWriteRead(&twiDSP, TWI_SLAVE_DSP_W, &volume[0], 5,0);
			}
		}
	update_levels();		//And also restore the volume information and slider	
    2cee:	c2 cf       	rjmp	.-124    	; 0x2c74 <mute+0x38>
    2cf0:	7e dc       	rcall	.-1796   	; 0x25ee <update_levels>
    2cf2:	93 c0       	rjmp	.+294    	; 0x2e1a <mute+0x1de>
	} 
	
	
	else
	{
		TWI_MasterWriteRead(&twiDSP, TWI_SLAVE_DSP_W, &volume[0], 1,4);
    2cf4:	04 e0       	ldi	r16, 0x04	; 4
    2cf6:	21 e0       	ldi	r18, 0x01	; 1
    2cf8:	ae 01       	movw	r20, r28
    2cfa:	4f 5f       	subi	r20, 0xFF	; 255
    2cfc:	5f 4f       	sbci	r21, 0xFF	; 255
    2cfe:	68 e6       	ldi	r22, 0x68	; 104
    2d00:	85 e0       	ldi	r24, 0x05	; 5
    2d02:	9d e2       	ldi	r25, 0x2D	; 45
    2d04:	53 d4       	rcall	.+2214   	; 0x35ac <TWI_MasterWriteRead>

		//Here we fade out the volume
		//Need to construct a 32 bit integer for volume level calculation from 4 single byte read via I2C from DSP
		startvolume = twiDSP.readData[0];						//Copy first byte into 32 bit variable startvolume
    2d06:	e5 e0       	ldi	r30, 0x05	; 5
    2d08:	fd e2       	ldi	r31, 0x2D	; 45
    2d0a:	23 a1       	ldd	r18, Z+35	; 0x23
		for (i=1;i<4;i++)										//Repeat next steps 3 times starting at i=1 because we need already second bit from DSP
			{
				startvolume = startvolume << 8;						//Bit shift by 8 to move already stored information a whole byte to the left
				startvolume |= twiDSP.readData[i];					//Add via or next byte of DSP volume info to 32 bit variable startvolume
    2d0c:	44 a1       	ldd	r20, Z+36	; 0x24
    2d0e:	95 a1       	ldd	r25, Z+37	; 0x25
    2d10:	86 a1       	ldd	r24, Z+38	; 0x26
    2d12:	50 e0       	ldi	r21, 0x00	; 0
    2d14:	60 e0       	ldi	r22, 0x00	; 0
    2d16:	70 e0       	ldi	r23, 0x00	; 0
    2d18:	52 2b       	or	r21, r18
    2d1a:	76 2f       	mov	r23, r22
    2d1c:	65 2f       	mov	r22, r21
    2d1e:	54 2f       	mov	r21, r20
    2d20:	44 27       	eor	r20, r20
    2d22:	49 2b       	or	r20, r25
    2d24:	76 2f       	mov	r23, r22
    2d26:	65 2f       	mov	r22, r21
    2d28:	54 2f       	mov	r21, r20
    2d2a:	44 27       	eor	r20, r20
    2d2c:	48 2b       	or	r20, r24
    2d2e:	40 93 aa 2c 	sts	0x2CAA, r20	; 0x802caa <startvolume.4302>
    2d32:	50 93 ab 2c 	sts	0x2CAB, r21	; 0x802cab <startvolume.4302+0x1>
    2d36:	60 93 ac 2c 	sts	0x2CAC, r22	; 0x802cac <startvolume.4302+0x2>
    2d3a:	70 93 ad 2c 	sts	0x2CAD, r23	; 0x802cad <startvolume.4302+0x3>
			}
			
		for (lut_start=0;lut_start<115;lut_start++)
		{
			if(startvolume == lut_volume[lut_start])
    2d3e:	4d 3c       	cpi	r20, 0xCD	; 205
    2d40:	89 ea       	ldi	r24, 0xA9	; 169
    2d42:	58 07       	cpc	r21, r24
    2d44:	8c ee       	ldi	r24, 0xEC	; 236
    2d46:	68 07       	cpc	r22, r24
    2d48:	87 e0       	ldi	r24, 0x07	; 7
    2d4a:	78 07       	cpc	r23, r24
    2d4c:	09 f0       	breq	.+2      	; 0x2d50 <mute+0x114>
    2d4e:	61 c0       	rjmp	.+194    	; 0x2e12 <mute+0x1d6>
			{
				startvolume = startvolume << 8;						//Bit shift by 8 to move already stored information a whole byte to the left
				startvolume |= twiDSP.readData[i];					//Add via or next byte of DSP volume info to 32 bit variable startvolume
			}
			
		for (lut_start=0;lut_start<115;lut_start++)
    2d50:	10 92 ae 2c 	sts	0x2CAE, r1	; 0x802cae <lut_start.4303>
    2d54:	80 e0       	ldi	r24, 0x00	; 0
    2d56:	0b c0       	rjmp	.+22     	; 0x2d6e <mute+0x132>
		{
			if(startvolume == lut_volume[lut_start])
    2d58:	01 91       	ld	r16, Z+
    2d5a:	11 91       	ld	r17, Z+
    2d5c:	21 91       	ld	r18, Z+
    2d5e:	31 91       	ld	r19, Z+
    2d60:	40 17       	cp	r20, r16
    2d62:	51 07       	cpc	r21, r17
    2d64:	62 07       	cpc	r22, r18
    2d66:	73 07       	cpc	r23, r19
    2d68:	29 f4       	brne	.+10     	; 0x2d74 <mute+0x138>
    2d6a:	80 93 ae 2c 	sts	0x2CAE, r24	; 0x802cae <lut_start.4303>
			{
				currentvolume = lut_start;
    2d6e:	80 93 af 2c 	sts	0x2CAF, r24	; 0x802caf <currentvolume.4304>
				break;
    2d72:	43 c0       	rjmp	.+134    	; 0x2dfa <mute+0x1be>
			{
				startvolume = startvolume << 8;						//Bit shift by 8 to move already stored information a whole byte to the left
				startvolume |= twiDSP.readData[i];					//Add via or next byte of DSP volume info to 32 bit variable startvolume
			}
			
		for (lut_start=0;lut_start<115;lut_start++)
    2d74:	8f 5f       	subi	r24, 0xFF	; 255
    2d76:	83 37       	cpi	r24, 0x73	; 115
    2d78:	79 f7       	brne	.-34     	; 0x2d58 <mute+0x11c>
    2d7a:	3c c0       	rjmp	.+120    	; 0x2df4 <mute+0x1b8>
			}
		}
				
		for (i=1;i<31;i++)										//Do the fade outs within a maximum of 30 steps
		{
			currentvolume = currentvolume + stepsize;			//Reduce volume via stepping through look up table with step size (4*30 = 120)
    2d7c:	e0 91 af 2c 	lds	r30, 0x2CAF	; 0x802caf <currentvolume.4304>
    2d80:	ec 5f       	subi	r30, 0xFC	; 252
    2d82:	e0 93 af 2c 	sts	0x2CAF, r30	; 0x802caf <currentvolume.4304>
				
			if (currentvolume >= 114 - stepsize)				//Ensure that step size won't result in negative value
    2d86:	f0 e0       	ldi	r31, 0x00	; 0
    2d88:	ee 36       	cpi	r30, 0x6E	; 110
    2d8a:	f1 05       	cpc	r31, r1
    2d8c:	9c f0       	brlt	.+38     	; 0x2db4 <mute+0x178>
			{
				uint8_t volume[5] = {volreg,0x00,0x00,0x00,0x1A};	//Cap lowest master volume to -110 dB
    2d8e:	85 e0       	ldi	r24, 0x05	; 5
    2d90:	ef ee       	ldi	r30, 0xEF	; 239
    2d92:	f2 e2       	ldi	r31, 0x22	; 34
    2d94:	de 01       	movw	r26, r28
    2d96:	16 96       	adiw	r26, 0x06	; 6
    2d98:	01 90       	ld	r0, Z+
    2d9a:	0d 92       	st	X+, r0
    2d9c:	8a 95       	dec	r24
    2d9e:	e1 f7       	brne	.-8      	; 0x2d98 <mute+0x15c>
				
				//Set lowest master volume level to DSP
				TWI_MasterWriteRead(&twiDSP, TWI_SLAVE_DSP_W, &volume[0], 5,0);
    2da0:	00 e0       	ldi	r16, 0x00	; 0
    2da2:	25 e0       	ldi	r18, 0x05	; 5
    2da4:	ae 01       	movw	r20, r28
    2da6:	4a 5f       	subi	r20, 0xFA	; 250
    2da8:	5f 4f       	sbci	r21, 0xFF	; 255
    2daa:	68 e6       	ldi	r22, 0x68	; 104
    2dac:	85 e0       	ldi	r24, 0x05	; 5
    2dae:	9d e2       	ldi	r25, 0x2D	; 45
    2db0:	fd d3       	rcall	.+2042   	; 0x35ac <TWI_MasterWriteRead>
    2db2:	19 c0       	rjmp	.+50     	; 0x2de6 <mute+0x1aa>
					
				break;
			}
			else
			{
				temp_volume = lut_volume[currentvolume];
    2db4:	ee 0f       	add	r30, r30
    2db6:	ff 1f       	adc	r31, r31
    2db8:	ee 0f       	add	r30, r30
    2dba:	ff 1f       	adc	r31, r31
    2dbc:	ee 53       	subi	r30, 0x3E	; 62
    2dbe:	fb 4d       	sbci	r31, 0xDB	; 219
    2dc0:	30 81       	ld	r19, Z
    2dc2:	21 81       	ldd	r18, Z+1	; 0x01
    2dc4:	92 81       	ldd	r25, Z+2	; 0x02
    2dc6:	83 81       	ldd	r24, Z+3	; 0x03
				for (j=4;j>0;j--)								//Construct last 4 bytes of array volume[] to be send via I2C to DSP
				{
					volume[j] = temp_volume;					//Copy 8 Bits of 32 bit value currentvolume into 1 byte of I2C transmission array
    2dc8:	3d 83       	std	Y+5, r19	; 0x05
    2dca:	2c 83       	std	Y+4, r18	; 0x04
    2dcc:	9b 83       	std	Y+3, r25	; 0x03
    2dce:	8a 83       	std	Y+2, r24	; 0x02
					temp_volume = temp_volume >> 8;				//Shift by 8 to move next byte onto correct place for byte copy
				}
					
				//Send new master volume level to DSP
				TWI_MasterWriteRead(&twiDSP, TWI_SLAVE_DSP_W, &volume[0], 5,0);
    2dd0:	00 e0       	ldi	r16, 0x00	; 0
    2dd2:	25 e0       	ldi	r18, 0x05	; 5
    2dd4:	ae 01       	movw	r20, r28
    2dd6:	4f 5f       	subi	r20, 0xFF	; 255
    2dd8:	5f 4f       	sbci	r21, 0xFF	; 255
    2dda:	68 e6       	ldi	r22, 0x68	; 104
    2ddc:	85 e0       	ldi	r24, 0x05	; 5
    2dde:	9d e2       	ldi	r25, 0x2D	; 45
    2de0:	e5 d3       	rcall	.+1994   	; 0x35ac <TWI_MasterWriteRead>
    2de2:	11 50       	subi	r17, 0x01	; 1
			}
		}
	clear_area(2,145,90,165);									//Clear all level information before writing new values
    2de4:	59 f6       	brne	.-106    	; 0x2d7c <mute+0x140>
    2de6:	25 ea       	ldi	r18, 0xA5	; 165
    2de8:	4a e5       	ldi	r20, 0x5A	; 90
    2dea:	61 e9       	ldi	r22, 0x91	; 145
    2dec:	82 e0       	ldi	r24, 0x02	; 2
    2dee:	f6 d9       	rcall	.-3092   	; 0x21dc <clear_area>
	show_mute();												//write "Muted" as level information while mute is on
    2df0:	e6 d9       	rcall	.-3124   	; 0x21be <show_mute>
    2df2:	13 c0       	rjmp	.+38     	; 0x2e1a <mute+0x1de>
	}
}
    2df4:	83 e7       	ldi	r24, 0x73	; 115
    2df6:	80 93 ae 2c 	sts	0x2CAE, r24	; 0x802cae <lut_start.4303>
    2dfa:	e0 91 af 2c 	lds	r30, 0x2CAF	; 0x802caf <currentvolume.4304>
			}
		}
				
		for (i=1;i<31;i++)										//Do the fade outs within a maximum of 30 steps
		{
			currentvolume = currentvolume + stepsize;			//Reduce volume via stepping through look up table with step size (4*30 = 120)
    2dfe:	ec 5f       	subi	r30, 0xFC	; 252
    2e00:	e0 93 af 2c 	sts	0x2CAF, r30	; 0x802caf <currentvolume.4304>
    2e04:	f0 e0       	ldi	r31, 0x00	; 0
				
			if (currentvolume >= 114 - stepsize)				//Ensure that step size won't result in negative value
    2e06:	ee 36       	cpi	r30, 0x6E	; 110
    2e08:	f1 05       	cpc	r31, r1
    2e0a:	0c f0       	brlt	.+2      	; 0x2e0e <mute+0x1d2>
    2e0c:	c0 cf       	rjmp	.-128    	; 0x2d8e <mute+0x152>
    2e0e:	1e e1       	ldi	r17, 0x1E	; 30
    2e10:	d1 cf       	rjmp	.-94     	; 0x2db4 <mute+0x178>
    2e12:	e6 ec       	ldi	r30, 0xC6	; 198
    2e14:	f4 e2       	ldi	r31, 0x24	; 36
    2e16:	81 e0       	ldi	r24, 0x01	; 1
			{
				startvolume = startvolume << 8;						//Bit shift by 8 to move already stored information a whole byte to the left
				startvolume |= twiDSP.readData[i];					//Add via or next byte of DSP volume info to 32 bit variable startvolume
			}
			
		for (lut_start=0;lut_start<115;lut_start++)
    2e18:	9f cf       	rjmp	.-194    	; 0x2d58 <mute+0x11c>
    2e1a:	2a 96       	adiw	r28, 0x0a	; 10
			}
		}
	clear_area(2,145,90,165);									//Clear all level information before writing new values
	show_mute();												//write "Muted" as level information while mute is on
	}
}
    2e1c:	cd bf       	out	0x3d, r28	; 61
    2e1e:	de bf       	out	0x3e, r29	; 62
    2e20:	df 91       	pop	r29
    2e22:	cf 91       	pop	r28
    2e24:	1f 91       	pop	r17
    2e26:	0f 91       	pop	r16
    2e28:	08 95       	ret

00002e2a <volumeup>:
    2e2a:	cf 92       	push	r12

void volumeup()
{
    2e2c:	df 92       	push	r13
    2e2e:	ef 92       	push	r14
    2e30:	ff 92       	push	r15
    2e32:	0f 93       	push	r16
    2e34:	1f 93       	push	r17
    2e36:	cf 93       	push	r28
    2e38:	df 93       	push	r29
    2e3a:	cd b7       	in	r28, 0x3d	; 61
    2e3c:	de b7       	in	r29, 0x3e	; 62
    2e3e:	25 97       	sbiw	r28, 0x05	; 5
    2e40:	cd bf       	out	0x3d, r28	; 61
    2e42:	de bf       	out	0x3e, r29	; 62
	uint8_t volume[5] = {volreg,0x00,0x00,0x00,0x00};			//PPS mapped address for master volume control
    2e44:	84 e2       	ldi	r24, 0x24	; 36
    2e46:	89 83       	std	Y+1, r24	; 0x01
    2e48:	1a 82       	std	Y+2, r1	; 0x02
    2e4a:	1b 82       	std	Y+3, r1	; 0x03
    2e4c:	1c 82       	std	Y+4, r1	; 0x04
    2e4e:	1d 82       	std	Y+5, r1	; 0x05
	uint32_t temp_volume = 0;
	uint8_t i=0;
	uint8_t j=0;
	
	
	TWI_MasterWriteRead(&twiDSP, TWI_SLAVE_DSP_W, &volume[0], 1,4);
    2e50:	04 e0       	ldi	r16, 0x04	; 4
    2e52:	21 e0       	ldi	r18, 0x01	; 1
    2e54:	ae 01       	movw	r20, r28
    2e56:	4f 5f       	subi	r20, 0xFF	; 255
    2e58:	5f 4f       	sbci	r21, 0xFF	; 255
    2e5a:	68 e6       	ldi	r22, 0x68	; 104
    2e5c:	85 e0       	ldi	r24, 0x05	; 5
    2e5e:	9d e2       	ldi	r25, 0x2D	; 45
    2e60:	a5 d3       	rcall	.+1866   	; 0x35ac <TWI_MasterWriteRead>
			
			
	//Get to know where from which volume we are starting
	//Need to construct a 32 bit integer for volume level calculation from 4 single byte read via I2C from DSP
	startvolume = twiDSP.readData[0];						//Copy first byte into 32 bit variable startvolume
    2e62:	e5 e0       	ldi	r30, 0x05	; 5
    2e64:	fd e2       	ldi	r31, 0x2D	; 45
    2e66:	23 a1       	ldd	r18, Z+35	; 0x23
	for (i=1;i<4;i++)										//Repeat next steps 3 times starting at i=1 because we need already second bit from DSP
	{
		startvolume = startvolume << 8;						//Bit shift by 8 to move already stored information a whole byte to the left
		startvolume |= twiDSP.readData[i];					//Add via or next byte of DSP volume info to 32 bit variable startvolume
    2e68:	44 a1       	ldd	r20, Z+36	; 0x24
    2e6a:	95 a1       	ldd	r25, Z+37	; 0x25
    2e6c:	86 a1       	ldd	r24, Z+38	; 0x26
    2e6e:	50 e0       	ldi	r21, 0x00	; 0
    2e70:	60 e0       	ldi	r22, 0x00	; 0
    2e72:	70 e0       	ldi	r23, 0x00	; 0
    2e74:	52 2b       	or	r21, r18
    2e76:	76 2f       	mov	r23, r22
    2e78:	65 2f       	mov	r22, r21
    2e7a:	54 2f       	mov	r21, r20
    2e7c:	44 27       	eor	r20, r20
    2e7e:	49 2b       	or	r20, r25
    2e80:	76 2f       	mov	r23, r22
    2e82:	65 2f       	mov	r22, r21
    2e84:	54 2f       	mov	r21, r20
    2e86:	44 27       	eor	r20, r20
    2e88:	48 2b       	or	r20, r24
    2e8a:	40 93 a6 2c 	sts	0x2CA6, r20	; 0x802ca6 <startvolume.4334>
    2e8e:	50 93 a7 2c 	sts	0x2CA7, r21	; 0x802ca7 <startvolume.4334+0x1>
    2e92:	60 93 a8 2c 	sts	0x2CA8, r22	; 0x802ca8 <startvolume.4334+0x2>
    2e96:	70 93 a9 2c 	sts	0x2CA9, r23	; 0x802ca9 <startvolume.4334+0x3>
	}
			
	for (lut_start=0;lut_start<115;lut_start++)
	{
		if(startvolume == lut_volume[lut_start])
    2e9a:	4d 3c       	cpi	r20, 0xCD	; 205
    2e9c:	29 ea       	ldi	r18, 0xA9	; 169
    2e9e:	52 07       	cpc	r21, r18
    2ea0:	2c ee       	ldi	r18, 0xEC	; 236
    2ea2:	62 07       	cpc	r22, r18
    2ea4:	27 e0       	ldi	r18, 0x07	; 7
    2ea6:	72 07       	cpc	r23, r18
    2ea8:	09 f0       	breq	.+2      	; 0x2eac <volumeup+0x82>
    2eaa:	55 c0       	rjmp	.+170    	; 0x2f56 <volumeup+0x12c>
	{
		startvolume = startvolume << 8;						//Bit shift by 8 to move already stored information a whole byte to the left
		startvolume |= twiDSP.readData[i];					//Add via or next byte of DSP volume info to 32 bit variable startvolume
	}
			
	for (lut_start=0;lut_start<115;lut_start++)
    2eac:	10 92 a5 2c 	sts	0x2CA5, r1	; 0x802ca5 <lut_start.4335>
    2eb0:	80 e0       	ldi	r24, 0x00	; 0
    2eb2:	0b c0       	rjmp	.+22     	; 0x2eca <volumeup+0xa0>
	{
		if(startvolume == lut_volume[lut_start])
    2eb4:	c1 90       	ld	r12, Z+
    2eb6:	d1 90       	ld	r13, Z+
    2eb8:	e1 90       	ld	r14, Z+
    2eba:	f1 90       	ld	r15, Z+
    2ebc:	4c 15       	cp	r20, r12
    2ebe:	5d 05       	cpc	r21, r13
    2ec0:	6e 05       	cpc	r22, r14
    2ec2:	7f 05       	cpc	r23, r15
    2ec4:	79 f4       	brne	.+30     	; 0x2ee4 <volumeup+0xba>
    2ec6:	80 93 a5 2c 	sts	0x2CA5, r24	; 0x802ca5 <lut_start.4335>
		{
		currentvolume = lut_start;
    2eca:	80 93 a4 2c 	sts	0x2CA4, r24	; 0x802ca4 <currentvolume.4336>
    2ece:	ce 01       	movw	r24, r28
    2ed0:	01 96       	adiw	r24, 0x01	; 1
    2ed2:	7c 01       	movw	r14, r24
		for (j=5;j>0;j--)								//Construct last 4 bytes of array volume[] to be send via I2C to DSP
		{
			volume[j-1] = temp_volume;					//Copy 8 Bits of 32 bit value currentvolume into 1 byte of I2C transmission array
			temp_volume = temp_volume >> 8;				//Shift by 8 to move next byte onto correct place for byte copy
		}
		volume[0] = volreg;
    2ed4:	14 e2       	ldi	r17, 0x24	; 36
					
		
		update_levels();
		_delay_ms(500);
		
		if (!(PORTD.IN & (1<<6)))										//wait for SBUF signal from display to get low
    2ed6:	0f 2e       	mov	r0, r31
    2ed8:	f0 e6       	ldi	r31, 0x60	; 96
    2eda:	cf 2e       	mov	r12, r31
    2edc:	f6 e0       	ldi	r31, 0x06	; 6
    2ede:	df 2e       	mov	r13, r31
    2ee0:	f0 2d       	mov	r31, r0
    2ee2:	34 c0       	rjmp	.+104    	; 0x2f4c <volumeup+0x122>
	{
		startvolume = startvolume << 8;						//Bit shift by 8 to move already stored information a whole byte to the left
		startvolume |= twiDSP.readData[i];					//Add via or next byte of DSP volume info to 32 bit variable startvolume
	}
			
	for (lut_start=0;lut_start<115;lut_start++)
    2ee4:	8f 5f       	subi	r24, 0xFF	; 255
    2ee6:	83 37       	cpi	r24, 0x73	; 115
    2ee8:	29 f7       	brne	.-54     	; 0x2eb4 <volumeup+0x8a>
    2eea:	80 93 a5 2c 	sts	0x2CA5, r24	; 0x802ca5 <lut_start.4335>
    2eee:	ef cf       	rjmp	.-34     	; 0x2ece <volumeup+0xa4>
	}
		
		
	while(currentvolume > 0)
	{
		currentvolume = currentvolume - 1;
    2ef0:	e1 50       	subi	r30, 0x01	; 1
    2ef2:	e0 93 a4 2c 	sts	0x2CA4, r30	; 0x802ca4 <currentvolume.4336>
		
		temp_volume = lut_volume[currentvolume];
    2ef6:	f0 e0       	ldi	r31, 0x00	; 0
    2ef8:	ee 0f       	add	r30, r30
    2efa:	ff 1f       	adc	r31, r31
    2efc:	ee 0f       	add	r30, r30
    2efe:	ff 1f       	adc	r31, r31
    2f00:	ee 53       	subi	r30, 0x3E	; 62
    2f02:	fb 4d       	sbci	r31, 0xDB	; 219
    2f04:	80 81       	ld	r24, Z
    2f06:	91 81       	ldd	r25, Z+1	; 0x01
    2f08:	a2 81       	ldd	r26, Z+2	; 0x02
    2f0a:	b3 81       	ldd	r27, Z+3	; 0x03
    2f0c:	fe 01       	movw	r30, r28
    2f0e:	36 96       	adiw	r30, 0x06	; 6
		for (j=5;j>0;j--)								//Construct last 4 bytes of array volume[] to be send via I2C to DSP
		{
			volume[j-1] = temp_volume;					//Copy 8 Bits of 32 bit value currentvolume into 1 byte of I2C transmission array
    2f10:	82 93       	st	-Z, r24
			temp_volume = temp_volume >> 8;				//Shift by 8 to move next byte onto correct place for byte copy
    2f12:	89 2f       	mov	r24, r25
    2f14:	9a 2f       	mov	r25, r26
    2f16:	ab 2f       	mov	r26, r27
    2f18:	bb 27       	eor	r27, r27
	while(currentvolume > 0)
	{
		currentvolume = currentvolume - 1;
		
		temp_volume = lut_volume[currentvolume];
		for (j=5;j>0;j--)								//Construct last 4 bytes of array volume[] to be send via I2C to DSP
    2f1a:	ee 16       	cp	r14, r30
    2f1c:	ff 06       	cpc	r15, r31
    2f1e:	c1 f7       	brne	.-16     	; 0x2f10 <volumeup+0xe6>
		{
			volume[j-1] = temp_volume;					//Copy 8 Bits of 32 bit value currentvolume into 1 byte of I2C transmission array
			temp_volume = temp_volume >> 8;				//Shift by 8 to move next byte onto correct place for byte copy
		}
		volume[0] = volreg;
    2f20:	19 83       	std	Y+1, r17	; 0x01
					
		//Send new master volume level to DSP
		TWI_MasterWriteRead(&twiDSP, TWI_SLAVE_DSP_W, &volume[0], 5,0);
    2f22:	00 e0       	ldi	r16, 0x00	; 0
    2f24:	25 e0       	ldi	r18, 0x05	; 5
    2f26:	a7 01       	movw	r20, r14
    2f28:	68 e6       	ldi	r22, 0x68	; 104
    2f2a:	85 e0       	ldi	r24, 0x05	; 5
    2f2c:	9d e2       	ldi	r25, 0x2D	; 45
					
		
		update_levels();
    2f2e:	3e d3       	rcall	.+1660   	; 0x35ac <TWI_MasterWriteRead>
    2f30:	5e db       	rcall	.-2372   	; 0x25ee <update_levels>
    2f32:	9f ef       	ldi	r25, 0xFF	; 255
    2f34:	e3 ed       	ldi	r30, 0xD3	; 211
    2f36:	f0 e3       	ldi	r31, 0x30	; 48
    2f38:	91 50       	subi	r25, 0x01	; 1
    2f3a:	e0 40       	sbci	r30, 0x00	; 0
    2f3c:	f0 40       	sbci	r31, 0x00	; 0
    2f3e:	e1 f7       	brne	.-8      	; 0x2f38 <volumeup+0x10e>
    2f40:	00 c0       	rjmp	.+0      	; 0x2f42 <volumeup+0x118>
    2f42:	00 00       	nop
		_delay_ms(500);
		
		if (!(PORTD.IN & (1<<6)))										//wait for SBUF signal from display to get low
    2f44:	f6 01       	movw	r30, r12
    2f46:	80 85       	ldd	r24, Z+8	; 0x08
    2f48:	86 ff       	sbrs	r24, 6
    2f4a:	09 c0       	rjmp	.+18     	; 0x2f5e <volumeup+0x134>
		break;	
		}
	}
		
		
	while(currentvolume > 0)
    2f4c:	e0 91 a4 2c 	lds	r30, 0x2CA4	; 0x802ca4 <currentvolume.4336>
    2f50:	e1 11       	cpse	r30, r1
    2f52:	ce cf       	rjmp	.-100    	; 0x2ef0 <volumeup+0xc6>
    2f54:	04 c0       	rjmp	.+8      	; 0x2f5e <volumeup+0x134>
    2f56:	e6 ec       	ldi	r30, 0xC6	; 198
    2f58:	f4 e2       	ldi	r31, 0x24	; 36
	{
		startvolume = startvolume << 8;						//Bit shift by 8 to move already stored information a whole byte to the left
		startvolume |= twiDSP.readData[i];					//Add via or next byte of DSP volume info to 32 bit variable startvolume
	}
			
	for (lut_start=0;lut_start<115;lut_start++)
    2f5a:	81 e0       	ldi	r24, 0x01	; 1
    2f5c:	ab cf       	rjmp	.-170    	; 0x2eb4 <volumeup+0x8a>
		{
			break;
		}
		
	}
}
    2f5e:	25 96       	adiw	r28, 0x05	; 5
    2f60:	cd bf       	out	0x3d, r28	; 61
    2f62:	de bf       	out	0x3e, r29	; 62
    2f64:	df 91       	pop	r29
    2f66:	cf 91       	pop	r28
    2f68:	1f 91       	pop	r17
    2f6a:	0f 91       	pop	r16
    2f6c:	ff 90       	pop	r15
    2f6e:	ef 90       	pop	r14
    2f70:	df 90       	pop	r13
    2f72:	cf 90       	pop	r12
    2f74:	08 95       	ret

00002f76 <volumedown>:


void volumedown()
{
    2f76:	cf 92       	push	r12
    2f78:	df 92       	push	r13
    2f7a:	ef 92       	push	r14
    2f7c:	ff 92       	push	r15
    2f7e:	0f 93       	push	r16
    2f80:	1f 93       	push	r17
    2f82:	cf 93       	push	r28
    2f84:	df 93       	push	r29
    2f86:	cd b7       	in	r28, 0x3d	; 61
    2f88:	de b7       	in	r29, 0x3e	; 62
    2f8a:	25 97       	sbiw	r28, 0x05	; 5
    2f8c:	cd bf       	out	0x3d, r28	; 61
    2f8e:	de bf       	out	0x3e, r29	; 62
	
	uint8_t volume[5] = {volreg,0x00,0x00,0x00,0x00};			//PPS mapped address for master volume control
    2f90:	84 e2       	ldi	r24, 0x24	; 36
    2f92:	89 83       	std	Y+1, r24	; 0x01
    2f94:	1a 82       	std	Y+2, r1	; 0x02
    2f96:	1b 82       	std	Y+3, r1	; 0x03
    2f98:	1c 82       	std	Y+4, r1	; 0x04
    2f9a:	1d 82       	std	Y+5, r1	; 0x05
	uint32_t temp_volume = 0;
	uint8_t i=0;
	uint8_t j=0;
	
	
	TWI_MasterWriteRead(&twiDSP, TWI_SLAVE_DSP_W, &volume[0], 1,4);
    2f9c:	04 e0       	ldi	r16, 0x04	; 4
    2f9e:	21 e0       	ldi	r18, 0x01	; 1
    2fa0:	ae 01       	movw	r20, r28
    2fa2:	4f 5f       	subi	r20, 0xFF	; 255
    2fa4:	5f 4f       	sbci	r21, 0xFF	; 255
    2fa6:	68 e6       	ldi	r22, 0x68	; 104
    2fa8:	85 e0       	ldi	r24, 0x05	; 5
    2faa:	9d e2       	ldi	r25, 0x2D	; 45
    2fac:	ff d2       	rcall	.+1534   	; 0x35ac <TWI_MasterWriteRead>

	
	//Get to know where from which volume we are starting
	//Need to construct a 32 bit integer for volume level calculation from 4 single byte read via I2C from DSP
	startvolume = twiDSP.readData[0];						//Copy first byte into 32 bit variable startvolume
    2fae:	e5 e0       	ldi	r30, 0x05	; 5
    2fb0:	fd e2       	ldi	r31, 0x2D	; 45
    2fb2:	23 a1       	ldd	r18, Z+35	; 0x23
	for (i=1;i<4;i++)										//Repeat next steps 3 times starting at i=1 because we need already second bit from DSP
	{
		startvolume = startvolume << 8;						//Bit shift by 8 to move already stored information a whole byte to the left
		startvolume |= twiDSP.readData[i];					//Add via or next byte of DSP volume info to 32 bit variable startvolume
    2fb4:	44 a1       	ldd	r20, Z+36	; 0x24
    2fb6:	95 a1       	ldd	r25, Z+37	; 0x25
    2fb8:	86 a1       	ldd	r24, Z+38	; 0x26
    2fba:	50 e0       	ldi	r21, 0x00	; 0
    2fbc:	60 e0       	ldi	r22, 0x00	; 0
    2fbe:	70 e0       	ldi	r23, 0x00	; 0
    2fc0:	52 2b       	or	r21, r18
    2fc2:	76 2f       	mov	r23, r22
    2fc4:	65 2f       	mov	r22, r21
    2fc6:	54 2f       	mov	r21, r20
    2fc8:	44 27       	eor	r20, r20
    2fca:	49 2b       	or	r20, r25
    2fcc:	76 2f       	mov	r23, r22
    2fce:	65 2f       	mov	r22, r21
    2fd0:	54 2f       	mov	r21, r20
    2fd2:	44 27       	eor	r20, r20
    2fd4:	48 2b       	or	r20, r24
    2fd6:	40 93 a0 2c 	sts	0x2CA0, r20	; 0x802ca0 <startvolume.4355>
    2fda:	50 93 a1 2c 	sts	0x2CA1, r21	; 0x802ca1 <startvolume.4355+0x1>
    2fde:	60 93 a2 2c 	sts	0x2CA2, r22	; 0x802ca2 <startvolume.4355+0x2>
    2fe2:	70 93 a3 2c 	sts	0x2CA3, r23	; 0x802ca3 <startvolume.4355+0x3>
	}
	
	for (lut_start=0;lut_start<115;lut_start++)
	{
		if(startvolume == lut_volume[lut_start])
    2fe6:	4d 3c       	cpi	r20, 0xCD	; 205
    2fe8:	29 ea       	ldi	r18, 0xA9	; 169
    2fea:	52 07       	cpc	r21, r18
    2fec:	2c ee       	ldi	r18, 0xEC	; 236
    2fee:	62 07       	cpc	r22, r18
    2ff0:	27 e0       	ldi	r18, 0x07	; 7
    2ff2:	72 07       	cpc	r23, r18
    2ff4:	09 f0       	breq	.+2      	; 0x2ff8 <volumedown+0x82>
    2ff6:	55 c0       	rjmp	.+170    	; 0x30a2 <volumedown+0x12c>
	{
		startvolume = startvolume << 8;						//Bit shift by 8 to move already stored information a whole byte to the left
		startvolume |= twiDSP.readData[i];					//Add via or next byte of DSP volume info to 32 bit variable startvolume
	}
	
	for (lut_start=0;lut_start<115;lut_start++)
    2ff8:	10 92 9f 2c 	sts	0x2C9F, r1	; 0x802c9f <lut_start.4356>
    2ffc:	80 e0       	ldi	r24, 0x00	; 0
    2ffe:	0b c0       	rjmp	.+22     	; 0x3016 <volumedown+0xa0>
	{
		if(startvolume == lut_volume[lut_start])
    3000:	c1 90       	ld	r12, Z+
    3002:	d1 90       	ld	r13, Z+
    3004:	e1 90       	ld	r14, Z+
    3006:	f1 90       	ld	r15, Z+
    3008:	4c 15       	cp	r20, r12
    300a:	5d 05       	cpc	r21, r13
    300c:	6e 05       	cpc	r22, r14
    300e:	7f 05       	cpc	r23, r15
    3010:	79 f4       	brne	.+30     	; 0x3030 <volumedown+0xba>
    3012:	80 93 9f 2c 	sts	0x2C9F, r24	; 0x802c9f <lut_start.4356>
			{
				currentvolume = lut_start;
    3016:	80 93 9e 2c 	sts	0x2C9E, r24	; 0x802c9e <currentvolume.4357>
    301a:	ce 01       	movw	r24, r28
    301c:	01 96       	adiw	r24, 0x01	; 1
    301e:	7c 01       	movw	r14, r24
	    for (j=5;j>0;j--)								//Construct last 4 bytes of array volume[] to be send via I2C to DSP
	    {
		    volume[j-1] = temp_volume;					//Copy 8 Bits of 32 bit value currentvolume into 1 byte of I2C transmission array
		    temp_volume = temp_volume >> 8;				//Shift by 8 to move next byte onto correct place for byte copy
	    }
	    volume[0] = volreg;
    3020:	14 e2       	ldi	r17, 0x24	; 36
	    TWI_MasterWriteRead(&twiDSP, TWI_SLAVE_DSP_W, &volume[0], 5,0);
		
		update_levels();
		_delay_ms(500);
		
		if (!(PORTD.IN & (1<<6)))										//wait for SBUF signal from display to get low
    3022:	0f 2e       	mov	r0, r31
    3024:	f0 e6       	ldi	r31, 0x60	; 96
    3026:	cf 2e       	mov	r12, r31
    3028:	f6 e0       	ldi	r31, 0x06	; 6
    302a:	df 2e       	mov	r13, r31
    302c:	f0 2d       	mov	r31, r0
    302e:	34 c0       	rjmp	.+104    	; 0x3098 <volumedown+0x122>
	{
		startvolume = startvolume << 8;						//Bit shift by 8 to move already stored information a whole byte to the left
		startvolume |= twiDSP.readData[i];					//Add via or next byte of DSP volume info to 32 bit variable startvolume
	}
	
	for (lut_start=0;lut_start<115;lut_start++)
    3030:	8f 5f       	subi	r24, 0xFF	; 255
    3032:	83 37       	cpi	r24, 0x73	; 115
    3034:	29 f7       	brne	.-54     	; 0x3000 <volumedown+0x8a>
    3036:	80 93 9f 2c 	sts	0x2C9F, r24	; 0x802c9f <lut_start.4356>
    303a:	ef cf       	rjmp	.-34     	; 0x301a <volumedown+0xa4>
	
	
	
    while(currentvolume < 114)
    {
	    currentvolume = currentvolume + 1;
    303c:	ef 5f       	subi	r30, 0xFF	; 255
    303e:	e0 93 9e 2c 	sts	0x2C9E, r30	; 0x802c9e <currentvolume.4357>
	    
	    temp_volume = lut_volume[currentvolume];
    3042:	f0 e0       	ldi	r31, 0x00	; 0
    3044:	ee 0f       	add	r30, r30
    3046:	ff 1f       	adc	r31, r31
    3048:	ee 0f       	add	r30, r30
    304a:	ff 1f       	adc	r31, r31
    304c:	ee 53       	subi	r30, 0x3E	; 62
    304e:	fb 4d       	sbci	r31, 0xDB	; 219
    3050:	80 81       	ld	r24, Z
    3052:	91 81       	ldd	r25, Z+1	; 0x01
    3054:	a2 81       	ldd	r26, Z+2	; 0x02
    3056:	b3 81       	ldd	r27, Z+3	; 0x03
    3058:	fe 01       	movw	r30, r28
    305a:	36 96       	adiw	r30, 0x06	; 6
	    for (j=5;j>0;j--)								//Construct last 4 bytes of array volume[] to be send via I2C to DSP
	    {
		    volume[j-1] = temp_volume;					//Copy 8 Bits of 32 bit value currentvolume into 1 byte of I2C transmission array
    305c:	82 93       	st	-Z, r24
		    temp_volume = temp_volume >> 8;				//Shift by 8 to move next byte onto correct place for byte copy
    305e:	89 2f       	mov	r24, r25
    3060:	9a 2f       	mov	r25, r26
    3062:	ab 2f       	mov	r26, r27
    3064:	bb 27       	eor	r27, r27
    while(currentvolume < 114)
    {
	    currentvolume = currentvolume + 1;
	    
	    temp_volume = lut_volume[currentvolume];
	    for (j=5;j>0;j--)								//Construct last 4 bytes of array volume[] to be send via I2C to DSP
    3066:	ee 16       	cp	r14, r30
    3068:	ff 06       	cpc	r15, r31
    306a:	c1 f7       	brne	.-16     	; 0x305c <volumedown+0xe6>
	    {
		    volume[j-1] = temp_volume;					//Copy 8 Bits of 32 bit value currentvolume into 1 byte of I2C transmission array
		    temp_volume = temp_volume >> 8;				//Shift by 8 to move next byte onto correct place for byte copy
	    }
	    volume[0] = volreg;
    306c:	19 83       	std	Y+1, r17	; 0x01
		
	    //Send new master volume level to DSP
	    TWI_MasterWriteRead(&twiDSP, TWI_SLAVE_DSP_W, &volume[0], 5,0);
    306e:	00 e0       	ldi	r16, 0x00	; 0
    3070:	25 e0       	ldi	r18, 0x05	; 5
    3072:	a7 01       	movw	r20, r14
    3074:	68 e6       	ldi	r22, 0x68	; 104
    3076:	85 e0       	ldi	r24, 0x05	; 5
    3078:	9d e2       	ldi	r25, 0x2D	; 45
		
		update_levels();
    307a:	98 d2       	rcall	.+1328   	; 0x35ac <TWI_MasterWriteRead>
    307c:	b8 da       	rcall	.-2704   	; 0x25ee <update_levels>
    307e:	9f ef       	ldi	r25, 0xFF	; 255
    3080:	e3 ed       	ldi	r30, 0xD3	; 211
    3082:	f0 e3       	ldi	r31, 0x30	; 48
    3084:	91 50       	subi	r25, 0x01	; 1
    3086:	e0 40       	sbci	r30, 0x00	; 0
    3088:	f0 40       	sbci	r31, 0x00	; 0
    308a:	e1 f7       	brne	.-8      	; 0x3084 <volumedown+0x10e>
    308c:	00 c0       	rjmp	.+0      	; 0x308e <volumedown+0x118>
    308e:	00 00       	nop
		_delay_ms(500);
		
		if (!(PORTD.IN & (1<<6)))										//wait for SBUF signal from display to get low
    3090:	f6 01       	movw	r30, r12
    3092:	80 85       	ldd	r24, Z+8	; 0x08
    3094:	86 ff       	sbrs	r24, 6
    3096:	09 c0       	rjmp	.+18     	; 0x30aa <volumedown+0x134>

	}
	
	
	
    while(currentvolume < 114)
    3098:	e0 91 9e 2c 	lds	r30, 0x2C9E	; 0x802c9e <currentvolume.4357>
    309c:	e2 37       	cpi	r30, 0x72	; 114
    309e:	70 f2       	brcs	.-100    	; 0x303c <volumedown+0xc6>
    30a0:	04 c0       	rjmp	.+8      	; 0x30aa <volumedown+0x134>
    30a2:	e6 ec       	ldi	r30, 0xC6	; 198
    30a4:	f4 e2       	ldi	r31, 0x24	; 36
	{
		startvolume = startvolume << 8;						//Bit shift by 8 to move already stored information a whole byte to the left
		startvolume |= twiDSP.readData[i];					//Add via or next byte of DSP volume info to 32 bit variable startvolume
	}
	
	for (lut_start=0;lut_start<115;lut_start++)
    30a6:	81 e0       	ldi	r24, 0x01	; 1
    30a8:	ab cf       	rjmp	.-170    	; 0x3000 <volumedown+0x8a>
		if (!(PORTD.IN & (1<<6)))										//wait for SBUF signal from display to get low
		{
			break;
		}
    }
    30aa:	25 96       	adiw	r28, 0x05	; 5
    30ac:	cd bf       	out	0x3d, r28	; 61
    30ae:	de bf       	out	0x3e, r29	; 62
    30b0:	df 91       	pop	r29
    30b2:	cf 91       	pop	r28
    30b4:	1f 91       	pop	r17
    30b6:	0f 91       	pop	r16
    30b8:	ff 90       	pop	r15
    30ba:	ef 90       	pop	r14
    30bc:	df 90       	pop	r13
    30be:	cf 90       	pop	r12
    30c0:	08 95       	ret

000030c2 <InitFloatAvg>:
#include "Mathe.h"
#include <stdlib.h>
#include <avr/io.h>

void InitFloatAvg(tFloatAvgFilter * io_pFloatAvgFilter, tFloatAvgType i_DefaultValue)
{
    30c2:	fc 01       	movw	r30, r24
	// Fill the buffer with initial values:
	for (uint8_t i = 0; i < SIZE_OF_AVG; ++i)
	{
		io_pFloatAvgFilter->aData[i] = i_DefaultValue;
    30c4:	60 83       	st	Z, r22
    30c6:	61 83       	std	Z+1, r22	; 0x01
    30c8:	62 83       	std	Z+2, r22	; 0x02
    30ca:	63 83       	std	Z+3, r22	; 0x03
    30cc:	64 83       	std	Z+4, r22	; 0x04
	}
	// The next value shall be written at the start of the buffer:
	io_pFloatAvgFilter->IndexNextValue = 0;
    30ce:	15 82       	std	Z+5, r1	; 0x05
    30d0:	08 95       	ret

000030d2 <AddToFloatAvg>:
}


void AddToFloatAvg(tFloatAvgFilter * io_pFloatAvgFilter, tFloatAvgType i_NewValue)
{
    30d2:	fc 01       	movw	r30, r24
	// Put new value to specific position in buffer
	io_pFloatAvgFilter->aData[io_pFloatAvgFilter->IndexNextValue] =
    30d4:	25 81       	ldd	r18, Z+5	; 0x05
    30d6:	dc 01       	movw	r26, r24
    30d8:	a2 0f       	add	r26, r18
    30da:	b1 1d       	adc	r27, r1
    30dc:	6c 93       	st	X, r22
	i_NewValue;
	// Increase specific position for next value 
	io_pFloatAvgFilter->IndexNextValue++;
	// When specific position is at end of buffer restart ring buffer
	io_pFloatAvgFilter->IndexNextValue %= SIZE_OF_AVG;
    30de:	2f 5f       	subi	r18, 0xFF	; 255
    30e0:	9d ec       	ldi	r25, 0xCD	; 205
    30e2:	29 9f       	mul	r18, r25
    30e4:	91 2d       	mov	r25, r1
    30e6:	11 24       	eor	r1, r1
    30e8:	96 95       	lsr	r25
    30ea:	96 95       	lsr	r25
    30ec:	89 2f       	mov	r24, r25
    30ee:	88 0f       	add	r24, r24
    30f0:	88 0f       	add	r24, r24
    30f2:	98 0f       	add	r25, r24
    30f4:	29 1b       	sub	r18, r25
    30f6:	25 83       	std	Z+5, r18	; 0x05
    30f8:	08 95       	ret

000030fa <GetOutputValue>:
}


tFloatAvgType GetOutputValue(tFloatAvgFilter * io_pFloatAvgFilter)
{
    30fa:	fc 01       	movw	r30, r24
    30fc:	ac 01       	movw	r20, r24
    30fe:	4b 5f       	subi	r20, 0xFB	; 251
    3100:	5f 4f       	sbci	r21, 0xFF	; 255
	tTempSumType TempSum = 0;
    3102:	20 e0       	ldi	r18, 0x00	; 0
    3104:	30 e0       	ldi	r19, 0x00	; 0
	// calculate floating mean value
	for (uint8_t i = 0; i < SIZE_OF_AVG; ++i)
	{
		TempSum += io_pFloatAvgFilter->aData[i];
    3106:	81 91       	ld	r24, Z+
    3108:	28 0f       	add	r18, r24
    310a:	31 1d       	adc	r19, r1

tFloatAvgType GetOutputValue(tFloatAvgFilter * io_pFloatAvgFilter)
{
	tTempSumType TempSum = 0;
	// calculate floating mean value
	for (uint8_t i = 0; i < SIZE_OF_AVG; ++i)
    310c:	e4 17       	cp	r30, r20
    310e:	f5 07       	cpc	r31, r21
    3110:	d1 f7       	brne	.-12     	; 0x3106 <GetOutputValue+0xc>
	{
		TempSum += io_pFloatAvgFilter->aData[i];
	}
	// Cast is ok if tFloatAvgType and tTempSumType where choosen correctly	
	tFloatAvgType o_Result = (tFloatAvgType) (TempSum / SIZE_OF_AVG);
	return o_Result;
    3112:	ad ec       	ldi	r26, 0xCD	; 205
    3114:	bc ec       	ldi	r27, 0xCC	; 204
    3116:	44 d4       	rcall	.+2184   	; 0x39a0 <__umulhisi3>
    3118:	96 95       	lsr	r25
    311a:	87 95       	ror	r24
    311c:	96 95       	lsr	r25
    311e:	87 95       	ror	r24
    3120:	08 95       	ret

00003122 <Clock_init>:
 * Select external 16 MHz crystal for clock source
 */ 
void Clock_init(void)
{
	//Xosc Bit 7&6 to 11 | Bit 3 to 0 as 1011
	OSC.XOSCCTRL = OSC_FRQRANGE_12TO16_gc | OSC_XOSCSEL_XTAL_16KCLK_gc;
    3122:	e0 e5       	ldi	r30, 0x50	; 80
    3124:	f0 e0       	ldi	r31, 0x00	; 0
    3126:	8b ec       	ldi	r24, 0xCB	; 203
    3128:	82 83       	std	Z+2, r24	; 0x02
	//Bit 3 to 1 to enable external oscillator
	OSC.CTRL |= OSC_XOSCEN_bm;
    312a:	80 81       	ld	r24, Z
    312c:	88 60       	ori	r24, 0x08	; 8
    312e:	80 83       	st	Z, r24
	//wait for stable clock
	while(!(OSC.STATUS & OSC_XOSCRDY_bm));
    3130:	81 81       	ldd	r24, Z+1	; 0x01
    3132:	83 ff       	sbrs	r24, 3
    3134:	fd cf       	rjmp	.-6      	; 0x3130 <Clock_init+0xe>
	//Disable register protection for 4 clocks
	CCP = CCP_IOREG_gc;
    3136:	88 ed       	ldi	r24, 0xD8	; 216
    3138:	84 bf       	out	0x34, r24	; 52
	//Set Bit 2:0 to 011 for external oscillator
	CLK.CTRL = CLK_SCLKSEL_XOSC_gc;
    313a:	83 e0       	ldi	r24, 0x03	; 3
    313c:	80 93 40 00 	sts	0x0040, r24	; 0x800040 <__TEXT_REGION_LENGTH__+0x7be040>
    3140:	08 95       	ret

00003142 <PLL_init>:
* Double clock rate to 32 MHz via internal PLL
*/  
void PLL_init(void)
{
	//Bit 7:0 to 11 for external oscillator as PLL source | 2 as multiplication value
	OSC.PLLCTRL = OSC_PLLSRC_XOSC_gc | 0x02;
    3142:	e0 e5       	ldi	r30, 0x50	; 80
    3144:	f0 e0       	ldi	r31, 0x00	; 0
    3146:	82 ec       	ldi	r24, 0xC2	; 194
    3148:	85 83       	std	Z+5, r24	; 0x05
	//enable PLL
	OSC.CTRL |= OSC_PLLEN_bm;
    314a:	80 81       	ld	r24, Z
    314c:	80 61       	ori	r24, 0x10	; 16
    314e:	80 83       	st	Z, r24
	//wait for stable oscillation
	while (!(OSC.STATUS & OSC_PLLRDY_bm));
    3150:	81 81       	ldd	r24, Z+1	; 0x01
    3152:	84 ff       	sbrs	r24, 4
    3154:	fd cf       	rjmp	.-6      	; 0x3150 <PLL_init+0xe>
	//Disable register protection for 4 clocks
	CCP = CCP_IOREG_gc;
    3156:	88 ed       	ldi	r24, 0xD8	; 216
    3158:	84 bf       	out	0x34, r24	; 52
	//Set Bit 2:0 for PLL as clock source
	CLK.CTRL = CLK_SCLKSEL_PLL_gc;
    315a:	84 e0       	ldi	r24, 0x04	; 4
    315c:	80 93 40 00 	sts	0x0040, r24	; 0x800040 <__TEXT_REGION_LENGTH__+0x7be040>
    3160:	08 95       	ret

00003162 <Port_init>:
/*
* Port_init
* I/O Configuration of ports
*/
void Port_init(void)
{
    3162:	cf 93       	push	r28
    3164:	df 93       	push	r29
		//Set Port Directions
		PORTA.DIR &= ~PIN1_bm;									//Pin A0 as Input for ADC
    3166:	e0 e0       	ldi	r30, 0x00	; 0
    3168:	f6 e0       	ldi	r31, 0x06	; 6
    316a:	80 81       	ld	r24, Z
    316c:	8d 7f       	andi	r24, 0xFD	; 253
    316e:	80 83       	st	Z, r24
		PORTA.DIR |= PIN6_bm;									//Pin A6 as Output to enable Line-Out IC
    3170:	80 81       	ld	r24, Z
    3172:	80 64       	ori	r24, 0x40	; 64
    3174:	80 83       	st	Z, r24
		PORTC.DIR |= PIN5_bm;									//Pin C5 as Output to reset DSP
    3176:	c0 e4       	ldi	r28, 0x40	; 64
    3178:	d6 e0       	ldi	r29, 0x06	; 6
    317a:	88 81       	ld	r24, Y
    317c:	80 62       	ori	r24, 0x20	; 32
    317e:	88 83       	st	Y, r24
		PORTD.DIR |= PIN0_bm;									//Pin D0 as Output for audio switch
    3180:	e0 e6       	ldi	r30, 0x60	; 96
    3182:	f6 e0       	ldi	r31, 0x06	; 6
    3184:	80 81       	ld	r24, Z
    3186:	81 60       	ori	r24, 0x01	; 1
    3188:	80 83       	st	Z, r24
		PORTD.DIR |= PIN1_bm;									//Pin D1 as Output for audio switch
    318a:	80 81       	ld	r24, Z
    318c:	82 60       	ori	r24, 0x02	; 2
    318e:	80 83       	st	Z, r24
		PORTD.DIR |= PIN5_bm;									//PIN D5 as Output for Error Display Comm LED
    3190:	80 81       	ld	r24, Z
    3192:	80 62       	ori	r24, 0x20	; 32
    3194:	80 83       	st	Z, r24
		PORTD.DIR &= ~PIN6_bm;									//Pin D6 as Input for Display SBUF Interrupt
    3196:	80 81       	ld	r24, Z
    3198:	8f 7b       	andi	r24, 0xBF	; 191
    319a:	80 83       	st	Z, r24
		PORTD.DIR |= PIN7_bm;									//Pin D7 as Output
    319c:	80 81       	ld	r24, Z
    319e:	80 68       	ori	r24, 0x80	; 128
    31a0:	80 83       	st	Z, r24
		PORTE.DIR |= PIN6_bm;									//Pin E6 as Output
    31a2:	a0 e8       	ldi	r26, 0x80	; 128
    31a4:	b6 e0       	ldi	r27, 0x06	; 6
    31a6:	8c 91       	ld	r24, X
    31a8:	80 64       	ori	r24, 0x40	; 64
    31aa:	8c 93       	st	X, r24
		PORTE.DIR |= PIN7_bm;									//Pin E7 as Output
    31ac:	8c 91       	ld	r24, X
    31ae:	80 68       	ori	r24, 0x80	; 128
    31b0:	8c 93       	st	X, r24
		//Set Output Levels
		PORTC.OUTCLR = PIN5_bm;									//Pin C5 to Low = Force Reset DSP
    31b2:	80 e2       	ldi	r24, 0x20	; 32
    31b4:	8e 83       	std	Y+6, r24	; 0x06
		PORTD.OUTCLR = PIN7_bm;									//Pin D7 to Low = Force Reset Display
    31b6:	80 e8       	ldi	r24, 0x80	; 128
    31b8:	86 83       	std	Z+6, r24	; 0x06
		PORTE.OUTSET |= PIN6_bm;								//Port E to Output and High for routing Uart to SP3T Output
    31ba:	15 96       	adiw	r26, 0x05	; 5
    31bc:	8c 91       	ld	r24, X
    31be:	15 97       	sbiw	r26, 0x05	; 5
    31c0:	80 64       	ori	r24, 0x40	; 64
    31c2:	15 96       	adiw	r26, 0x05	; 5
    31c4:	8c 93       	st	X, r24
}
    31c6:	df 91       	pop	r29
    31c8:	cf 91       	pop	r28
    31ca:	08 95       	ret

000031cc <Timer_init>:
/*
* Timer_init
* Configure Timer C0 to interrupt all 100ms
*/
void Timer_init(void){
	TCC0.CTRLA = TC_CLKSEL_DIV1024_gc;							//Set prescaler to 1024 (1(32MHz / 1024) = 32µs per tick)
    31cc:	e0 e0       	ldi	r30, 0x00	; 0
    31ce:	f8 e0       	ldi	r31, 0x08	; 8
    31d0:	87 e0       	ldi	r24, 0x07	; 7
    31d2:	80 83       	st	Z, r24
	TCC0.CTRLB = TC_WGMODE_NORMAL_gc;							//Normal mode count from 0 to Per Register value
    31d4:	11 82       	std	Z+1, r1	; 0x01
	TCC0.INTCTRLA = TC_OVFINTLVL_LO_gc;							//Lo Interrupt level
    31d6:	81 e0       	ldi	r24, 0x01	; 1
    31d8:	86 83       	std	Z+6, r24	; 0x06
	TCC0.PER = 3125;											//100 ms / 32µs = 3125 ticks
    31da:	85 e3       	ldi	r24, 0x35	; 53
    31dc:	9c e0       	ldi	r25, 0x0C	; 12
    31de:	86 a3       	std	Z+38, r24	; 0x26
    31e0:	97 a3       	std	Z+39, r25	; 0x27
    31e2:	08 95       	ret

000031e4 <main>:
}


int main(void)
{
	Clock_init();												//Start-Up external crystal
    31e4:	9e df       	rcall	.-196    	; 0x3122 <Clock_init>
	PLL_init();													//Use PLL to generate 32 MHz tact from external crystal
    31e6:	ad df       	rcall	.-166    	; 0x3142 <PLL_init>
	Port_init();												//Configurations of GPIO
    31e8:	bc df       	rcall	.-136    	; 0x3162 <Port_init>
	Timer_init();												//Set Timer for DSP data update interval
    31ea:	f0 df       	rcall	.-32     	; 0x31cc <Timer_init>
    31ec:	93 d3       	rcall	.+1830   	; 0x3914 <UsartC0_init>
	UsartC0_init();												//Configure USART C0 used for DMX transmission	
    31ee:	ab d3       	rcall	.+1878   	; 0x3946 <UsartC1_init>
    31f0:	0e 94 56 01 	call	0x2ac	; 0x2ac <ADCA_init>
	UsartC1_init();												//Configure USART C1 used for reception of external DMX signals					
	ADCA_init();												//Configure ADC Input used for random number generation
    31f4:	60 e0       	ldi	r22, 0x00	; 0
    31f6:	8f e4       	ldi	r24, 0x4F	; 79
	
	/* Initialize SL2 ring buffers for High, Mid and Low frequencies with 0 */
	InitFloatAvg(&FilterS2LHighValues,0);
    31f8:	9d e2       	ldi	r25, 0x2D	; 45
    31fa:	63 df       	rcall	.-314    	; 0x30c2 <InitFloatAvg>
    31fc:	60 e0       	ldi	r22, 0x00	; 0
    31fe:	85 e5       	ldi	r24, 0x55	; 85
	InitFloatAvg(&FilterS2LMidValues,0);
    3200:	9d e2       	ldi	r25, 0x2D	; 45
    3202:	5f df       	rcall	.-322    	; 0x30c2 <InitFloatAvg>
    3204:	60 e0       	ldi	r22, 0x00	; 0
    3206:	8b e5       	ldi	r24, 0x5B	; 91
	InitFloatAvg(&FilterS2LLowValues,0);
    3208:	9d e2       	ldi	r25, 0x2D	; 45
    320a:	5b df       	rcall	.-330    	; 0x30c2 <InitFloatAvg>
    320c:	2b e9       	ldi	r18, 0x9B	; 155
    320e:	40 e4       	ldi	r20, 0x40	; 64
	
	/* Initialize TWI master. */
	TWI_MasterInit(&twiLCD, &TWIE, TWI_MASTER_INTLVL_LO_gc, TWI_BAUDSETTING);
    3210:	60 ea       	ldi	r22, 0xA0	; 160
    3212:	74 e0       	ldi	r23, 0x04	; 4
    3214:	8b eb       	ldi	r24, 0xBB	; 187
    3216:	9c e2       	ldi	r25, 0x2C	; 44
    3218:	b8 d1       	rcall	.+880    	; 0x358a <TWI_MasterInit>
    321a:	2b e9       	ldi	r18, 0x9B	; 155
    321c:	40 e4       	ldi	r20, 0x40	; 64
	TWI_MasterInit(&twiDSP, &TWIC, TWI_MASTER_INTLVL_LO_gc, TWI_BAUDSETTING);
    321e:	60 e8       	ldi	r22, 0x80	; 128
    3220:	74 e0       	ldi	r23, 0x04	; 4
    3222:	85 e0       	ldi	r24, 0x05	; 5
    3224:	9d e2       	ldi	r25, 0x2D	; 45
    3226:	b1 d1       	rcall	.+866    	; 0x358a <TWI_MasterInit>
    3228:	e0 ea       	ldi	r30, 0xA0	; 160
    322a:	f0 e0       	ldi	r31, 0x00	; 0
    322c:	82 81       	ldd	r24, Z+2	; 0x02
	
	/* Enable LO interrupt level. */
	PMIC.CTRL |= PMIC_LOLVLEN_bm + PMIC_MEDLVLEN_bm;
    322e:	83 60       	ori	r24, 0x03	; 3
    3230:	82 83       	std	Z+2, r24	; 0x02
    3232:	78 94       	sei
    3234:	2f ef       	ldi	r18, 0xFF	; 255
    3236:	33 ec       	ldi	r19, 0xC3	; 195
	sei();
    3238:	89 e0       	ldi	r24, 0x09	; 9
    323a:	21 50       	subi	r18, 0x01	; 1
    323c:	30 40       	sbci	r19, 0x00	; 0
    323e:	80 40       	sbci	r24, 0x00	; 0
    3240:	e1 f7       	brne	.-8      	; 0x323a <main+0x56>
    3242:	00 c0       	rjmp	.+0      	; 0x3244 <main+0x60>
    3244:	00 00       	nop
    3246:	80 e2       	ldi	r24, 0x20	; 32
    3248:	80 93 45 06 	sts	0x0645, r24	; 0x800645 <__TEXT_REGION_LENGTH__+0x7be645>


	_delay_ms(100);														//Wait a little bit longer

	
	PORTC.OUTSET = PIN5_bm;												//Pin C5 to High = Release DSP from reset
    324c:	9f ef       	ldi	r25, 0xFF	; 255
    324e:	e3 ec       	ldi	r30, 0xC3	; 195
    3250:	f9 e0       	ldi	r31, 0x09	; 9
    3252:	91 50       	subi	r25, 0x01	; 1
    3254:	e0 40       	sbci	r30, 0x00	; 0
    3256:	f0 40       	sbci	r31, 0x00	; 0
    3258:	e1 f7       	brne	.-8      	; 0x3252 <main+0x6e>
    325a:	00 c0       	rjmp	.+0      	; 0x325c <main+0x78>
    325c:	00 00       	nop
    325e:	80 e8       	ldi	r24, 0x80	; 128
    3260:	80 93 65 06 	sts	0x0665, r24	; 0x800665 <__TEXT_REGION_LENGTH__+0x7be665>
	
	_delay_ms(100);														//Wait again for voltage supply to stabilize
	
	PORTD.OUTSET = PIN7_bm;												//Pin D7 to High = Release display from reset
    3264:	2f ef       	ldi	r18, 0xFF	; 255
    3266:	33 e2       	ldi	r19, 0x23	; 35
    3268:	84 ef       	ldi	r24, 0xF4	; 244
    326a:	90 e0       	ldi	r25, 0x00	; 0
    326c:	21 50       	subi	r18, 0x01	; 1
    326e:	30 40       	sbci	r19, 0x00	; 0
    3270:	80 40       	sbci	r24, 0x00	; 0
    3272:	90 40       	sbci	r25, 0x00	; 0
    3274:	d9 f7       	brne	.-10     	; 0x326c <main+0x88>
    3276:	00 c0       	rjmp	.+0      	; 0x3278 <main+0x94>
    3278:	00 00       	nop
    327a:	80 e4       	ldi	r24, 0x40	; 64
    327c:	80 93 05 06 	sts	0x0605, r24	; 0x800605 <__TEXT_REGION_LENGTH__+0x7be605>
	
	_delay_ms(3000);													//Wait 3 seconds to give display time to boot up
	
	PORTA.OUTSET = PIN6_bm;												//Pin A6 to High = Enable Line-Out
    3280:	80 e0       	ldi	r24, 0x00	; 0
    3282:	0e 94 3f 04 	call	0x87e	; 0x87e <switchdmxinput>
	
	switchdmxinput(PA_INTERNAL);										//Switch DMX output to USB/Internal as Default
    3286:	0e 94 11 11 	call	0x2222	; 0x2222 <draw_audio_menu>
																		
	draw_audio_menu();													//draw audio menu as default start-up page
    328a:	63 e0       	ldi	r22, 0x03	; 3
    328c:	83 e0       	ldi	r24, 0x03	; 3
	switchdspinput(3,3);												//select USB as default start-up audio source	
    328e:	d1 d9       	rcall	.-3166   	; 0x2632 <switchdspinput>
    3290:	05 e0       	ldi	r16, 0x05	; 5
    3292:	1d e2       	ldi	r17, 0x2D	; 45
    3294:	c0 e6       	ldi	r28, 0x60	; 96
			//only do the s2l when no other internal dmx function is activated
			if (!toogle_solid && !toogle_red && !toogle_blue && !toogle_green)
			{
			update_spectrum = 0;										//Clear update spectrum bit until next timer event
			spectrum(0);												//Sample a spectrum from the DSP but do not update display
			AddToFloatAvg(&FilterS2LHighValues,twiDSP.readData[5]);		//Add right channels to band specific mean values
    3296:	d6 e0       	ldi	r29, 0x06	; 6
    3298:	68 94       	set
		if(global_pa_source == PA_INTERNAL || toogle_solid || toogle_red || toogle_blue || toogle_green)		
		{
			solid_color();												//Generate DMX output according to display settings
			
		}
		if (!(PORTD.IN & (1<<6)))										//wait for SBUF signal from display to get low to indicate touch interaction
    329a:	ff 24       	eor	r15, r15
    329c:	f5 f8       	bld	r15, 5
				if(answerdecode())
				{
					CheckComm(1);										//Display answers right
				}
				else
				CheckComm(0);											//Display not answering
    329e:	80 91 9d 2c 	lds	r24, 0x2C9D	; 0x802c9d <selected_menu>
	switchdspinput(3,3);												//select USB as default start-up audio source	
		

	while(1)															//now we can read buttons back
	{
		if(selected_menu==1 && update_equilizer)						//Check if the audio menu is displayed
    32a2:	81 30       	cpi	r24, 0x01	; 1
    32a4:	51 f4       	brne	.+20     	; 0x32ba <main+0xd6>
    32a6:	80 91 ba 2c 	lds	r24, 0x2CBA	; 0x802cba <update_equilizer>
    32aa:	88 23       	and	r24, r24
    32ac:	31 f0       	breq	.+12     	; 0x32ba <main+0xd6>
    32ae:	10 92 ba 2c 	sts	0x2CBA, r1	; 0x802cba <update_equilizer>
		{	
			update_equilizer = 0;										//Clear update eq. bit until next timer event
    32b2:	81 e0       	ldi	r24, 0x01	; 1
			vumeter(1);													//Read and update display VU Meter graphs
    32b4:	8e db       	rcall	.-2276   	; 0x29d2 <vumeter>
    32b6:	81 e0       	ldi	r24, 0x01	; 1
    32b8:	f7 db       	rcall	.-2066   	; 0x2aa8 <spectrum>
			spectrum(1);												//Read and update display spectrum graphs
    32ba:	80 91 94 2c 	lds	r24, 0x2C94	; 0x802c94 <toogle_worklight>
    32be:	81 11       	cpse	r24, r1

		}
		if (toogle_worklight)											//If work light has been selected				
    32c0:	0e 94 87 04 	call	0x90e	; 0x90e <dmx_worklight>
    32c4:	80 91 93 2c 	lds	r24, 0x2C93	; 0x802c93 <toogle_s2l>
		{
			dmx_worklight();											//Constant DMX output to enable work lights
    32c8:	88 23       	and	r24, r24
		}
		
		if(toogle_s2l==1 && update_spectrum)							//If s2l is activated execute all 100 ms, but
    32ca:	09 f4       	brne	.+2      	; 0x32ce <main+0xea>
    32cc:	37 c0       	rjmp	.+110    	; 0x333c <main+0x158>
    32ce:	80 91 b9 2c 	lds	r24, 0x2CB9	; 0x802cb9 <update_spectrum>
    32d2:	88 23       	and	r24, r24
    32d4:	99 f1       	breq	.+102    	; 0x333c <main+0x158>
    32d6:	80 91 95 2c 	lds	r24, 0x2C95	; 0x802c95 <toogle_solid>
    32da:	81 11       	cpse	r24, r1
		{
			//only do the s2l when no other internal dmx function is activated
			if (!toogle_solid && !toogle_red && !toogle_blue && !toogle_green)
    32dc:	42 c0       	rjmp	.+132    	; 0x3362 <main+0x17e>
    32de:	80 91 98 2c 	lds	r24, 0x2C98	; 0x802c98 <toogle_red>
    32e2:	81 11       	cpse	r24, r1
    32e4:	51 c0       	rjmp	.+162    	; 0x3388 <main+0x1a4>
    32e6:	80 91 96 2c 	lds	r24, 0x2C96	; 0x802c96 <toogle_blue>
    32ea:	81 11       	cpse	r24, r1
    32ec:	52 c0       	rjmp	.+164    	; 0x3392 <main+0x1ae>
    32ee:	80 91 97 2c 	lds	r24, 0x2C97	; 0x802c97 <toogle_green>
    32f2:	81 11       	cpse	r24, r1
    32f4:	4e c0       	rjmp	.+156    	; 0x3392 <main+0x1ae>
			{
			update_spectrum = 0;										//Clear update spectrum bit until next timer event
    32f6:	10 92 b9 2c 	sts	0x2CB9, r1	; 0x802cb9 <update_spectrum>
			spectrum(0);												//Sample a spectrum from the DSP but do not update display
    32fa:	d6 db       	rcall	.-2132   	; 0x2aa8 <spectrum>
			AddToFloatAvg(&FilterS2LHighValues,twiDSP.readData[5]);		//Add right channels to band specific mean values
    32fc:	f8 01       	movw	r30, r16
    32fe:	60 a5       	ldd	r22, Z+40	; 0x28
    3300:	8f e4       	ldi	r24, 0x4F	; 79
    3302:	9d e2       	ldi	r25, 0x2D	; 45
    3304:	e6 de       	rcall	.-564    	; 0x30d2 <AddToFloatAvg>
			AddToFloatAvg(&FilterS2LHighValues,twiDSP.readData[12]);
    3306:	f8 01       	movw	r30, r16
    3308:	67 a5       	ldd	r22, Z+47	; 0x2f
    330a:	8f e4       	ldi	r24, 0x4F	; 79
    330c:	9d e2       	ldi	r25, 0x2D	; 45
    330e:	e1 de       	rcall	.-574    	; 0x30d2 <AddToFloatAvg>
			AddToFloatAvg(&FilterS2LMidValues,twiDSP.readData[3]);
    3310:	f8 01       	movw	r30, r16
    3312:	66 a1       	ldd	r22, Z+38	; 0x26
    3314:	85 e5       	ldi	r24, 0x55	; 85
    3316:	9d e2       	ldi	r25, 0x2D	; 45
    3318:	dc de       	rcall	.-584    	; 0x30d2 <AddToFloatAvg>
			AddToFloatAvg(&FilterS2LMidValues,twiDSP.readData[10]);		//Add left channels to band specific mean values
    331a:	f8 01       	movw	r30, r16
    331c:	65 a5       	ldd	r22, Z+45	; 0x2d
    331e:	85 e5       	ldi	r24, 0x55	; 85
    3320:	9d e2       	ldi	r25, 0x2D	; 45
    3322:	d7 de       	rcall	.-594    	; 0x30d2 <AddToFloatAvg>
    3324:	f8 01       	movw	r30, r16
			AddToFloatAvg(&FilterS2LLowValues,twiDSP.readData[0]);
    3326:	63 a1       	ldd	r22, Z+35	; 0x23
    3328:	8b e5       	ldi	r24, 0x5B	; 91
    332a:	9d e2       	ldi	r25, 0x2D	; 45
    332c:	d2 de       	rcall	.-604    	; 0x30d2 <AddToFloatAvg>
    332e:	f8 01       	movw	r30, r16
    3330:	62 a5       	ldd	r22, Z+42	; 0x2a
			AddToFloatAvg(&FilterS2LLowValues,twiDSP.readData[7]);
    3332:	8b e5       	ldi	r24, 0x5B	; 91
    3334:	9d e2       	ldi	r25, 0x2D	; 45
    3336:	cd de       	rcall	.-614    	; 0x30d2 <AddToFloatAvg>
    3338:	0e 94 9a 0b 	call	0x1734	; 0x1734 <s2l_output>
    333c:	80 91 90 26 	lds	r24, 0x2690	; 0x802690 <__data_end>
			s2l_output();												//Output sound 2 light via DMX
    3340:	88 23       	and	r24, r24
			}
		}
		
		//Else check if DMX shall be generated internally
		if(global_pa_source == PA_INTERNAL || toogle_solid || toogle_red || toogle_blue || toogle_green)		
    3342:	79 f0       	breq	.+30     	; 0x3362 <main+0x17e>
    3344:	80 91 95 2c 	lds	r24, 0x2C95	; 0x802c95 <toogle_solid>
    3348:	81 11       	cpse	r24, r1
    334a:	0b c0       	rjmp	.+22     	; 0x3362 <main+0x17e>
    334c:	80 91 98 2c 	lds	r24, 0x2C98	; 0x802c98 <toogle_red>
    3350:	81 11       	cpse	r24, r1
    3352:	07 c0       	rjmp	.+14     	; 0x3362 <main+0x17e>
    3354:	80 91 96 2c 	lds	r24, 0x2C96	; 0x802c96 <toogle_blue>
    3358:	81 11       	cpse	r24, r1
    335a:	03 c0       	rjmp	.+6      	; 0x3362 <main+0x17e>
    335c:	80 91 97 2c 	lds	r24, 0x2C97	; 0x802c97 <toogle_green>
    3360:	81 11       	cpse	r24, r1
    3362:	0e 94 92 0b 	call	0x1724	; 0x1724 <solid_color>
		{
			solid_color();												//Generate DMX output according to display settings
    3366:	88 85       	ldd	r24, Y+8	; 0x08
    3368:	86 fd       	sbrc	r24, 6
			
		}
		if (!(PORTD.IN & (1<<6)))										//wait for SBUF signal from display to get low to indicate touch interaction
    336a:	99 cf       	rjmp	.-206    	; 0x329e <main+0xba>
    336c:	c6 d2       	rcall	.+1420   	; 0x38fa <checkbuf>
    336e:	88 23       	and	r24, r24
		{
			
			if(checkbuf())												//check display transmission buffer
    3370:	09 f4       	brne	.+2      	; 0x3374 <main+0x190>
    3372:	95 cf       	rjmp	.-214    	; 0x329e <main+0xba>
    3374:	0e 94 c3 03 	call	0x786	; 0x786 <answerdecode>
    3378:	88 23       	and	r24, r24
			{
				if(answerdecode())
    337a:	11 f0       	breq	.+4      	; 0x3380 <main+0x19c>
    337c:	fe 82       	std	Y+6, r15	; 0x06
    337e:	8f cf       	rjmp	.-226    	; 0x329e <main+0xba>
    3380:	fd 82       	std	Y+5, r15	; 0x05
				{
					CheckComm(1);										//Display answers right
    3382:	10 92 4e 2d 	sts	0x2D4E, r1	; 0x802d4e <failurecounter>
				}
				else
				CheckComm(0);											//Display not answering
    3386:	8b cf       	rjmp	.-234    	; 0x329e <main+0xba>
    3388:	80 91 90 26 	lds	r24, 0x2690	; 0x802690 <__data_end>
    338c:	81 11       	cpse	r24, r1
			s2l_output();												//Output sound 2 light via DMX
			}
		}
		
		//Else check if DMX shall be generated internally
		if(global_pa_source == PA_INTERNAL || toogle_solid || toogle_red || toogle_blue || toogle_green)		
    338e:	de cf       	rjmp	.-68     	; 0x334c <main+0x168>
    3390:	e8 cf       	rjmp	.-48     	; 0x3362 <main+0x17e>
    3392:	80 91 90 26 	lds	r24, 0x2690	; 0x802690 <__data_end>
    3396:	81 11       	cpse	r24, r1
    3398:	dd cf       	rjmp	.-70     	; 0x3354 <main+0x170>
    339a:	e3 cf       	rjmp	.-58     	; 0x3362 <main+0x17e>

0000339c <__vector_46>:
    339c:	1f 92       	push	r1
    339e:	0f 92       	push	r0
    33a0:	0f b6       	in	r0, 0x3f	; 63
/*
* TWIE Master Interrupt Vector
* LCD screen I2C Communication
*/
ISR(TWIE_TWIM_vect)
{
    33a2:	0f 92       	push	r0
    33a4:	11 24       	eor	r1, r1
    33a6:	0b b6       	in	r0, 0x3b	; 59
    33a8:	0f 92       	push	r0
    33aa:	2f 93       	push	r18
    33ac:	3f 93       	push	r19
    33ae:	4f 93       	push	r20
    33b0:	5f 93       	push	r21
    33b2:	6f 93       	push	r22
    33b4:	7f 93       	push	r23
    33b6:	8f 93       	push	r24
    33b8:	9f 93       	push	r25
    33ba:	af 93       	push	r26
    33bc:	bf 93       	push	r27
    33be:	ef 93       	push	r30
    33c0:	ff 93       	push	r31
	TWI_MasterInterruptHandler(&twiLCD);
    33c2:	8b eb       	ldi	r24, 0xBB	; 187
    33c4:	9c e2       	ldi	r25, 0x2C	; 44
    33c6:	e8 d1       	rcall	.+976    	; 0x3798 <TWI_MasterInterruptHandler>
}
    33c8:	ff 91       	pop	r31
    33ca:	ef 91       	pop	r30
    33cc:	bf 91       	pop	r27
    33ce:	af 91       	pop	r26
    33d0:	9f 91       	pop	r25
    33d2:	8f 91       	pop	r24
    33d4:	7f 91       	pop	r23
    33d6:	6f 91       	pop	r22
    33d8:	5f 91       	pop	r21
    33da:	4f 91       	pop	r20
    33dc:	3f 91       	pop	r19
    33de:	2f 91       	pop	r18
    33e0:	0f 90       	pop	r0
    33e2:	0b be       	out	0x3b, r0	; 59
    33e4:	0f 90       	pop	r0
    33e6:	0f be       	out	0x3f, r0	; 63
    33e8:	0f 90       	pop	r0
    33ea:	1f 90       	pop	r1
    33ec:	18 95       	reti

000033ee <__vector_13>:
/*
* TWIE Master Interrupt Vector
* DSP I2C Communication
*/
ISR(TWIC_TWIM_vect)
{
    33ee:	1f 92       	push	r1
    33f0:	0f 92       	push	r0
    33f2:	0f b6       	in	r0, 0x3f	; 63
    33f4:	0f 92       	push	r0
    33f6:	11 24       	eor	r1, r1
    33f8:	0b b6       	in	r0, 0x3b	; 59
    33fa:	0f 92       	push	r0
    33fc:	2f 93       	push	r18
    33fe:	3f 93       	push	r19
    3400:	4f 93       	push	r20
    3402:	5f 93       	push	r21
    3404:	6f 93       	push	r22
    3406:	7f 93       	push	r23
    3408:	8f 93       	push	r24
    340a:	9f 93       	push	r25
    340c:	af 93       	push	r26
    340e:	bf 93       	push	r27
    3410:	ef 93       	push	r30
    3412:	ff 93       	push	r31
	TWI_MasterInterruptHandler(&twiDSP);
    3414:	85 e0       	ldi	r24, 0x05	; 5
    3416:	9d e2       	ldi	r25, 0x2D	; 45
    3418:	bf d1       	rcall	.+894    	; 0x3798 <TWI_MasterInterruptHandler>
}
    341a:	ff 91       	pop	r31
    341c:	ef 91       	pop	r30
    341e:	bf 91       	pop	r27
    3420:	af 91       	pop	r26
    3422:	9f 91       	pop	r25
    3424:	8f 91       	pop	r24
    3426:	7f 91       	pop	r23
    3428:	6f 91       	pop	r22
    342a:	5f 91       	pop	r21
    342c:	4f 91       	pop	r20
    342e:	3f 91       	pop	r19
    3430:	2f 91       	pop	r18
    3432:	0f 90       	pop	r0
    3434:	0b be       	out	0x3b, r0	; 59
    3436:	0f 90       	pop	r0
    3438:	0f be       	out	0x3f, r0	; 63
    343a:	0f 90       	pop	r0
    343c:	1f 90       	pop	r1
    343e:	18 95       	reti

00003440 <__vector_14>:

//Interrupt Service routing of TC0 executed every 100ms
ISR(TCC0_OVF_vect){
    3440:	1f 92       	push	r1
    3442:	0f 92       	push	r0
    3444:	0f b6       	in	r0, 0x3f	; 63
    3446:	0f 92       	push	r0
    3448:	11 24       	eor	r1, r1
    344a:	8f 93       	push	r24
	update_equilizer = 1;								//Allow update of equalizer and visualizer in main loop	
    344c:	81 e0       	ldi	r24, 0x01	; 1
    344e:	80 93 ba 2c 	sts	0x2CBA, r24	; 0x802cba <update_equilizer>
	update_spectrum = 1;								//Allow update of spectrum analysis in main loop
    3452:	80 93 b9 2c 	sts	0x2CB9, r24	; 0x802cb9 <update_spectrum>
}
    3456:	8f 91       	pop	r24
    3458:	0f 90       	pop	r0
    345a:	0f be       	out	0x3f, r0	; 63
    345c:	0f 90       	pop	r0
    345e:	1f 90       	pop	r1
    3460:	18 95       	reti

00003462 <__vector_6>:

//DMA Interrupt used for copying transmitted DMX bytes to UART output buffer
ISR(DMA_CH0_vect)
{
    3462:	1f 92       	push	r1
    3464:	0f 92       	push	r0
    3466:	0f b6       	in	r0, 0x3f	; 63
    3468:	0f 92       	push	r0
    346a:	11 24       	eor	r1, r1
    346c:	0b b6       	in	r0, 0x3b	; 59
    346e:	0f 92       	push	r0
    3470:	8f 93       	push	r24
    3472:	ef 93       	push	r30
    3474:	ff 93       	push	r31
	//clear interrupt flag
	DMA.CH0.CTRLB |= DMA_CH_TRNIF_bm;
    3476:	e0 e0       	ldi	r30, 0x00	; 0
    3478:	f1 e0       	ldi	r31, 0x01	; 1
    347a:	81 89       	ldd	r24, Z+17	; 0x11
    347c:	80 61       	ori	r24, 0x10	; 16
    347e:	81 8b       	std	Z+17, r24	; 0x11
	//Deactivate DMA
	DMA.CH0.CTRLA &= ~DMA_CH_ENABLE_bm;
    3480:	80 89       	ldd	r24, Z+16	; 0x10
    3482:	8f 77       	andi	r24, 0x7F	; 127
    3484:	80 8b       	std	Z+16, r24	; 0x10
	//Check for finished physical transmission and clear flag
	while (!(USARTC0.STATUS & USART_TXCIF_bm));
    3486:	e0 ea       	ldi	r30, 0xA0	; 160
    3488:	f8 e0       	ldi	r31, 0x08	; 8
    348a:	81 81       	ldd	r24, Z+1	; 0x01
    348c:	86 ff       	sbrs	r24, 6
    348e:	fd cf       	rjmp	.-6      	; 0x348a <__vector_6+0x28>
	USARTC0.STATUS |= USART_TXCIF_bm;
    3490:	e0 ea       	ldi	r30, 0xA0	; 160
    3492:	f8 e0       	ldi	r31, 0x08	; 8
    3494:	81 81       	ldd	r24, Z+1	; 0x01
    3496:	80 64       	ori	r24, 0x40	; 64
    3498:	81 83       	std	Z+1, r24	; 0x01
	//Go back to start of DMX protocol
	DMXStatus = BREAK;
    349a:	10 92 04 2d 	sts	0x2D04, r1	; 0x802d04 <DMXStatus>
}
    349e:	ff 91       	pop	r31
    34a0:	ef 91       	pop	r30
    34a2:	8f 91       	pop	r24
    34a4:	0f 90       	pop	r0
    34a6:	0b be       	out	0x3b, r0	; 59
    34a8:	0f 90       	pop	r0
    34aa:	0f be       	out	0x3f, r0	; 63
    34ac:	0f 90       	pop	r0
    34ae:	1f 90       	pop	r1
    34b0:	18 95       	reti

000034b2 <__vector_7>:


//DMA Interrupt used for copying bytes between registers
ISR(DMA_CH1_vect)
{
    34b2:	1f 92       	push	r1
    34b4:	0f 92       	push	r0
    34b6:	0f b6       	in	r0, 0x3f	; 63
    34b8:	0f 92       	push	r0
    34ba:	11 24       	eor	r1, r1
    34bc:	0b b6       	in	r0, 0x3b	; 59
    34be:	0f 92       	push	r0
    34c0:	8f 93       	push	r24
    34c2:	ef 93       	push	r30
    34c4:	ff 93       	push	r31
	//clear interrupt flag
	DMA.CH1.CTRLB |= DMA_CH_TRNIF_bm;
    34c6:	e0 e0       	ldi	r30, 0x00	; 0
    34c8:	f1 e0       	ldi	r31, 0x01	; 1
    34ca:	81 a1       	ldd	r24, Z+33	; 0x21
    34cc:	80 61       	ori	r24, 0x10	; 16
    34ce:	81 a3       	std	Z+33, r24	; 0x21
	//Deactivate DMA
	DMA.CH1.CTRLA &= ~DMA_CH_ENABLE_bm;
    34d0:	80 a1       	ldd	r24, Z+32	; 0x20
    34d2:	8f 77       	andi	r24, 0x7F	; 127
    34d4:	80 a3       	std	Z+32, r24	; 0x20
	//Mark dmx data as invalid to sample new frame from UART
	DMA_complete = 1;
    34d6:	81 e0       	ldi	r24, 0x01	; 1
    34d8:	80 93 91 2c 	sts	0x2C91, r24	; 0x802c91 <DMA_complete>
}
    34dc:	ff 91       	pop	r31
    34de:	ef 91       	pop	r30
    34e0:	8f 91       	pop	r24
    34e2:	0f 90       	pop	r0
    34e4:	0b be       	out	0x3b, r0	; 59
    34e6:	0f 90       	pop	r0
    34e8:	0f be       	out	0x3f, r0	; 63
    34ea:	0f 90       	pop	r0
    34ec:	1f 90       	pop	r1
    34ee:	18 95       	reti

000034f0 <__vector_28>:



//Interrupt Vector for DMX reception from external DMX source
ISR (USARTC1_RXC_vect){
    34f0:	1f 92       	push	r1
    34f2:	0f 92       	push	r0
    34f4:	0f b6       	in	r0, 0x3f	; 63
    34f6:	0f 92       	push	r0
    34f8:	11 24       	eor	r1, r1
    34fa:	0b b6       	in	r0, 0x3b	; 59
    34fc:	0f 92       	push	r0
    34fe:	2f 93       	push	r18
    3500:	3f 93       	push	r19
    3502:	8f 93       	push	r24
    3504:	9f 93       	push	r25
    3506:	ef 93       	push	r30
    3508:	ff 93       	push	r31
	static unsigned int dmx_channel_rx_count = 0;		//Let's count the DMX channels
	static unsigned char dmx_valid = 0;					//And check if DMX is valid
	unsigned char tmp = 0;								//Tmp is never wrong

	tmp =  USARTC1.DATA;								//Store currently received byte into tmp variable
    350a:	90 91 b0 08 	lds	r25, 0x08B0	; 0x8008b0 <__TEXT_REGION_LENGTH__+0x7be8b0>

	if(DMX_data_valid) return;							//If no function uses the collected data quit isr
    350e:	80 91 92 2c 	lds	r24, 0x2C92	; 0x802c92 <DMX_data_valid>
    3512:	81 11       	cpse	r24, r1
    3514:	2d c0       	rjmp	.+90     	; 0x3570 <__vector_28+0x80>

	if(USARTC1.STATUS & USART_FERR_bm)					//Check for framing error as start of DMX transmission
    3516:	80 91 b1 08 	lds	r24, 0x08B1	; 0x8008b1 <__TEXT_REGION_LENGTH__+0x7be8b1>
    351a:	84 ff       	sbrs	r24, 4
    351c:	0d c0       	rjmp	.+26     	; 0x3538 <__vector_28+0x48>
	{
		//DMX_data_valid = 0;
		dmx_channel_rx_count = 0;						//Start to count at first channel
    351e:	10 92 b7 2c 	sts	0x2CB7, r1	; 0x802cb7 <dmx_channel_rx_count.4603>
    3522:	10 92 b8 2c 	sts	0x2CB8, r1	; 0x802cb8 <dmx_channel_rx_count.4603+0x1>
		if(tmp == 0)									//Check if first value was a 0 which is the start code for normal DMX transmissions
    3526:	91 11       	cpse	r25, r1
    3528:	04 c0       	rjmp	.+8      	; 0x3532 <__vector_28+0x42>
		{
			dmx_valid = 1;								//OK DMX was valid
    352a:	81 e0       	ldi	r24, 0x01	; 1
    352c:	80 93 b6 2c 	sts	0x2CB6, r24	; 0x802cb6 <dmx_valid.4604>
    3530:	1f c0       	rjmp	.+62     	; 0x3570 <__vector_28+0x80>
		}
		else
		{
			dmx_valid = 0;								//First byte was not a DMX start code so wait for the next frame error
    3532:	10 92 b6 2c 	sts	0x2CB6, r1	; 0x802cb6 <dmx_valid.4604>
    3536:	1c c0       	rjmp	.+56     	; 0x3570 <__vector_28+0x80>
		}
		return;
	}

	if(dmx_valid)										//DMX was valid so we can process the other 512 channels
    3538:	80 91 b6 2c 	lds	r24, 0x2CB6	; 0x802cb6 <dmx_valid.4604>
    353c:	88 23       	and	r24, r24
    353e:	c1 f0       	breq	.+48     	; 0x3570 <__vector_28+0x80>
	{
		dmx_buffer[dmx_channel_rx_count] = tmp;			//Copy the received channel byte into the correct position of our DMX reception buffer
    3540:	20 91 b7 2c 	lds	r18, 0x2CB7	; 0x802cb7 <dmx_channel_rx_count.4603>
    3544:	30 91 b8 2c 	lds	r19, 0x2CB8	; 0x802cb8 <dmx_channel_rx_count.4603+0x1>
    3548:	f9 01       	movw	r30, r18
    354a:	ef 56       	subi	r30, 0x6F	; 111
    354c:	f5 4d       	sbci	r31, 0xD5	; 213
    354e:	90 83       	st	Z, r25
		if(dmx_channel_rx_count < 512)					//Repeat until we have gathered all 512 channels
    3550:	21 15       	cp	r18, r1
    3552:	82 e0       	ldi	r24, 0x02	; 2
    3554:	38 07       	cpc	r19, r24
    3556:	38 f4       	brcc	.+14     	; 0x3566 <__vector_28+0x76>
		{
			dmx_channel_rx_count++;
    3558:	2f 5f       	subi	r18, 0xFF	; 255
    355a:	3f 4f       	sbci	r19, 0xFF	; 255
    355c:	20 93 b7 2c 	sts	0x2CB7, r18	; 0x802cb7 <dmx_channel_rx_count.4603>
    3560:	30 93 b8 2c 	sts	0x2CB8, r19	; 0x802cb8 <dmx_channel_rx_count.4603+0x1>
    3564:	05 c0       	rjmp	.+10     	; 0x3570 <__vector_28+0x80>
		}
		else
		{
			 DMX_data_valid = 1;							//When the complete DMX frame has been received mark data as valid
    3566:	81 e0       	ldi	r24, 0x01	; 1
    3568:	80 93 92 2c 	sts	0x2C92, r24	; 0x802c92 <DMX_data_valid>
			 dmx_valid = 0;								//Restart at next framing error
    356c:	10 92 b6 2c 	sts	0x2CB6, r1	; 0x802cb6 <dmx_valid.4604>
		}
		return;
	}
    3570:	ff 91       	pop	r31
    3572:	ef 91       	pop	r30
    3574:	9f 91       	pop	r25
    3576:	8f 91       	pop	r24
    3578:	3f 91       	pop	r19
    357a:	2f 91       	pop	r18
    357c:	0f 90       	pop	r0
    357e:	0b be       	out	0x3b, r0	; 59
    3580:	0f 90       	pop	r0
    3582:	0f be       	out	0x3f, r0	; 63
    3584:	0f 90       	pop	r0
    3586:	1f 90       	pop	r1
    3588:	18 95       	reti

0000358a <TWI_MasterInit>:
 *  \param result  The result of the operation.
 */
void TWI_MasterTransactionFinished(TWI_Master_t *twi, uint8_t result)
{
	twi->result = result;
	twi->status = TWIM_STATUS_READY;
    358a:	fc 01       	movw	r30, r24
    358c:	60 83       	st	Z, r22
    358e:	71 83       	std	Z+1, r23	; 0x01
    3590:	48 63       	ori	r20, 0x38	; 56
    3592:	db 01       	movw	r26, r22
    3594:	11 96       	adiw	r26, 0x01	; 1
    3596:	4c 93       	st	X, r20
    3598:	a0 81       	ld	r26, Z
    359a:	b1 81       	ldd	r27, Z+1	; 0x01
    359c:	15 96       	adiw	r26, 0x05	; 5
    359e:	2c 93       	st	X, r18
    35a0:	01 90       	ld	r0, Z+
    35a2:	f0 81       	ld	r31, Z
    35a4:	e0 2d       	mov	r30, r0
    35a6:	81 e0       	ldi	r24, 0x01	; 1
    35a8:	84 83       	std	Z+4, r24	; 0x04
    35aa:	08 95       	ret

000035ac <TWI_MasterWriteRead>:
    35ac:	ef 92       	push	r14
    35ae:	ff 92       	push	r15
    35b0:	0f 93       	push	r16
    35b2:	cf 93       	push	r28
    35b4:	df 93       	push	r29
    35b6:	ec 01       	movw	r28, r24
    35b8:	21 32       	cpi	r18, 0x21	; 33
    35ba:	08 f0       	brcs	.+2      	; 0x35be <TWI_MasterWriteRead+0x12>
    35bc:	4c c0       	rjmp	.+152    	; 0x3656 <TWI_MasterWriteRead+0xaa>
    35be:	01 32       	cpi	r16, 0x21	; 33
    35c0:	08 f0       	brcs	.+2      	; 0x35c4 <TWI_MasterWriteRead+0x18>
    35c2:	4b c0       	rjmp	.+150    	; 0x365a <TWI_MasterWriteRead+0xae>
    35c4:	fc 01       	movw	r30, r24
    35c6:	e9 5b       	subi	r30, 0xB9	; 185
    35c8:	ff 4f       	sbci	r31, 0xFF	; 255
    35ca:	80 81       	ld	r24, Z
    35cc:	81 11       	cpse	r24, r1
    35ce:	47 c0       	rjmp	.+142    	; 0x365e <TWI_MasterWriteRead+0xb2>
    35d0:	81 e0       	ldi	r24, 0x01	; 1
    35d2:	80 83       	st	Z, r24
    35d4:	31 96       	adiw	r30, 0x01	; 1
    35d6:	10 82       	st	Z, r1
    35d8:	6a 83       	std	Y+2, r22	; 0x02
    35da:	22 23       	and	r18, r18
    35dc:	a1 f0       	breq	.+40     	; 0x3606 <TWI_MasterWriteRead+0x5a>
    35de:	7a 01       	movw	r14, r20
    35e0:	6f ef       	ldi	r22, 0xFF	; 255
    35e2:	62 0f       	add	r22, r18
    35e4:	70 e0       	ldi	r23, 0x00	; 0
    35e6:	6f 5f       	subi	r22, 0xFF	; 255
    35e8:	7f 4f       	sbci	r23, 0xFF	; 255
    35ea:	64 0f       	add	r22, r20
    35ec:	75 1f       	adc	r23, r21
    35ee:	fa 01       	movw	r30, r20
    35f0:	df 01       	movw	r26, r30
    35f2:	ae 19       	sub	r26, r14
    35f4:	bf 09       	sbc	r27, r15
    35f6:	91 91       	ld	r25, Z+
    35f8:	ac 0f       	add	r26, r28
    35fa:	bd 1f       	adc	r27, r29
    35fc:	13 96       	adiw	r26, 0x03	; 3
    35fe:	9c 93       	st	X, r25
    3600:	e6 17       	cp	r30, r22
    3602:	f7 07       	cpc	r31, r23
    3604:	a9 f7       	brne	.-22     	; 0x35f0 <TWI_MasterWriteRead+0x44>
    3606:	fe 01       	movw	r30, r28
    3608:	ed 5b       	subi	r30, 0xBD	; 189
    360a:	ff 4f       	sbci	r31, 0xFF	; 255
    360c:	20 83       	st	Z, r18
    360e:	de 01       	movw	r26, r28
    3610:	ac 5b       	subi	r26, 0xBC	; 188
    3612:	bf 4f       	sbci	r27, 0xFF	; 255
    3614:	0c 93       	st	X, r16
    3616:	11 96       	adiw	r26, 0x01	; 1
    3618:	1c 92       	st	X, r1
    361a:	11 96       	adiw	r26, 0x01	; 1
    361c:	1c 92       	st	X, r1
    361e:	80 81       	ld	r24, Z
    3620:	88 23       	and	r24, r24
    3622:	41 f0       	breq	.+16     	; 0x3634 <TWI_MasterWriteRead+0x88>
    3624:	8a 81       	ldd	r24, Y+2	; 0x02
    3626:	8e 7f       	andi	r24, 0xFE	; 254
    3628:	e8 81       	ld	r30, Y
    362a:	f9 81       	ldd	r31, Y+1	; 0x01
    362c:	86 83       	std	Z+6, r24	; 0x06
    362e:	c9 5b       	subi	r28, 0xB9	; 185
    3630:	df 4f       	sbci	r29, 0xFF	; 255
    3632:	0c c0       	rjmp	.+24     	; 0x364c <TWI_MasterWriteRead+0xa0>
    3634:	fe 01       	movw	r30, r28
    3636:	ec 5b       	subi	r30, 0xBC	; 188
    3638:	ff 4f       	sbci	r31, 0xFF	; 255
    363a:	80 81       	ld	r24, Z
    363c:	88 23       	and	r24, r24
    363e:	b9 f3       	breq	.-18     	; 0x362e <TWI_MasterWriteRead+0x82>
    3640:	8a 81       	ldd	r24, Y+2	; 0x02
    3642:	81 60       	ori	r24, 0x01	; 1
    3644:	e8 81       	ld	r30, Y
    3646:	f9 81       	ldd	r31, Y+1	; 0x01
    3648:	86 83       	std	Z+6, r24	; 0x06
    364a:	f1 cf       	rjmp	.-30     	; 0x362e <TWI_MasterWriteRead+0x82>
    364c:	98 81       	ld	r25, Y
    364e:	91 11       	cpse	r25, r1
    3650:	fd cf       	rjmp	.-6      	; 0x364c <TWI_MasterWriteRead+0xa0>
    3652:	81 e0       	ldi	r24, 0x01	; 1
    3654:	05 c0       	rjmp	.+10     	; 0x3660 <TWI_MasterWriteRead+0xb4>
    3656:	80 e0       	ldi	r24, 0x00	; 0
    3658:	03 c0       	rjmp	.+6      	; 0x3660 <TWI_MasterWriteRead+0xb4>
    365a:	80 e0       	ldi	r24, 0x00	; 0
    365c:	01 c0       	rjmp	.+2      	; 0x3660 <TWI_MasterWriteRead+0xb4>
    365e:	80 e0       	ldi	r24, 0x00	; 0
    3660:	df 91       	pop	r29
    3662:	cf 91       	pop	r28
    3664:	0f 91       	pop	r16
    3666:	ff 90       	pop	r15
    3668:	ef 90       	pop	r14
    366a:	08 95       	ret

0000366c <TWI_MasterArbitrationLostBusErrorHandler>:
    366c:	dc 01       	movw	r26, r24
    366e:	ed 91       	ld	r30, X+
    3670:	fc 91       	ld	r31, X
    3672:	11 97       	sbiw	r26, 0x01	; 1
    3674:	24 81       	ldd	r18, Z+4	; 0x04
    3676:	22 ff       	sbrs	r18, 2
    3678:	05 c0       	rjmp	.+10     	; 0x3684 <TWI_MasterArbitrationLostBusErrorHandler+0x18>
    367a:	34 e0       	ldi	r19, 0x04	; 4
    367c:	a8 5b       	subi	r26, 0xB8	; 184
    367e:	bf 4f       	sbci	r27, 0xFF	; 255
    3680:	3c 93       	st	X, r19
    3682:	05 c0       	rjmp	.+10     	; 0x368e <TWI_MasterArbitrationLostBusErrorHandler+0x22>
    3684:	33 e0       	ldi	r19, 0x03	; 3
    3686:	dc 01       	movw	r26, r24
    3688:	a8 5b       	subi	r26, 0xB8	; 184
    368a:	bf 4f       	sbci	r27, 0xFF	; 255
    368c:	3c 93       	st	X, r19
    368e:	28 60       	ori	r18, 0x08	; 8
    3690:	24 83       	std	Z+4, r18	; 0x04
    3692:	fc 01       	movw	r30, r24
    3694:	e9 5b       	subi	r30, 0xB9	; 185
    3696:	ff 4f       	sbci	r31, 0xFF	; 255
    3698:	10 82       	st	Z, r1
    369a:	08 95       	ret

0000369c <TWI_MasterWriteHandler>:
    369c:	cf 93       	push	r28
    369e:	df 93       	push	r29
    36a0:	fc 01       	movw	r30, r24
    36a2:	ed 5b       	subi	r30, 0xBD	; 189
    36a4:	ff 4f       	sbci	r31, 0xFF	; 255
    36a6:	30 81       	ld	r19, Z
    36a8:	31 96       	adiw	r30, 0x01	; 1
    36aa:	40 81       	ld	r20, Z
    36ac:	dc 01       	movw	r26, r24
    36ae:	ed 91       	ld	r30, X+
    36b0:	fc 91       	ld	r31, X
    36b2:	24 81       	ldd	r18, Z+4	; 0x04
    36b4:	24 ff       	sbrs	r18, 4
    36b6:	0a c0       	rjmp	.+20     	; 0x36cc <TWI_MasterWriteHandler+0x30>
    36b8:	23 e0       	ldi	r18, 0x03	; 3
    36ba:	23 83       	std	Z+3, r18	; 0x03
    36bc:	fc 01       	movw	r30, r24
    36be:	e8 5b       	subi	r30, 0xB8	; 184
    36c0:	ff 4f       	sbci	r31, 0xFF	; 255
    36c2:	25 e0       	ldi	r18, 0x05	; 5
    36c4:	20 83       	st	Z, r18
    36c6:	31 97       	sbiw	r30, 0x01	; 1
    36c8:	10 82       	st	Z, r1
    36ca:	25 c0       	rjmp	.+74     	; 0x3716 <TWI_MasterWriteHandler+0x7a>
    36cc:	dc 01       	movw	r26, r24
    36ce:	ab 5b       	subi	r26, 0xBB	; 187
    36d0:	bf 4f       	sbci	r27, 0xFF	; 255
    36d2:	2c 91       	ld	r18, X
    36d4:	23 17       	cp	r18, r19
    36d6:	50 f4       	brcc	.+20     	; 0x36ec <TWI_MasterWriteHandler+0x50>
    36d8:	2c 91       	ld	r18, X
    36da:	ec 01       	movw	r28, r24
    36dc:	c2 0f       	add	r28, r18
    36de:	d1 1d       	adc	r29, r1
    36e0:	8b 81       	ldd	r24, Y+3	; 0x03
    36e2:	87 83       	std	Z+7, r24	; 0x07
    36e4:	8c 91       	ld	r24, X
    36e6:	8f 5f       	subi	r24, 0xFF	; 255
    36e8:	8c 93       	st	X, r24
    36ea:	15 c0       	rjmp	.+42     	; 0x3716 <TWI_MasterWriteHandler+0x7a>
    36ec:	dc 01       	movw	r26, r24
    36ee:	aa 5b       	subi	r26, 0xBA	; 186
    36f0:	bf 4f       	sbci	r27, 0xFF	; 255
    36f2:	2c 91       	ld	r18, X
    36f4:	24 17       	cp	r18, r20
    36f6:	30 f4       	brcc	.+12     	; 0x3704 <TWI_MasterWriteHandler+0x68>
    36f8:	dc 01       	movw	r26, r24
    36fa:	12 96       	adiw	r26, 0x02	; 2
    36fc:	8c 91       	ld	r24, X
    36fe:	81 60       	ori	r24, 0x01	; 1
    3700:	86 83       	std	Z+6, r24	; 0x06
    3702:	09 c0       	rjmp	.+18     	; 0x3716 <TWI_MasterWriteHandler+0x7a>
    3704:	23 e0       	ldi	r18, 0x03	; 3
    3706:	23 83       	std	Z+3, r18	; 0x03
    3708:	fc 01       	movw	r30, r24
    370a:	e8 5b       	subi	r30, 0xB8	; 184
    370c:	ff 4f       	sbci	r31, 0xFF	; 255
    370e:	21 e0       	ldi	r18, 0x01	; 1
    3710:	20 83       	st	Z, r18
    3712:	31 97       	sbiw	r30, 0x01	; 1
    3714:	10 82       	st	Z, r1
    3716:	df 91       	pop	r29
    3718:	cf 91       	pop	r28
    371a:	08 95       	ret

0000371c <TWI_MasterReadHandler>:
    371c:	fc 01       	movw	r30, r24
    371e:	ea 5b       	subi	r30, 0xBA	; 186
    3720:	ff 4f       	sbci	r31, 0xFF	; 255
    3722:	20 81       	ld	r18, Z
    3724:	20 32       	cpi	r18, 0x20	; 32
    3726:	88 f4       	brcc	.+34     	; 0x374a <TWI_MasterReadHandler+0x2e>
    3728:	dc 01       	movw	r26, r24
    372a:	ed 91       	ld	r30, X+
    372c:	fc 91       	ld	r31, X
    372e:	11 97       	sbiw	r26, 0x01	; 1
    3730:	27 81       	ldd	r18, Z+7	; 0x07
    3732:	fc 01       	movw	r30, r24
    3734:	ea 5b       	subi	r30, 0xBA	; 186
    3736:	ff 4f       	sbci	r31, 0xFF	; 255
    3738:	30 81       	ld	r19, Z
    373a:	a3 0f       	add	r26, r19
    373c:	b1 1d       	adc	r27, r1
    373e:	93 96       	adiw	r26, 0x23	; 35
    3740:	2c 93       	st	X, r18
    3742:	20 81       	ld	r18, Z
    3744:	2f 5f       	subi	r18, 0xFF	; 255
    3746:	20 83       	st	Z, r18
    3748:	0c c0       	rjmp	.+24     	; 0x3762 <TWI_MasterReadHandler+0x46>
    374a:	dc 01       	movw	r26, r24
    374c:	ed 91       	ld	r30, X+
    374e:	fc 91       	ld	r31, X
    3750:	23 e0       	ldi	r18, 0x03	; 3
    3752:	23 83       	std	Z+3, r18	; 0x03
    3754:	22 e0       	ldi	r18, 0x02	; 2
    3756:	fc 01       	movw	r30, r24
    3758:	e8 5b       	subi	r30, 0xB8	; 184
    375a:	ff 4f       	sbci	r31, 0xFF	; 255
    375c:	20 83       	st	Z, r18
    375e:	31 97       	sbiw	r30, 0x01	; 1
    3760:	10 82       	st	Z, r1
    3762:	fc 01       	movw	r30, r24
    3764:	ec 5b       	subi	r30, 0xBC	; 188
    3766:	ff 4f       	sbci	r31, 0xFF	; 255
    3768:	30 81       	ld	r19, Z
    376a:	32 96       	adiw	r30, 0x02	; 2
    376c:	20 81       	ld	r18, Z
    376e:	23 17       	cp	r18, r19
    3770:	30 f4       	brcc	.+12     	; 0x377e <TWI_MasterReadHandler+0x62>
    3772:	dc 01       	movw	r26, r24
    3774:	ed 91       	ld	r30, X+
    3776:	fc 91       	ld	r31, X
    3778:	82 e0       	ldi	r24, 0x02	; 2
    377a:	83 83       	std	Z+3, r24	; 0x03
    377c:	08 95       	ret
    377e:	dc 01       	movw	r26, r24
    3780:	ed 91       	ld	r30, X+
    3782:	fc 91       	ld	r31, X
    3784:	27 e0       	ldi	r18, 0x07	; 7
    3786:	23 83       	std	Z+3, r18	; 0x03
    3788:	fc 01       	movw	r30, r24
    378a:	e8 5b       	subi	r30, 0xB8	; 184
    378c:	ff 4f       	sbci	r31, 0xFF	; 255
    378e:	21 e0       	ldi	r18, 0x01	; 1
    3790:	20 83       	st	Z, r18
    3792:	31 97       	sbiw	r30, 0x01	; 1
    3794:	10 82       	st	Z, r1
    3796:	08 95       	ret

00003798 <TWI_MasterInterruptHandler>:
    3798:	dc 01       	movw	r26, r24
    379a:	ed 91       	ld	r30, X+
    379c:	fc 91       	ld	r31, X
    379e:	24 81       	ldd	r18, Z+4	; 0x04
    37a0:	32 2f       	mov	r19, r18
    37a2:	3c 70       	andi	r19, 0x0C	; 12
    37a4:	11 f0       	breq	.+4      	; 0x37aa <TWI_MasterInterruptHandler+0x12>
    37a6:	62 cf       	rjmp	.-316    	; 0x366c <TWI_MasterArbitrationLostBusErrorHandler>
    37a8:	08 95       	ret
    37aa:	26 ff       	sbrs	r18, 6
    37ac:	02 c0       	rjmp	.+4      	; 0x37b2 <TWI_MasterInterruptHandler+0x1a>
    37ae:	76 cf       	rjmp	.-276    	; 0x369c <TWI_MasterWriteHandler>
    37b0:	08 95       	ret
    37b2:	22 23       	and	r18, r18
    37b4:	14 f4       	brge	.+4      	; 0x37ba <TWI_MasterInterruptHandler+0x22>
    37b6:	b2 cf       	rjmp	.-156    	; 0x371c <TWI_MasterReadHandler>
    37b8:	08 95       	ret
    37ba:	fc 01       	movw	r30, r24
    37bc:	e8 5b       	subi	r30, 0xB8	; 184
    37be:	ff 4f       	sbci	r31, 0xFF	; 255
    37c0:	26 e0       	ldi	r18, 0x06	; 6
    37c2:	20 83       	st	Z, r18
    37c4:	31 97       	sbiw	r30, 0x01	; 1
    37c6:	10 82       	st	Z, r1
    37c8:	08 95       	ret

000037ca <send_array_smallprot>:
			sends array, using uart_send(), length = data amount to be send
			protocoll = False (Command/Data to the display)
			protocoll = True (protocoll commands to the display)
============================================================================*/
void send_array_smallprot(unsigned char * data, unsigned char length, unsigned char protocoll, unsigned char readlength)
{
    37ca:	0f 93       	push	r16
    37cc:	cf 93       	push	r28
    37ce:	df 93       	push	r29
    37d0:	cd b7       	in	r28, 0x3d	; 61
    37d2:	de b7       	in	r29, 0x3e	; 62
    37d4:	a0 97       	sbiw	r28, 0x20	; 32
    37d6:	cd bf       	out	0x3d, r28	; 61
    37d8:	de bf       	out	0x3e, r29	; 62
    37da:	fc 01       	movw	r30, r24
	unsigned char i,bcc=0;	//internal index variable and checksum
	
	uint8_t sendbuf[32];

	
	if(protocoll)				//protocoll commands to display
    37dc:	44 23       	and	r20, r20
    37de:	21 f0       	breq	.+8      	; 0x37e8 <send_array_smallprot+0x1e>
	{
		sendbuf[0]=0x12;		//send DC2
    37e0:	82 e1       	ldi	r24, 0x12	; 18
    37e2:	89 83       	std	Y+1, r24	; 0x01
		bcc = 0x12;				
    37e4:	92 e1       	ldi	r25, 0x12	; 18
    37e6:	03 c0       	rjmp	.+6      	; 0x37ee <send_array_smallprot+0x24>
	}
	else						//Command/Data to the display
	{
		sendbuf[0]=0x11;		//send DC1
    37e8:	81 e1       	ldi	r24, 0x11	; 17
    37ea:	89 83       	std	Y+1, r24	; 0x01
		bcc = 0x11;
    37ec:	91 e1       	ldi	r25, 0x11	; 17
	}
	
	bcc = bcc + length;			//Add length to checksum
    37ee:	96 0f       	add	r25, r22
	sendbuf[1] = length;		//Add length to send buffer
    37f0:	6a 83       	std	Y+2, r22	; 0x02
	
	for( i=0; i<length; i++)	
    37f2:	66 23       	and	r22, r22
    37f4:	79 f0       	breq	.+30     	; 0x3814 <send_array_smallprot+0x4a>
    37f6:	de 01       	movw	r26, r28
    37f8:	13 96       	adiw	r26, 0x03	; 3
    37fa:	4f ef       	ldi	r20, 0xFF	; 255
    37fc:	46 0f       	add	r20, r22
    37fe:	50 e0       	ldi	r21, 0x00	; 0
    3800:	4f 5f       	subi	r20, 0xFF	; 255
    3802:	5f 4f       	sbci	r21, 0xFF	; 255
    3804:	4e 0f       	add	r20, r30
    3806:	5f 1f       	adc	r21, r31
	{
		bcc = bcc + (*data);	//add to checksum 
    3808:	81 91       	ld	r24, Z+
    380a:	98 0f       	add	r25, r24
		sendbuf[i+2] = (*data++); //add to send buffer and increment readpointer for next step
    380c:	8d 93       	st	X+, r24
	}
	
	bcc = bcc + length;			//Add length to checksum
	sendbuf[1] = length;		//Add length to send buffer
	
	for( i=0; i<length; i++)	
    380e:	e4 17       	cp	r30, r20
    3810:	f5 07       	cpc	r31, r21
    3812:	d1 f7       	brne	.-12     	; 0x3808 <send_array_smallprot+0x3e>
	{
		bcc = bcc + (*data);	//add to checksum 
		sendbuf[i+2] = (*data++); //add to send buffer and increment readpointer for next step
	}
	
	sendbuf[length+2] = bcc;				//add checksum to last byte of sendbuffer
    3814:	fe 01       	movw	r30, r28
    3816:	e6 0f       	add	r30, r22
    3818:	f1 1d       	adc	r31, r1
    381a:	93 83       	std	Z+3, r25	; 0x03
	
	TWI_MasterWriteRead(&twiLCD, TWI_SLAVE_LCD_W, &sendbuf[0], length+3,readlength);
    381c:	6d 5f       	subi	r22, 0xFD	; 253
    381e:	02 2f       	mov	r16, r18
    3820:	26 2f       	mov	r18, r22
    3822:	ae 01       	movw	r20, r28
    3824:	4f 5f       	subi	r20, 0xFF	; 255
    3826:	5f 4f       	sbci	r21, 0xFF	; 255
    3828:	6e ed       	ldi	r22, 0xDE	; 222
    382a:	8b eb       	ldi	r24, 0xBB	; 187
    382c:	9c e2       	ldi	r25, 0x2C	; 44
    382e:	be de       	rcall	.-644    	; 0x35ac <TWI_MasterWriteRead>
	
}
    3830:	a0 96       	adiw	r28, 0x20	; 32
    3832:	cd bf       	out	0x3d, r28	; 61
    3834:	de bf       	out	0x3e, r29	; 62
    3836:	df 91       	pop	r29
    3838:	cf 91       	pop	r28
    383a:	0f 91       	pop	r16
    383c:	08 95       	ret

0000383e <send_Command>:
Input:		uchar * data, uchar length
Output:		Bool (true if ACK received, false if transfer failed
Discription:send commands and data to eDIP with SmallProtocoll
============================================================================*/
_Bool send_Command (unsigned char * data, unsigned char length)
{
    383e:	ef 92       	push	r14
    3840:	ff 92       	push	r15
    3842:	0f 93       	push	r16
    3844:	1f 93       	push	r17
    3846:	cf 93       	push	r28
    3848:	df 93       	push	r29
    384a:	7c 01       	movw	r14, r24
    384c:	d6 2f       	mov	r29, r22
    384e:	c4 e0       	ldi	r28, 0x04	; 4
	unsigned char i=0;
	
	for (i=0;i<=RETRY;i++)
	{
		send_array_smallprot(data, length, FALSE, 1); //Send data
		failure=twiLCD.readData[0];  //check for Ack-Byte
    3850:	0b eb       	ldi	r16, 0xBB	; 187
    3852:	1c e2       	ldi	r17, 0x2C	; 44
	unsigned char failure=0;
	unsigned char i=0;
	
	for (i=0;i<=RETRY;i++)
	{
		send_array_smallprot(data, length, FALSE, 1); //Send data
    3854:	21 e0       	ldi	r18, 0x01	; 1
    3856:	40 e0       	ldi	r20, 0x00	; 0
    3858:	6d 2f       	mov	r22, r29
    385a:	c7 01       	movw	r24, r14
    385c:	b6 df       	rcall	.-148    	; 0x37ca <send_array_smallprot>
		failure=twiLCD.readData[0];  //check for Ack-Byte
    385e:	f8 01       	movw	r30, r16
    3860:	83 a1       	ldd	r24, Z+35	; 0x23
		if (failure == 0x06)
    3862:	86 30       	cpi	r24, 0x06	; 6
    3864:	21 f0       	breq	.+8      	; 0x386e <send_Command+0x30>
    3866:	c1 50       	subi	r28, 0x01	; 1
_Bool send_Command (unsigned char * data, unsigned char length)
{
	unsigned char failure=0;
	unsigned char i=0;
	
	for (i=0;i<=RETRY;i++)
    3868:	a9 f7       	brne	.-22     	; 0x3854 <send_Command+0x16>
			{
				return TRUE;
				break;
			}
	}
	return FALSE;
    386a:	80 e0       	ldi	r24, 0x00	; 0
    386c:	01 c0       	rjmp	.+2      	; 0x3870 <send_Command+0x32>
	{
		send_array_smallprot(data, length, FALSE, 1); //Send data
		failure=twiLCD.readData[0];  //check for Ack-Byte
		if (failure == 0x06)
			{
				return TRUE;
    386e:	81 e0       	ldi	r24, 0x01	; 1
				break;
			}
	}
	return FALSE;
	
}
    3870:	df 91       	pop	r29
    3872:	cf 91       	pop	r28
    3874:	1f 91       	pop	r17
    3876:	0f 91       	pop	r16
    3878:	ff 90       	pop	r15
    387a:	ef 90       	pop	r14
    387c:	08 95       	ret

0000387e <receive_decode>:
============================================================================*/
_Bool receive_decode(unsigned char length)
{
	unsigned char bcc=0,i=0;
	//start at [1] to ignore ack signal, also stop 1 before end of array where bcc itself is stored
	for(i=1; i<length-1; i++)
    387e:	68 2f       	mov	r22, r24
    3880:	70 e0       	ldi	r23, 0x00	; 0
    3882:	61 50       	subi	r22, 0x01	; 1
    3884:	71 09       	sbc	r23, r1
    3886:	62 30       	cpi	r22, 0x02	; 2
    3888:	71 05       	cpc	r23, r1
    388a:	84 f0       	brlt	.+32     	; 0x38ac <receive_decode+0x2e>
    388c:	21 e0       	ldi	r18, 0x01	; 1
    388e:	30 e0       	ldi	r19, 0x00	; 0
    3890:	91 e0       	ldi	r25, 0x01	; 1
    3892:	40 e0       	ldi	r20, 0x00	; 0
	{
		bcc+=twiLCD.readData[i];
    3894:	f9 01       	movw	r30, r18
    3896:	e5 54       	subi	r30, 0x45	; 69
    3898:	f3 4d       	sbci	r31, 0xD3	; 211
    389a:	23 a1       	ldd	r18, Z+35	; 0x23
    389c:	42 0f       	add	r20, r18
============================================================================*/
_Bool receive_decode(unsigned char length)
{
	unsigned char bcc=0,i=0;
	//start at [1] to ignore ack signal, also stop 1 before end of array where bcc itself is stored
	for(i=1; i<length-1; i++)
    389e:	9f 5f       	subi	r25, 0xFF	; 255
    38a0:	29 2f       	mov	r18, r25
    38a2:	30 e0       	ldi	r19, 0x00	; 0
    38a4:	26 17       	cp	r18, r22
    38a6:	37 07       	cpc	r19, r23
    38a8:	ac f3       	brlt	.-22     	; 0x3894 <receive_decode+0x16>
    38aa:	03 c0       	rjmp	.+6      	; 0x38b2 <receive_decode+0x34>
    38ac:	21 e0       	ldi	r18, 0x01	; 1
    38ae:	30 e0       	ldi	r19, 0x00	; 0
Output:		---
Discription:decode received data, check if display answered correctly via bcc
============================================================================*/
_Bool receive_decode(unsigned char length)
{
	unsigned char bcc=0,i=0;
    38b0:	40 e0       	ldi	r20, 0x00	; 0
	{
		bcc+=twiLCD.readData[i];

	}
	//compare calculated bcc with last value in array
	if(bcc==twiLCD.readData[i])
    38b2:	f9 01       	movw	r30, r18
    38b4:	e5 54       	subi	r30, 0x45	; 69
    38b6:	f3 4d       	sbci	r31, 0xD3	; 211
    38b8:	93 a1       	ldd	r25, Z+35	; 0x23
    38ba:	81 e0       	ldi	r24, 0x01	; 1
    38bc:	94 13       	cpse	r25, r20
    38be:	80 e0       	ldi	r24, 0x00	; 0
	return TRUE;
	else
	return FALSE;
    38c0:	08 95       	ret

000038c2 <request_Buffer>:
Input:		---
Output:		
Description:Request buffer information or buffer content
============================================================================*/
unsigned char request_Buffer(unsigned char protocoll)
{
    38c2:	cf 93       	push	r28
    38c4:	df 93       	push	r29
	if(protocoll)
    38c6:	88 23       	and	r24, r24
    38c8:	69 f0       	breq	.+26     	; 0x38e4 <request_Buffer+0x22>
	{
		
		//Clear and read the buffer according to fill level information gathered before + 4 stuff bits for ack, dc, lenght, bcc 
		send_array_smallprot("S",1,TRUE,twiLCD.readData[3]+4);
    38ca:	cb eb       	ldi	r28, 0xBB	; 187
    38cc:	dc e2       	ldi	r29, 0x2C	; 44
    38ce:	2e a1       	ldd	r18, Y+38	; 0x26
    38d0:	2c 5f       	subi	r18, 0xFC	; 252
    38d2:	41 e0       	ldi	r20, 0x01	; 1
    38d4:	61 e0       	ldi	r22, 0x01	; 1
    38d6:	8e e8       	ldi	r24, 0x8E	; 142
    38d8:	96 e2       	ldi	r25, 0x26	; 38
    38da:	77 df       	rcall	.-274    	; 0x37ca <send_array_smallprot>
		//Decode bcc according to new fill level information, also using 4 stuff bits
		return receive_decode(twiLCD.readData[2]+4);
    38dc:	8d a1       	ldd	r24, Y+37	; 0x25
    38de:	8c 5f       	subi	r24, 0xFC	; 252
    38e0:	ce df       	rcall	.-100    	; 0x387e <receive_decode>
    38e2:	08 c0       	rjmp	.+16     	; 0x38f4 <request_Buffer+0x32>
	}
	else
	{	
		//Here we read the buffer fill level information back, always 6 byte including ack and bcc
		send_array_smallprot("I",1,TRUE,6);
    38e4:	26 e0       	ldi	r18, 0x06	; 6
    38e6:	41 e0       	ldi	r20, 0x01	; 1
    38e8:	61 e0       	ldi	r22, 0x01	; 1
    38ea:	87 e1       	ldi	r24, 0x17	; 23
    38ec:	93 e2       	ldi	r25, 0x23	; 35
		//lets check the bcc value
		return receive_decode(6);
    38ee:	6d df       	rcall	.-294    	; 0x37ca <send_array_smallprot>
    38f0:	86 e0       	ldi	r24, 0x06	; 6
    38f2:	c5 df       	rcall	.-118    	; 0x387e <receive_decode>
	}
	
}
    38f4:	df 91       	pop	r29
    38f6:	cf 91       	pop	r28
    38f8:	08 95       	ret

000038fa <checkbuf>:
Output:		true if data available, 2 if no data is present, FAlSE if communication error
Description:checks if data is available in sendbuffer and calls it
============================================================================*/
unsigned char checkbuf (void)
{
	if(request_Buffer(FALSE)) //False to request buffer fill level
    38fa:	80 e0       	ldi	r24, 0x00	; 0
    38fc:	e2 df       	rcall	.-60     	; 0x38c2 <request_Buffer>
    38fe:	88 23       	and	r24, r24
    3900:	41 f0       	breq	.+16     	; 0x3912 <checkbuf+0x18>
	{
		if(twiLCD.readData[3]>0) //Check Buffer fill level byte to be valide
    3902:	80 91 e1 2c 	lds	r24, 0x2CE1	; 0x802ce1 <twiLCD+0x26>
    3906:	88 23       	and	r24, r24
    3908:	19 f0       	breq	.+6      	; 0x3910 <checkbuf+0x16>
		{
			return request_Buffer(TRUE); //True to request buffer content itself
    390a:	81 e0       	ldi	r24, 0x01	; 1
    390c:	da cf       	rjmp	.-76     	; 0x38c2 <request_Buffer>
    390e:	08 95       	ret
		}
		else
			return 2;
    3910:	82 e0       	ldi	r24, 0x02	; 2
	}
	else
		return FALSE;
}
    3912:	08 95       	ret

00003914 <UsartC0_init>:

void UsartC0_init(void){
	
	//configure USARTC0 for DMX output
	// Pin from USARTC0 TxD C3 set to output
	PORTC.DIRSET = PIN3_bm;
    3914:	e0 e4       	ldi	r30, 0x40	; 64
    3916:	f6 e0       	ldi	r31, 0x06	; 6
    3918:	98 e0       	ldi	r25, 0x08	; 8
    391a:	91 83       	std	Z+1, r25	; 0x01
	// Pin from USARTC0 TxD C3 to high
	PORTC.OUTSET = PIN3_bm;
    391c:	95 83       	std	Z+5, r25	; 0x05
	// Asynchronous Modus
	USARTC0.CTRLC = (USARTC0.CTRLC & ~USART_CMODE_gm ) | USART_CMODE_ASYNCHRONOUS_gc;
    391e:	e0 ea       	ldi	r30, 0xA0	; 160
    3920:	f8 e0       	ldi	r31, 0x08	; 8
    3922:	85 81       	ldd	r24, Z+5	; 0x05
    3924:	8f 73       	andi	r24, 0x3F	; 63
    3926:	85 83       	std	Z+5, r24	; 0x05
	// No parity
	USARTC0.CTRLC = (USARTC0.CTRLC & ~USART_PMODE_gm ) | USART_PMODE_DISABLED_gc;
    3928:	85 81       	ldd	r24, Z+5	; 0x05
    392a:	8f 7c       	andi	r24, 0xCF	; 207
    392c:	85 83       	std	Z+5, r24	; 0x05
	// 8 data bits
	USARTC0.CTRLC = (USARTC0.CTRLC & ~USART_CHSIZE_gm ) | USART_CHSIZE_8BIT_gc;
    392e:	85 81       	ldd	r24, Z+5	; 0x05
    3930:	88 7f       	andi	r24, 0xF8	; 248
    3932:	83 60       	ori	r24, 0x03	; 3
    3934:	85 83       	std	Z+5, r24	; 0x05
	// 2 stop bits
	USARTC0.CTRLC = (USARTC0.CTRLC & ~USART_SBMODE_bm) | (0x01<<3);
    3936:	85 81       	ldd	r24, Z+5	; 0x05
    3938:	88 60       	ori	r24, 0x08	; 8
    393a:	85 83       	std	Z+5, r24	; 0x05
	// 100 kBaud
	USARTC0.BAUDCTRLA = 19;
    393c:	83 e1       	ldi	r24, 0x13	; 19
    393e:	86 83       	std	Z+6, r24	; 0x06
	// 100 kBaud
	USARTC0.BAUDCTRLB =(0 << USART_BSCALE0_bp)|(19 >> 8);
    3940:	17 82       	std	Z+7, r1	; 0x07
	// activate USARTC1
	USARTC0.CTRLB = USART_TXEN_bm;
    3942:	94 83       	std	Z+4, r25	; 0x04
    3944:	08 95       	ret

00003946 <UsartC1_init>:

void UsartC1_init(void){
	
	//configure USART C1 for DMX reception from external sources
	// Pin from USARTC1 RxD C6 set to input
	PORTC.DIRCLR = PIN6_bm;
    3946:	80 e4       	ldi	r24, 0x40	; 64
    3948:	80 93 42 06 	sts	0x0642, r24	; 0x800642 <__TEXT_REGION_LENGTH__+0x7be642>
	// Asynchronous Modus
	USARTC1.CTRLC = (USARTC0.CTRLC & ~USART_CMODE_gm ) | USART_CMODE_ASYNCHRONOUS_gc;
    394c:	a0 ea       	ldi	r26, 0xA0	; 160
    394e:	b8 e0       	ldi	r27, 0x08	; 8
    3950:	15 96       	adiw	r26, 0x05	; 5
    3952:	8c 91       	ld	r24, X
    3954:	15 97       	sbiw	r26, 0x05	; 5
    3956:	8f 73       	andi	r24, 0x3F	; 63
    3958:	e0 eb       	ldi	r30, 0xB0	; 176
    395a:	f8 e0       	ldi	r31, 0x08	; 8
    395c:	85 83       	std	Z+5, r24	; 0x05
	// No parity
	USARTC1.CTRLC = (USARTC0.CTRLC & ~USART_PMODE_gm ) | USART_PMODE_DISABLED_gc;
    395e:	15 96       	adiw	r26, 0x05	; 5
    3960:	8c 91       	ld	r24, X
    3962:	15 97       	sbiw	r26, 0x05	; 5
    3964:	8f 7c       	andi	r24, 0xCF	; 207
    3966:	85 83       	std	Z+5, r24	; 0x05
	// 8 data bits
	USARTC1.CTRLC = (USARTC0.CTRLC & ~USART_CHSIZE_gm ) | USART_CHSIZE_8BIT_gc;
    3968:	15 96       	adiw	r26, 0x05	; 5
    396a:	8c 91       	ld	r24, X
    396c:	15 97       	sbiw	r26, 0x05	; 5
    396e:	88 7f       	andi	r24, 0xF8	; 248
    3970:	83 60       	ori	r24, 0x03	; 3
    3972:	85 83       	std	Z+5, r24	; 0x05
	// 2 stop bits
	USARTC1.CTRLC = (USARTC0.CTRLC & ~USART_SBMODE_bm) | (0x01<<3);
    3974:	15 96       	adiw	r26, 0x05	; 5
    3976:	8c 91       	ld	r24, X
    3978:	88 60       	ori	r24, 0x08	; 8
    397a:	85 83       	std	Z+5, r24	; 0x05
	// 250 kBaud
	USARTC1.BAUDCTRLA = 07;
    397c:	87 e0       	ldi	r24, 0x07	; 7
    397e:	86 83       	std	Z+6, r24	; 0x06
	// 250 kBaud
	USARTC1.BAUDCTRLB =(0 << USART_BSCALE0_bp)|(07 >> 8);
    3980:	17 82       	std	Z+7, r1	; 0x07
	// Set interrupt level of RX Int to low
	USARTC1.CTRLA = (USARTC1.CTRLA & ~USART_RXCINTLVL_gm) | USART_RXCINTLVL_MED_gc;
    3982:	83 81       	ldd	r24, Z+3	; 0x03
    3984:	8f 7c       	andi	r24, 0xCF	; 207
    3986:	80 62       	ori	r24, 0x20	; 32
    3988:	83 83       	std	Z+3, r24	; 0x03
	// activate USARTC1
	USARTC1.CTRLB = USART_RXEN_bm;
    398a:	80 e1       	ldi	r24, 0x10	; 16
    398c:	84 83       	std	Z+4, r24	; 0x04
    398e:	08 95       	ret

00003990 <__tablejump2__>:
    3990:	ee 0f       	add	r30, r30
    3992:	ff 1f       	adc	r31, r31
    3994:	88 1f       	adc	r24, r24
    3996:	8b bf       	out	0x3b, r24	; 59
    3998:	07 90       	elpm	r0, Z+
    399a:	f6 91       	elpm	r31, Z
    399c:	e0 2d       	mov	r30, r0
    399e:	19 94       	eijmp

000039a0 <__umulhisi3>:
    39a0:	a2 9f       	mul	r26, r18
    39a2:	b0 01       	movw	r22, r0
    39a4:	b3 9f       	mul	r27, r19
    39a6:	c0 01       	movw	r24, r0
    39a8:	a3 9f       	mul	r26, r19
    39aa:	70 0d       	add	r23, r0
    39ac:	81 1d       	adc	r24, r1
    39ae:	11 24       	eor	r1, r1
    39b0:	91 1d       	adc	r25, r1
    39b2:	b2 9f       	mul	r27, r18
    39b4:	70 0d       	add	r23, r0
    39b6:	81 1d       	adc	r24, r1
    39b8:	11 24       	eor	r1, r1
    39ba:	91 1d       	adc	r25, r1
    39bc:	08 95       	ret

000039be <do_rand>:
    39be:	8f 92       	push	r8
    39c0:	9f 92       	push	r9
    39c2:	af 92       	push	r10
    39c4:	bf 92       	push	r11
    39c6:	cf 92       	push	r12
    39c8:	df 92       	push	r13
    39ca:	ef 92       	push	r14
    39cc:	ff 92       	push	r15
    39ce:	cf 93       	push	r28
    39d0:	df 93       	push	r29
    39d2:	ec 01       	movw	r28, r24
    39d4:	68 81       	ld	r22, Y
    39d6:	79 81       	ldd	r23, Y+1	; 0x01
    39d8:	8a 81       	ldd	r24, Y+2	; 0x02
    39da:	9b 81       	ldd	r25, Y+3	; 0x03
    39dc:	61 15       	cp	r22, r1
    39de:	71 05       	cpc	r23, r1
    39e0:	81 05       	cpc	r24, r1
    39e2:	91 05       	cpc	r25, r1
    39e4:	21 f4       	brne	.+8      	; 0x39ee <do_rand+0x30>
    39e6:	64 e2       	ldi	r22, 0x24	; 36
    39e8:	79 ed       	ldi	r23, 0xD9	; 217
    39ea:	8b e5       	ldi	r24, 0x5B	; 91
    39ec:	97 e0       	ldi	r25, 0x07	; 7
    39ee:	2d e1       	ldi	r18, 0x1D	; 29
    39f0:	33 ef       	ldi	r19, 0xF3	; 243
    39f2:	41 e0       	ldi	r20, 0x01	; 1
    39f4:	50 e0       	ldi	r21, 0x00	; 0
    39f6:	38 d0       	rcall	.+112    	; 0x3a68 <__divmodsi4>
    39f8:	49 01       	movw	r8, r18
    39fa:	5a 01       	movw	r10, r20
    39fc:	9b 01       	movw	r18, r22
    39fe:	ac 01       	movw	r20, r24
    3a00:	a7 ea       	ldi	r26, 0xA7	; 167
    3a02:	b1 e4       	ldi	r27, 0x41	; 65
    3a04:	4d d0       	rcall	.+154    	; 0x3aa0 <__muluhisi3>
    3a06:	6b 01       	movw	r12, r22
    3a08:	7c 01       	movw	r14, r24
    3a0a:	ac ee       	ldi	r26, 0xEC	; 236
    3a0c:	b4 ef       	ldi	r27, 0xF4	; 244
    3a0e:	a5 01       	movw	r20, r10
    3a10:	94 01       	movw	r18, r8
    3a12:	52 d0       	rcall	.+164    	; 0x3ab8 <__mulohisi3>
    3a14:	dc 01       	movw	r26, r24
    3a16:	cb 01       	movw	r24, r22
    3a18:	8c 0d       	add	r24, r12
    3a1a:	9d 1d       	adc	r25, r13
    3a1c:	ae 1d       	adc	r26, r14
    3a1e:	bf 1d       	adc	r27, r15
    3a20:	b7 ff       	sbrs	r27, 7
    3a22:	03 c0       	rjmp	.+6      	; 0x3a2a <do_rand+0x6c>
    3a24:	01 97       	sbiw	r24, 0x01	; 1
    3a26:	a1 09       	sbc	r26, r1
    3a28:	b0 48       	sbci	r27, 0x80	; 128
    3a2a:	88 83       	st	Y, r24
    3a2c:	99 83       	std	Y+1, r25	; 0x01
    3a2e:	aa 83       	std	Y+2, r26	; 0x02
    3a30:	bb 83       	std	Y+3, r27	; 0x03
    3a32:	9f 77       	andi	r25, 0x7F	; 127
    3a34:	df 91       	pop	r29
    3a36:	cf 91       	pop	r28
    3a38:	ff 90       	pop	r15
    3a3a:	ef 90       	pop	r14
    3a3c:	df 90       	pop	r13
    3a3e:	cf 90       	pop	r12
    3a40:	bf 90       	pop	r11
    3a42:	af 90       	pop	r10
    3a44:	9f 90       	pop	r9
    3a46:	8f 90       	pop	r8
    3a48:	08 95       	ret

00003a4a <rand_r>:
    3a4a:	b9 cf       	rjmp	.-142    	; 0x39be <do_rand>

00003a4c <rand>:
    3a4c:	80 e0       	ldi	r24, 0x00	; 0
    3a4e:	90 e2       	ldi	r25, 0x20	; 32
    3a50:	b6 cf       	rjmp	.-148    	; 0x39be <do_rand>

00003a52 <srand>:
    3a52:	a0 e0       	ldi	r26, 0x00	; 0
    3a54:	b0 e0       	ldi	r27, 0x00	; 0
    3a56:	80 93 00 20 	sts	0x2000, r24	; 0x802000 <__DATA_REGION_ORIGIN__>
    3a5a:	90 93 01 20 	sts	0x2001, r25	; 0x802001 <__DATA_REGION_ORIGIN__+0x1>
    3a5e:	a0 93 02 20 	sts	0x2002, r26	; 0x802002 <__DATA_REGION_ORIGIN__+0x2>
    3a62:	b0 93 03 20 	sts	0x2003, r27	; 0x802003 <__DATA_REGION_ORIGIN__+0x3>
    3a66:	08 95       	ret

00003a68 <__divmodsi4>:
    3a68:	05 2e       	mov	r0, r21
    3a6a:	97 fb       	bst	r25, 7
    3a6c:	16 f4       	brtc	.+4      	; 0x3a72 <__divmodsi4+0xa>
    3a6e:	00 94       	com	r0
    3a70:	0f d0       	rcall	.+30     	; 0x3a90 <__negsi2>
    3a72:	57 fd       	sbrc	r21, 7
    3a74:	05 d0       	rcall	.+10     	; 0x3a80 <__divmodsi4_neg2>
    3a76:	24 d0       	rcall	.+72     	; 0x3ac0 <__udivmodsi4>
    3a78:	07 fc       	sbrc	r0, 7
    3a7a:	02 d0       	rcall	.+4      	; 0x3a80 <__divmodsi4_neg2>
    3a7c:	46 f4       	brtc	.+16     	; 0x3a8e <__divmodsi4_exit>
    3a7e:	08 c0       	rjmp	.+16     	; 0x3a90 <__negsi2>

00003a80 <__divmodsi4_neg2>:
    3a80:	50 95       	com	r21
    3a82:	40 95       	com	r20
    3a84:	30 95       	com	r19
    3a86:	21 95       	neg	r18
    3a88:	3f 4f       	sbci	r19, 0xFF	; 255
    3a8a:	4f 4f       	sbci	r20, 0xFF	; 255
    3a8c:	5f 4f       	sbci	r21, 0xFF	; 255

00003a8e <__divmodsi4_exit>:
    3a8e:	08 95       	ret

00003a90 <__negsi2>:
    3a90:	90 95       	com	r25
    3a92:	80 95       	com	r24
    3a94:	70 95       	com	r23
    3a96:	61 95       	neg	r22
    3a98:	7f 4f       	sbci	r23, 0xFF	; 255
    3a9a:	8f 4f       	sbci	r24, 0xFF	; 255
    3a9c:	9f 4f       	sbci	r25, 0xFF	; 255
    3a9e:	08 95       	ret

00003aa0 <__muluhisi3>:
    3aa0:	7f df       	rcall	.-258    	; 0x39a0 <__umulhisi3>
    3aa2:	a5 9f       	mul	r26, r21
    3aa4:	90 0d       	add	r25, r0
    3aa6:	b4 9f       	mul	r27, r20
    3aa8:	90 0d       	add	r25, r0
    3aaa:	a4 9f       	mul	r26, r20
    3aac:	80 0d       	add	r24, r0
    3aae:	91 1d       	adc	r25, r1
    3ab0:	11 24       	eor	r1, r1
    3ab2:	08 95       	ret

00003ab4 <__mulshisi3>:
    3ab4:	b7 ff       	sbrs	r27, 7
    3ab6:	f4 cf       	rjmp	.-24     	; 0x3aa0 <__muluhisi3>

00003ab8 <__mulohisi3>:
    3ab8:	f3 df       	rcall	.-26     	; 0x3aa0 <__muluhisi3>
    3aba:	82 1b       	sub	r24, r18
    3abc:	93 0b       	sbc	r25, r19
    3abe:	08 95       	ret

00003ac0 <__udivmodsi4>:
    3ac0:	a1 e2       	ldi	r26, 0x21	; 33
    3ac2:	1a 2e       	mov	r1, r26
    3ac4:	aa 1b       	sub	r26, r26
    3ac6:	bb 1b       	sub	r27, r27
    3ac8:	fd 01       	movw	r30, r26
    3aca:	0d c0       	rjmp	.+26     	; 0x3ae6 <__udivmodsi4_ep>

00003acc <__udivmodsi4_loop>:
    3acc:	aa 1f       	adc	r26, r26
    3ace:	bb 1f       	adc	r27, r27
    3ad0:	ee 1f       	adc	r30, r30
    3ad2:	ff 1f       	adc	r31, r31
    3ad4:	a2 17       	cp	r26, r18
    3ad6:	b3 07       	cpc	r27, r19
    3ad8:	e4 07       	cpc	r30, r20
    3ada:	f5 07       	cpc	r31, r21
    3adc:	20 f0       	brcs	.+8      	; 0x3ae6 <__udivmodsi4_ep>
    3ade:	a2 1b       	sub	r26, r18
    3ae0:	b3 0b       	sbc	r27, r19
    3ae2:	e4 0b       	sbc	r30, r20
    3ae4:	f5 0b       	sbc	r31, r21

00003ae6 <__udivmodsi4_ep>:
    3ae6:	66 1f       	adc	r22, r22
    3ae8:	77 1f       	adc	r23, r23
    3aea:	88 1f       	adc	r24, r24
    3aec:	99 1f       	adc	r25, r25
    3aee:	1a 94       	dec	r1
    3af0:	69 f7       	brne	.-38     	; 0x3acc <__udivmodsi4_loop>
    3af2:	60 95       	com	r22
    3af4:	70 95       	com	r23
    3af6:	80 95       	com	r24
    3af8:	90 95       	com	r25
    3afa:	9b 01       	movw	r18, r22
    3afc:	ac 01       	movw	r20, r24
    3afe:	bd 01       	movw	r22, r26
    3b00:	cf 01       	movw	r24, r30
    3b02:	08 95       	ret

00003b04 <_exit>:
    3b04:	f8 94       	cli

00003b06 <__stop_program>:
    3b06:	ff cf       	rjmp	.-2      	; 0x3b06 <__stop_program>
